"order_idx","gene","cluster","K27_WT","K27_cac1","K27_ash1","K36_WT","K36_cac1","K36_set7","RNA_cac-1","RNA_set-7","RNA_ash-1"
1,"NCU16718","K36 lost",4.58948678686143,4.89167528911238,2.88940707111126,-1.23915706565791,-2.3824226749716,-3.60644986793481,1.4976427760005,-0.538840612113112,-0.538840612113112
2,"NCU09634","K36 lost",4.94848423360183,4.88486525764013,1.72964166015117,0.702980950165006,-0.081461056750669,0.602295923495459,-0.642335104994494,1.05041494146067,0.632850004989418
3,"NCU08238","K36 lost",4.99465608911083,4.87567077875136,3.57259530790815,1.05439711007691,0.389151544150689,1.18352092494025,1.5,-0.5,-0.5
4,"NCU08258","K36 lost",4.87383303202433,4.70067461566535,4.01132441249499,0.946544335939182,0.229650202883445,1.00344401815024,1.5,-0.5,-0.5
5,"NCU05096","K36 lost",5.22509388388537,4.50239287491051,3.74485229329882,1.06920993833103,-0.642667701146709,1.2306655945382,0.095411683373115,1.36724098104665,-0.570279286202556
6,"NCU07147","K36 lost",4.89575966994992,4.48130697344818,3.18015035392629,0.633275582493096,-0.0666531229565766,0.618813848557045,-0.485759119244504,1.49899743740433,-0.463498305468305
7,"NCU05098","K36 lost",4.68305140547915,4.39111415760406,3.29594037137301,1.1932613520307,0.025825266095757,0.791612572376548,-0.470800838202146,1.49927845231615,-0.542765915233609
8,"NCU05091","K36 lost",4.88049061702061,4.34078846285183,3.3410405912466,1.2569370039385,0.64386115660596,1.22639134390375,1.5,-0.5,-0.5
9,"NCU08106","K36 lost",4.54582215708664,4.33881395794938,3.35352314115086,0.752393203070957,0.0900929902547663,1.06424105584192,-0.525747845990161,1.4989787563467,-0.525747845990161
10,"NCU07148","K36 lost",4.68560982000105,4.31433719014467,2.85710585149257,0.319186412490552,-0.227127520092291,0.127662471124619,-0.474377290281522,1.49969729192599,-0.523468936221314
11,"NCU08254","K36 lost",4.73404613960157,4.17280698597294,3.36131429144887,1.54803655856514,0.885096889588307,1.70660835669905,1.338606445623,-0.765274687746099,0.191942929869196
12,"NCU05086","K36 lost",4.25092507908494,4.03466652822047,2.93250668021645,0.886422946278143,-0.201594261886774,0.477344279538653,0.553010223390131,1.11169791010246,-0.641722400119764
13,"NCU07149","K36 lost",4.44300045115792,3.9421599865469,2.4207967321997,0.971619553972431,0.0220491152956282,0.623271584767276,0.405631447354415,0.503598717326949,0.586658588372393
14,"NCU05175","K36 lost",3.96291736532968,3.70734578917822,1.71866781154072,0.652807553684607,-0.158034500350215,0.874106437148512,-0.325202032376969,-0.516842634309531,1.48699553168134
15,"NCU08756","K36 lost",4.244670451711,3.67760335039052,2.34228715164298,1.10149896853951,0.32544183828117,0.827628490217871,-0.189323298036358,-0.178078607291595,1.38056197601348
16,"NCU08244","K36 lost",4.34714467375829,3.60664124968635,3.38287444413038,1.61114445022929,0.873363834163197,1.96216530170911,1.4978887185348,-0.424288762040343,-0.536799978247228
17,"NCU07226","K36 lost",3.75269262279201,3.59217816492552,2.38571735328277,0.558714479509534,-0.197387351732599,-0.471031226818119,0.0718270498445523,1.36651343077647,-0.503450225799136
18,"NCU05173","K36 lost",3.85408258074898,3.55784692464328,1.05057059298153,0.91896889392497,-0.0196298069449408,-0.152374174326547,-0.750400579362544,0.936448023056064,0.785229443520238
19,"NCU08243","K36 lost",4.65720838451002,3.55007561813467,3.52055025507279,1.6709938766372,0.851431050766065,1.48410513441905,0.267781189085625,1.30223543659292,-0.785008312839274
20,"NCU07212","K36 lost",3.95487373095359,3.51909946211144,2.67169939925265,1.32542061204118,0.734372791655766,1.57301216221019,1.07203370225409,-0.754463959453398,0.625785904357343
21,"NCU04882","K36 lost",4.01682135843803,3.47704895239228,3.42211467624727,1.2658609396892,0.476381499727384,0.695107668592184,1.25703960446981,-0.655800687058359,0.335396568507079
22,"NCU07235","K36 lost",3.47471829388939,3.40970961428892,2.85356402281604,0.675910269725927,0.292718065213883,0.750325681025388,-0.132146292015245,0.0481499400070956,1.26197589039246
23,"NCU07632","K36 lost",4.41478480520654,3.40713088571143,2.97747334134766,1.18212385479402,0.533690659089669,1.64799319954502,1.49286937340645,-0.566488587422227,-0.566488587422227
24,"NCU05106","K36 lost",4.18414795672006,3.22919341955958,2.414654772155,1.23316645594014,0.256491347408178,0.472912586142425,-0.0601691648377163,1.43313173316129,-0.686481284161789
25,"NCU16720","K36 lost",3.57632095046065,3.18135203434166,0.69628452706129,0.544360866652423,-0.767287667090305,-1.58372465263922,-0.092181700045891,0.193712127950969,1.16348845224865
26,"NCU07646","K36 lost",4.1970078127114,3.1756453932022,3.54645471143435,1.19419586347522,0.58546812406099,1.33279026311997,1.5,-0.5,-0.5
27,"NCU05097","K36 lost",4.53882770004419,3.17398792423709,2.05595419570813,0.347662786401932,-0.82937160308708,-0.822745191648794,-0.139608169277846,1.41050291727702,-0.938271043135587
28,"NCU08206","K36 lost",3.78709185811464,3.1056140600825,3.19091587239081,1.61642435553569,0.964588269706285,1.03490180780227,0.324632074536825,1.26803441787623,-0.892274512707322
29,"NCU07640","K36 lost",4.23323163406696,3.09195386262028,3.00558074597657,1.18525730755592,0.283842772205457,1.06264414842514,0.586640760497852,1.10602567331814,-0.846333216907994
30,"NCU09907","K36 lost",3.78437044495199,3.02373731597588,2.70191370893138,0.888495955489205,-0.0903886651864825,0.731213151695681,0.143839506422051,1.32926379363229,-0.484211307419146
31,"NCU08208","K36 lost",3.86119132526786,2.99935137509633,3.05778418650515,1.3784817312325,0.743070292945103,1.26541267797346,-0.556651527309083,1.49488292429435,-0.556651527309083
32,"NCU09171","K36 lost",4.15365008426875,2.93706079919126,2.78719534048878,1.25148447705116,-0.0156667590891905,1.24660513248898,1.08432218323833,0.559183931701616,-0.538025583878228
33,"NCU09908","K36 lost",3.42562481120271,2.93622833679736,2.69398459143155,0.712248120409227,0.121218631067498,0.785159816904054,1.49845410238351,-0.531579363036877,-0.531579363036877
34,"NCU08083","K36 lost",3.85444361111821,2.89808294317391,2.64903504319099,-0.535484768267171,-1.31908806721727,-0.62998063623833,0.913072137432337,0.817664316762084,-0.86536822709721
35,"NCU05071","K36 lost",3.28858757149024,2.84906037703347,3.42390472424339,1.13977553213381,0.441431765065367,1.01863214370566,0.717418486137486,0.954594368608828,-0.53915055834742
36,"NCU05176","K36 lost",2.49638515711923,2.80249048246805,-0.571889210080583,-1.4083227860399,-1.8587624578661,-2.10484153610593,-0.63890204314822,0.252642798598797,1.30068948376691
37,"NCU12068","K36 lost",3.26380618970758,2.77068868869318,-0.245772135863797,0.722184199246763,0.0713086497631017,-0.156909170947594,0.520405233413654,1.12626992417459,-0.594290734648303
38,"NCU16728","K36 lost",4.21258255785265,2.68296299817562,2.97824419785179,1.05392210109683,0.0694130613433998,1.02621620071972,0.748752354823786,0.975797953947073,-0.870975168112709
39,"NCU09158","K36 lost",2.91894760922425,2.66044762439551,1.53395919953418,0.480286578177914,-0.0228502336979229,0.133468096780316,-0.0818556247338457,-0.268588278368806,1.37099670643023
40,"NCU07638","K36 lost",4.37829706585458,2.65649157833717,3.27419671597831,1.14838643340583,0.0410034390675085,1.01071871877974,0.560036381933098,-0.56569174516181,1.09056296852943
41,"NCU07637","K36 lost",4.33667482153423,2.48314891259642,3.41683657270586,0.956108734861029,-0.568752444421184,0.948650270719023,1.49819914629754,-0.53403854410571,-0.430122058086117
42,"NCU04920","K36 lost",3.45836831083144,2.46848566017307,2.28064136357049,0.905466882768034,0.0284686784124437,0.332210420716663,-0.276475706658816,1.45606281434998,-0.357705863543913
43,"NCU16906","K36 lost",4.1324902557035,2.4595407155286,2.31791694434144,-0.0711387594904715,-1.53329613204512,-1.01783721896169,0.00773716558145618,1.16917617024764,0.0972563621379832
44,"NCU07635","K36 lost",3.5927791283253,2.29618553824891,2.92349918810162,0.627886693417973,-0.0841819884327062,0.465065736103671,-0.5,-0.5,1.5
45,"NCU08084","K36 lost",3.82578870035807,2.23502165386068,2.55473360932321,-0.343811341160783,-1.22941951485933,-0.27492494930088,0.0576801140711516,1.39307110586327,-0.682443411217165
46,"NCU08077","K36 lost",4.05952436802084,2.08437500496954,3.11306344140955,0.840082965578198,0.12156160938513,1.1438396172771,1.49802300037232,-0.450477283169222,-0.477290104333374
47,"NCU16307","K36 lost",3.72585939422923,2.01849692338914,3.04753561349712,1.70009569077791,1.2920917956744,1.8104809540577,-0.778387434832565,1.31525427361995,-0.778387434832565
48,"NCU11364","K36 lost",3.13063566280177,1.98398973716254,1.70126446503216,1.19682608525905,0.472147657708174,0.917081847505007,0.316572023899209,0.35431618496818,0.793537007090167
49,"NCU07648","K36 lost",3.9945847699696,1.97929676661019,3.06966024748006,1.31645709135751,0.526784780574492,1.25277844066673,1.03517437240518,-0.858157249368916,0.67840493528157
50,"NCU04869","K36 lost",4.32644420705518,1.97304476224586,3.38281078638135,1.54202922538654,0.489281615460081,1.83474606214322,1.42639957647219,-0.694243046798539,-0.0379134828751107
51,"NCU08078","K36 lost",3.9488806732163,1.9679179500209,2.91518039123425,0.707133516404843,-0.246573324512527,0.775529899747868,1.49425902754517,-0.474746684491009,-0.404630448355619
52,"NCU11363","K36 lost",3.12803807230426,1.89299176058171,1.58250276321497,1.21988580617975,0.513203385583704,1.10884650017424,0.328617193677325,0.881125564730065,0.226960848002971
53,"NCU04710","K36 lost",3.82292259158914,1.82523028817343,-0.140473792396749,1.19724573331587,-0.282719029995856,1.06511656990273,-0.220209011950442,-0.452566561683503,1.45896918966991
54,"NCU04937","K36 lost",2.38161056225561,1.7554169183494,2.12361854480283,0.922489544144926,0.420488236593235,1.00728051078415,-0.604157113119285,-0.278095806889431,1.48239294785123
55,"NCU16926","K36 lost",3.75356333057436,1.73399632063685,2.62848091883535,0.93805404688284,0.331423752257575,1.18277815692262,-0.038903193377733,1.20974896049422,0.0663263354443009
56,"NCU05056","K36 lost",3.25082259119555,1.52397022345891,2.54716046039155,0.762857880449089,-0.144202642695632,0.901177756324737,1.41734961095296,-0.260024850729105,-0.222427305321972
57,"NCU07050","K36 lost",3.26246168414173,1.48953926795155,-0.328654718841284,1.12248099487907,0.575109088691092,1.09949180185494,0.790025620239469,0.0722103581380844,0.568611909918594
58,"NCU16305","K36 lost",3.75188573911021,1.45100636798829,3.0927397069942,-0.0469162453099988,-1.55996019157678,-0.484429590333201,1.48793598360852,-0.585479137530492,-0.585479137530492
59,"NCU04867","K36 lost",4.20112075193646,1.31788384553062,3.70036675335468,1.31357403640398,0.156370755384133,1.62968130507908,1.4687235237816,-0.6332185205963,-0.202286482588999
60,"NCU07091","K36 lost",3.59737699916183,1.26442581096468,-0.0177648282930114,1.3680580819643,0.350676975501065,1.31826299708693,1.20566616728092,-0.729183940036781,0.433004824252713
61,"NCU10344","K36 lost",3.43064476781788,1.24425555297185,0.171586280530016,1.20421603697039,0.566163583321324,1.38930008275933,0.758071190210357,-0.310736630084018,0.831964453297326
62,"NCU08080","K36 lost",3.45335660915101,1.11258074077889,2.87036855946262,0.313824302201543,-1.16827052765951,0.021632154599071,-0.5,-0.5,-0.5
63,"NCU07625","K36 lost",4.05779067549351,1.08656855747849,3.3812794334936,1.16332075611406,0.140034493506137,1.16838887452568,1.39586253512944,-0.724160188703312,0.0524578422771841
64,"NCU10539","K36 lost",3.07217405710408,1.0011347875216,0.552444555340633,1.04728202817073,-0.0112826133316222,0.928994917153058,0.902950682872136,-0.47096094366101,0.750847487362425
65,"NCU04852","K36 lost",3.69878746226473,0.938333482244626,3.59160015880536,1.4552673661822,0.491160359478914,1.29865146404653,1.47866445119265,-0.267442510278292,-0.540431796639858
66,"NCU06902","K36 lost",4.23243699313379,0.910379473587025,-0.588619181570575,1.47035029966577,0.527789039805271,1.90109989789496,0.0204622034664833,-0.7138617199784,1.40726123649032
67,"NCU07086","K36 lost",3.67737397297824,0.605444277787166,-0.374539105362646,1.38330691455951,0.489140185597882,1.53044097138657,1.18783564963997,-0.600920027091925,0.433077327755311
68,"NCU12045","K36 lost",4.0070029113539,0.435835392061459,-1.00388848079664,1.47346083815464,0.304464679790075,1.53474608259067,1.17228149215251,-0.81264753214656,0.491261182008725
69,"NCU07090","K36 lost",3.43067543697111,0.273598631076975,-0.225094658154699,1.17291124926666,-0.242416605364099,0.980909416381117,1.42712240844706,-0.0597530357281132,-0.572101297576393
70,"NCU07087","K36 lost",3.1793381821275,-0.0778593179646529,0.306598636140613,1.1914959876208,0.303689440100983,1.49052158386136,1.0710396986453,-0.518194116556605,0.56960608041171
71,"NCU07089","K36 lost",3.24281364449899,-0.270513486555992,0.0681343324918321,0.941065158346562,-1.0462325371444,0.303572271007254,1.1609672650841,0.507768566067264,-0.802852398501347
72,"NCU04860","K36 lost",3.568629970932,-0.542526681421069,3.47524305124325,1.36161998335061,-0.580482630494388,1.53732665050312,1.49913449030068,-0.490475703119529,-0.463506053688962
73,"NCU06904","K36 lost",3.07805229622805,-0.714215854254713,-0.73600578198742,1.49720700814307,0.460088890782167,1.47148999431389,0.192977295312766,-0.765556391850909,1.33813548838905
74,"NCU06889","K36 lost",2.91261109126541,-0.831734781135794,-0.60200786918075,1.41963786058136,0.638656629886772,1.40892156501335,-0.246306127880974,-0.615406745269585,1.47711961842014
75,"NCU08241","K27 lost only",4.48587236109236,3.83420122864253,3.31914875189109,1.35758852499186,0.879303034250802,1.63987085391966,1.4996642222973,-0.5148489145497,-0.5148489145497
76,"NCU07641","K27 lost only",4.38863053290654,3.78119306442627,3.01185644221604,0.80519796945538,0.086421946731394,0.0393126107495305,0.218042310304248,1.23330614814526,-0.290813721738497
77,"NCU04702","K27 lost only",3.92145052951373,3.6173069088725,-0.742839381017034,1.22083318312778,1.22910466540104,1.52094063748803,-0.338188096342022,-0.509628360602172,1.4884530544963
78,"NCU04889","K27 lost only",4.20766310785996,3.58963001775392,3.4010681195572,1.12436793794142,0.851657918249673,0.99027087329732,0.491610686221786,1.17223320477795,-0.831921945499867
79,"NCU08523","K27 lost only",3.99080073871939,3.58516078844858,2.39689329009477,0.65408950936394,0.228353255244488,0.50681771027457,0.187076857666678,1.34020351885788,-0.727834440762471
80,"NCU04709","K27 lost only",4.1983368781063,3.53224515197745,-0.845540155392508,1.48990884152172,1.51797728114993,1.80061373709375,-0.5,-0.5,1.5
81,"NCU07634","K27 lost only",4.38632818844998,3.52332875091235,3.37616865514141,0.913594289216788,0.356133470542002,0.451818491863235,-0.5,-0.5,1.5
82,"NCU04689","K27 lost only",3.53170920539933,3.47261818135069,0.0842865310669107,0.98477427023888,1.06200943125597,0.578448981380503,0.0513659882728193,-0.349265132754596,1.33869817008608
83,"NCU12078","K27 lost only",4.19963560778399,3.47107560333554,-0.705539056944759,1.502731252777,1.44812329051892,1.8409100036085,-0.0112235860979788,-0.603550103665957,1.41342209718339
84,"NCU04705","K27 lost only",4.03710361646799,3.42840955170244,-0.606129734280714,1.09581541143527,0.806456688537269,1.35978828668359,-0.498983206355853,-0.13432501182797,1.44191694535788
85,"NCU04707","K27 lost only",4.3697608380419,3.38972063423178,-0.595380356019375,1.51216461776835,0.976476868552522,1.41853116018302,-0.264209834336119,-0.564941920317529,1.47930294892438
86,"NCU07092","K27 lost only",4.34950767034959,3.33025439994956,1.39693473413029,1.47460292718357,1.22449612096027,1.72182787179001,1.44457238020792,-0.671968425002725,-0.100635530202471
87,"NCU16702","K27 lost only",4.2237393477002,3.30819138317711,3.28730792097467,1.16218769976119,0.690384674544078,0.999271133864194,-0.5,-0.5,-0.5
88,"NCU07642","K27 lost only",4.24429043511194,3.30461401254703,3.16813059852787,1.19706404344223,0.959598256564537,1.53372158125177,1.5,-0.5,-0.5
89,"NCU04701","K27 lost only",3.78540128872778,3.26214163254428,-0.286804899460285,1.17123414886367,0.786442490912242,1.22603472921021,-0.274101974619628,0.641587843906919,0.922084858007085
90,"NCU04706","K27 lost only",4.01450525801497,3.2504018697661,-0.762842194635,1.44476368172717,1.16969604798483,1.38266696448895,-0.447506197071023,-0.503220843825209,1.49873198605013
91,"NCU08086","K27 lost only",4.38605126050234,3.24502788166245,2.91247173241296,1.21562223280085,0.778792160289132,1.4257537402202,-0.440154440536955,1.49859160006471,-0.542308162578329
92,"NCU09585","K27 lost only",4.12173872707198,3.23706240833215,2.76483323686582,1.41639380835585,1.05385720532949,1.59668116508209,-0.528192197808977,-0.528192197808977,1.49877243887483
93,"NCU07107","K27 lost only",3.73546023994541,3.16001230143026,-0.225882345214355,0.997378720266352,0.619597559524049,0.443528844306845,0.430864286800102,1.21003188621014,-0.864655978420049
94,"NCU07103","K27 lost only",4.07470528790011,3.11658590112001,0.672887352216216,1.48972057402796,1.62239979435638,1.62245887930315,-0.5,-0.5,1.5
95,"NCU12076","K27 lost only",3.77323007903113,3.08685275496155,-0.226901403419045,0.653758097336379,0.572049393844971,0.333861435149293,-0.440161245454666,-0.0830259789222185,1.41539219273624
96,"NCU04704","K27 lost only",3.78177273380982,3.08200094167231,-0.777212253246361,1.18270655980439,1.01945139571804,1.64674754718332,-0.513095094728256,-0.513095094728256,1.49973933027195
97,"NCU09837","K27 lost only",3.86996456385547,3.04642548641683,2.95354128809937,1.55973245917471,1.40966679711119,2.0842036535767,0.416190880288108,-0.831081720735722,1.21987347195892
98,"NCU04708","K27 lost only",3.82675408413597,3.0376051218526,-0.527639517972741,1.45555460938745,1.04133899580493,1.50464191342566,-0.471195129847098,-0.51719223824859,1.49968673315316
99,"NCU09578","K27 lost only",3.76040309660185,3.00801422361347,3.09514570598397,1.09542539000273,0.643611720130043,1.25961610057421,0.242422239245402,1.31481477645526,-0.77861850785033
100,"NCU04896","K27 lost only",3.63582325945381,2.9402688388513,2.7265128850177,0.770659819085807,0.137824538166949,0.695696863156329,0.864422702506111,0.862476408725734,-0.957835904196963
101,"NCU04694","K27 lost only",3.16692997444635,2.90558936436661,-0.870431123500406,0.719876754495198,0.70200564908543,0.192919267303882,-0.626190756875697,1.3463292214031,0.157609751061697
102,"NCU12069","K27 lost only",3.84950550072644,2.87870176388358,-0.329788483889387,1.42427036207687,0.963879640376233,1.39410761029514,0.0577546795107424,-0.725834007176,1.39391333484126
103,"NCU08207","K27 lost only",3.52680039340548,2.81932351719578,2.40445500736455,1.31252586688938,0.643402140795583,0.76479425697034,0.00151594155019516,1.41370752630636,-0.707611733928278
104,"NCU09453","K27 lost only",3.98590736244521,2.80688646923951,0.541184003301269,1.55729084328537,1.38742089460827,1.90325859417091,-0.329837542036405,-0.579853994132459,1.48954553030132
105,"NCU07116","K27 lost only",3.51885673166769,2.79716669464793,0.032927038391436,0.908640065839247,0.495867695368402,0.766114099377928,-0.0477864614407567,0.408269929131651,0.995780790137529
106,"NCU07106","K27 lost only",3.99819533450132,2.79118672409292,0.732656887289027,1.47595103482035,1.54800550337215,1.56961802589417,-0.5,-0.5,1.5
107,"NCU08087","K27 lost only",3.69739006324667,2.79043758901722,2.42448245023805,0.670090840083966,0.586416469480558,1.28238085755031,0.253280085897739,-0.671385129808208,1.30396925205126
108,"NCU08085","K27 lost only",4.15462528670861,2.72377364777171,2.71623110183411,0.633819540652154,-0.0504162676391009,0.635211149368069,-0.663271151616173,1.43815063932891,-0.0779441802430624
109,"NCU12077","K27 lost only",4.00167854927874,2.6956192066689,-0.562308414310676,1.37091761217889,0.878148828347793,1.51168228396578,-0.5,-0.5,1.5
110,"NCU04703","K27 lost only",3.50835361070127,2.68513249475907,-1.01615667063235,1.41153245648919,1.20853605285888,1.81075512910159,-0.325011278990717,-0.513073084176912,1.48673384562568
111,"NCU08075","K27 lost only",3.87253501175011,2.57784075893441,3.39135161472834,0.732356300257115,0.180295020854559,0.85306452225229,1.40833680092637,-0.0570127280631243,-0.451721610151083
112,"NCU08539","K27 lost only",3.21582979053935,2.48306577579597,3.00025520625558,1.20921695546287,0.590586177147834,0.908609187604533,1.27479657018411,0.209472661913153,-0.403396271686381
113,"NCU07105","K27 lost only",3.76558320976843,2.42647237139156,0.396673664341653,1.40419407611195,1.24065095100647,1.51033552040727,-0.151622195218972,-0.652944356140988,1.45751090750095
114,"NCU07647","K27 lost only",4.17142466892994,2.40793389774469,3.22874880033798,1.32238477802687,0.792968563685757,1.59901237619733,1.5,-0.5,-0.5
115,"NCU04875","K27 lost only",3.82596521356533,2.40663256713959,3.02365539913062,0.942148279294358,0.583113107794222,1.35218475207543,1.5,-0.5,-0.5
116,"NCU07104","K27 lost only",3.64409616098473,2.3717495157139,0.400326169982846,1.48838233689696,1.2398268766501,1.410339739464,1.36760080111873,-0.746333244156415,0.1250656871941
117,"NCU08915","K27 lost only",3.72902031384733,2.27403859315535,2.42208879063283,1.21974149599177,1.00684707628963,1.4219840670668,0.790649846287899,-0.773610768408984,0.933885372571275
118,"NCU08570","K27 lost only",2.44936356740592,2.26652240777661,0.849289873389426,1.1633669671947,1.14799350175975,0.836795040702306,-1.01273794687632,0.714725596254008,0.991361056716366
119,"NCU07623","K27 lost only",3.96687595018493,2.26618381152531,2.94131651000243,1.28300101983269,0.800400394781874,1.41563110779707,0.691271623856517,1.00992715679485,-0.684539108538901
120,"NCU10502","K27 lost only",3.6934655967755,2.25181158066255,3.04177686899108,1.37622133530329,1.20826837969107,1.75388040535904,1.0530111891311,-0.683983306858443,0.638663889759389
121,"NCU10644","K27 lost only",4.07230858190818,2.22236937349713,3.45205135113419,1.16023042835848,0.63581141234997,1.37278071122542,0.926279211562751,-0.579682492816319,0.761022352969728
122,"NCU04876","K27 lost only",3.83620073231533,2.09241239591665,3.24963914612454,1.37936091435444,0.795675658874543,1.53207867225515,1.5,-0.5,-0.5
123,"NCU04877","K27 lost only",3.97284712511635,2.07623241080894,3.55384896257349,1.49798425206694,0.847936885500661,1.3358152910593,1.35325273382884,-0.756118682878393,0.158984631927948
124,"NCU07109","K27 lost only",2.99039936222463,2.02729335631647,1.67571882472557,0.620615603442969,0.434209582186841,0.415477533870747,1.18751923518186,0.450106964655173,-0.970951197128998
125,"NCU04697","K27 lost only",2.76939321856733,2.01487652818438,-0.22991152605617,1.25745013497668,1.12723313878013,1.22273497431402,-0.119969466565593,-0.502723991687969,1.43806815516726
126,"NCU07115","K27 lost only",2.99516954130918,1.98285250518932,-0.607226856914753,0.791880764301737,0.454830994531701,0.650068811771681,0.303274722719196,1.2820340042694,-0.730158865562553
127,"NCU09276","K27 lost only",3.30886465364676,1.84589095014612,1.54486000702449,1.05543294843962,0.881982658452272,1.55466315411079,0.149056989301127,1.28209470706766,-1.10922390612445
128,"NCU09836","K27 lost only",3.49823905831506,1.82656314221835,1.52127485854598,0.695523244513065,0.169750112712914,0.392323476779296,-0.237466118440904,-0.367982989525854,1.44834972192518
129,"NCU08917","K27 lost only",3.78131894914553,1.81214403758332,2.55664454716498,0.996460932299829,0.438926860469773,1.24301617147785,1.21714445639243,0.248663928399791,-0.295623668863223
130,"NCU09835","K27 lost only",3.99896066572262,1.80565505754522,2.55087718530767,1.39825941608929,1.10229363361866,1.70575061129688,1.49933625835099,-0.520811977263286,-0.520811977263286
131,"NCU08916","K27 lost only",3.86701327645994,1.69778253495302,2.78824113436984,1.25705401606922,0.702669024627723,1.59990070237089,1.11060135650765,0.0372969891054463,0.169804232428149
132,"NCU06899","K27 lost only",4.21006079859115,1.66739562708075,-0.602494955849139,1.211105332695,0.740287978514191,1.69149317760071,1.03645926616138,-0.747525690134165,0.669540652523558
133,"NCU07051","K27 lost only",3.50376460674789,1.66291593078525,-0.0536319304986834,1.40882577791546,1.31835254095936,1.28292550538364,0.526174948678075,-0.506222214651387,1.10058203689424
134,"NCU08558","K27 lost only",2.38568336231263,1.60273853547587,3.17194376743616,1.23201304046206,0.91513288265799,1.49959882182582,-0.00669551835412237,1.35846836574665,-1.02292673390946
135,"NCU11087","K27 lost only",3.06573553365306,1.56712131396204,2.82996770273112,1.18272751498673,0.998682324159153,1.2485005796051,1.31660310368838,-0.629370762446287,-0.906778920326387
136,"NCU07084","K27 lost only",3.97908468662503,1.5541016531843,-0.473441956490069,1.37742786482509,1.01044255735308,1.4130400619604,1.32720723941751,0.216567114827873,-0.771887177122693
137,"NCU07094","K27 lost only",3.03045243756627,1.41567827559915,-0.226005991590473,1.15593471252758,1.0374333351227,1.33449236466428,0.624861043410982,-0.731929268203907,1.07041572310483
138,"NCU09726","K27 lost only",3.41481931091746,1.39858575238883,2.72988866251026,1.0750895676333,0.694882151705977,1.20551392308887,-0.330442184350214,-0.579588136304314,1.48961845695884
139,"NCU07085","K27 lost only",3.73179254673228,1.36149995957805,-0.585848825853112,1.20504187610165,0.930052149401026,1.23657743350223,1.32308776958936,-0.625237969166541,0.205610519712534
140,"NCU03473","K27 lost only",2.6783777627438,1.30404415209766,-0.800550459935211,1.23758060370596,1.35190155207801,1.82116194868108,-0.452025322952873,-0.526435026925773,1.49914278048811
141,"NCU08096","K27 lost only",3.2024948134396,1.28679140807149,2.68367185443891,1.37820741214238,0.929176985573922,1.33350187780116,-0.903944903539532,0.358352562740445,1.24891899847318
142,"NCU08800","K27 lost only",2.18662272988812,1.28353577773543,-0.477077186906845,1.39731470612376,1.30500523026779,1.8239493169184,0.398045449735132,-0.814437690112976,1.23082993049082
143,"NCU08918","K27 lost only",2.74043981239511,1.26466917604124,1.8818749018152,0.150659014592958,-0.358193916531801,-0.603973188135204,0.281474821057169,1.24295684304347,-1.08923590955774
144,"NCU12051","K27 lost only",2.94076691290605,1.19840237541387,0.278847889497923,0.983891194328343,0.790853525125638,1.36801500140027,0.395650923762724,0.0878025698420633,0.924225099333521
145,"NCU09455","K27 lost only",2.87488017775476,1.19399087305239,-0.816773660107703,1.6030986326249,1.36620309511815,1.71822025780214,-0.344327448657367,-0.520674755436532,1.48990878137611
146,"NCU05463","K27 lost only",3.2652052192054,1.18265610155087,1.24262851439351,1.23207619027065,1.23113260872515,1.55810874863948,0.354653781799425,-0.614113505656529,1.23955543900668
147,"NCU07636","K27 lost only",2.78796450306137,1.13030142894042,2.3113623196855,-0.610398543522839,-1.04942502081891,-0.84940041889165,1.49718357932237,-0.542372289472278,-0.542372289472278
148,"NCU08089","K27 lost only",2.03946094090944,1.12650689377222,2.28217346970944,0.987897162537302,1.14152850262396,1.19668709683826,-0.507800324049457,1.48928519503505,-0.344947780656116
149,"NCU08546","K27 lost only",2.50219253221665,1.11899786588739,2.89499732755555,1.06400463720855,1.07679159180566,1.40210358960313,1.49166175406535,-0.592584997306529,-0.350496152147589
150,"NCU03474","K27 lost only",2.80593984917147,1.08378417114514,-0.578925334724585,1.24901740707945,1.16665923034806,1.7017270934241,-0.21946453180133,-0.552924118864143,1.4696651657851
151,"NCU04934","K27 lost only",2.07698063430261,1.05702622948947,2.9671950876464,0.965884016714994,0.750791236257137,0.905585791827391,0.853379695419471,0.781990417959269,-1.21956587098601
152,"NCU07653","K27 lost only",2.7127436265067,0.951698542436954,2.68349644667641,1.08052638067687,0.562308919995998,0.916167563442857,0.565534612857552,-0.624000237134761,1.09906578767842
153,"NCU09275","K27 lost only",3.00385385733022,0.88861804025954,0.922632195412517,0.897707733826734,0.495586031626205,1.17609807378932,1.5,-0.5,-0.5
154,"NCU04870","K27 lost only",3.68954540288425,0.84416747879345,3.39398450563135,1.58719986840781,1.26364437229783,1.69702108552777,1.46508068249564,-0.604565463428752,-0.187568535732819
155,"NCU05055","K27 lost only",3.28975576635474,0.773302710297896,2.68488815313253,1.11319369949518,0.54079496764021,1.07840576801862,1.499669276083,-0.514737597090664,-0.514737597090664
156,"NCU03475","K27 lost only",2.84609049354952,0.772682837975955,-0.25767772799846,1.38777772068201,1.0303678331963,1.47332675550329,0.266223614387533,-0.785633529374793,1.30301977450022
157,"NCU08547","K27 lost only",2.18442559558006,0.762177564158378,2.63118495067503,1.13840111880007,1.04485531289844,1.4601238366916,0.215599171223092,0.28372839890211,0.922588572981688
158,"NCU07054","K27 lost only",3.14644336944132,0.602631252620474,-0.366935568640284,1.17012442499117,1.10747538552422,1.37013341081864,0.0123891902326376,-0.510334272259913,1.39252638455682
159,"NCU04853","K27 lost only",3.29575853359097,0.563844431276397,3.14230585075344,0.998381797511825,0.778957041288599,1.34699115660955,1.4122756540716,0.00130942992881756,-0.763203389607949
160,"NCU06898","K27 lost only",3.91568072969975,0.426438751930211,-0.57977262081519,1.47495459652,0.780786058811217,1.75891297317874,0.960048934271522,-0.863320205064738,0.766591475857953
161,"NCU17161","K27 lost only",2.60571894540508,0.338806140812172,0.0266099612321632,1.34550017904467,1.24853467109823,1.88041497913668,-0.266575312490226,-0.60699237709736,1.48056006668495
162,"NCU06897","K27 lost only",4.11899394521773,0.326975739418611,-0.462981831136029,1.70145794344428,1.15983399150555,1.91066572728596,0.970299987107049,-0.862675170270014,0.755050353432978
163,"NCU06901","K27 lost only",3.88255588939061,0.241161111259635,-0.723194333629066,1.54508481859395,1.02105220431792,1.75868618455911,0.562563017324903,-0.843014518165662,1.12346601900642
164,"NCU09834","K27 lost only",3.4866246399425,0.213766804636599,2.9293022579823,1.50580586470777,1.36866433165894,2.15083292368746,-0.148928174000149,-0.653970236964413,1.45686864792897
165,"NCU09452","K27 lost only",2.62390883755986,0.177554825994657,0.416871408036683,1.34660184092317,1.21707006336447,1.51700767602734,0.0512204006570269,-0.723767879950479,1.39631535924393
166,"gh81-1","K27 lost only",2.79797728800403,0.165919469107369,-0.0680861266573035,0.944332645841681,0.602713442606751,0.922939195369321,-0.181745296478313,1.45193301869031,-0.796603507282042
167,"NCU05466","K27 lost only",2.87676551872839,0.120477183281377,0.690030154483233,1.16203014870907,0.971295132788573,1.6585539212168,-0.829377044757995,0.951182084863832,0.775747981998266
168,"NCU17170","K27 lost only",3.65892663273688,0.0444375632522797,-0.608251744224706,1.18204842105664,0.820508472802621,1.62262911829333,-0.5,-0.5,1.5
169,"NCU04871","K27 lost only",2.65976507987223,0.0222516074867979,3.39116676091866,1.18687886226713,0.837197599837411,1.3313458210909,0.526962685052987,0.15045479178114,-1.4500652215564
170,"NCU05769","K27 lost only",2.57523931248486,-0.109629950735537,0.777455347887008,1.38200708061514,0.808039207506759,1.8613844683817,0.896373382052001,-0.865754727975112,0.835136073898223
171,"NCU06896","K27 lost only",3.99185910986605,-0.11228634605822,-0.416793367990561,1.57341109453912,1.14732629400484,2.13504880991953,1.39742868414673,-0.722797703228837,0.0481667223109461
172,"NCU06888","K27 lost only",3.69070844496218,-0.13278283472418,-0.506018611788132,1.54458702130967,1.09054419355706,1.75699595728331,-0.0978662119316862,-0.672978100142513,1.44382241221671
173,"NCU06886","K27 lost only",3.28535273663847,-0.142890034654571,-0.804222086437538,1.07487042433342,0.789074727325727,1.24822169578569,0.418317750967926,-0.765179994650772,1.217306863241
174,"NCU06887","K27 lost only",3.74089686811456,-0.258948589150943,-0.715525888696367,1.53812127785653,1.16235182968589,1.58389949931939,-0.0707354439997605,-0.682741637618511,1.43621871923678
175,"NCU08833","K27 lost only",3.5239066439603,-0.279350627104502,-0.799207646680699,1.08027190798507,0.661777652532493,1.50419435844498,-0.497983775307487,-0.409550024011852,1.49599339589475
176,"NCU08835","K27 lost only",3.26726691833649,-0.396066543628735,-0.899503711864204,1.17290756161353,0.774116289021733,1.20151357990566,0.201306385195905,-0.737254768569649,1.33388009998277
177,"NCU06885","K27 lost only",3.23401820708265,-0.408461467732726,-0.801097769301078,1.17448263410074,1.0383107521489,1.51027142957499,-0.431284582001418,-0.386121725977552,1.48824636430903
178,"NCU06903","K27 lost only",3.40825318191153,-0.410625465778007,-0.472331734702433,1.21231798942537,0.681637513820573,1.53565138802159,1.21079676120246,-0.780777590859269,0.429932006463758
179,"NCU17172","K27 lost only",3.22782721941396,-0.73528860030288,-0.971271390830068,1.43087040417523,1.17835938916162,1.80578032872351,1.1869063783716,-0.828007020085532,0.469107661799459
180,"NCU08836","K27 lost only",2.6203273468537,-0.753008252691277,-0.795006153815834,1.16588730729458,0.820303009552706,1.31760265243197,-0.49686343424146,-0.486964908292555,1.49989056038006
181,"NCU05467","K27 lost only",2.39743929425291,-0.757687219197988,-0.939498210696284,1.40676428997788,0.956384281181345,1.47666212260262,-0.461839598767486,-0.442795068962663,1.49669628110669
182,"NCU05469","K27 lost only",2.32763188440313,-0.759304276185519,-0.499560297926879,1.28607582506446,1.28114781164261,1.81020490750778,-0.394535905812523,-0.535414309739161,1.49581681100891
183,"NCU08834","K27 lost only",3.35960670922706,-0.834184417650676,-0.622392125932881,1.34304777955291,0.778784458751516,1.65964391482487,-0.142603002915446,-0.66406651900394,1.45531436701217
184,"NCU08829","K27 lost only",2.44933890999104,-0.874842988339293,-0.646343487410274,1.37683571734263,0.986742178113458,1.59574135066149,0.333482483500088,-0.870376094942791,1.26521847254048
185,"NCU16876","K27 lost only",2.80015098194778,-1.00260466980577,-0.806656291383637,1.09836533737216,0.572007121001887,1.23445820547867,0.37703250833522,-0.692095639803826,1.23670201673303
186,"NCU08830","K27 lost only",2.84857127327642,-1.00790897932644,-0.815206087782141,1.07276728329861,0.563795745260424,1.2345441339563,-0.257813090122699,-0.422985180797254,1.46353599367083
187,"NCU08832","K27 lost only",2.74389110615122,-1.11894040223847,-0.660428611575112,1.36587543457359,0.99629667502587,1.52144064440702,-0.403477771509385,-0.543596834548639,1.4965800720877
