"order_idx","gene","cluster","K27_cac1","K27_cac2","K27_ash1","K36_cac1","K36_cac2","K36_set7","RNA_cac1","RNA_cac2","RNA_set7"
1,"NCU09634","K36 lost",4.88486525764013,4.99552086146637,1.72964166015117,-0.081461056750669,-0.0116052800023286,0.602295923495459,2.15583087842694,1.8728489057453,4.34901424010046
2,"NCU08238","K36 lost",4.87567077875136,4.60104087441092,3.57259530790815,0.389151544150689,0.102873855688644,1.18352092494025,3.91401263762299,0.756090080918981,2.46106571035576
3,"NCU14123","K36 lost",4.6119566905694,4.69189215896079,3.72384130638885,0.480140283695753,0.570240637836429,1.38617341208378,0,0,0
4,"NCU08258","K36 lost",4.70067461566535,4.51393885328052,4.01132441249499,0.229650202883445,-0.0148082450283966,1.00344401815024,3.10361513347088,0.755327569722611,2.46087820462356
5,"NCU05096","K36 lost",4.50239287491051,4.60678794293491,3.74485229329882,-0.642667701146709,-0.413151670805965,1.2306655945382,3.42921726277479,2.95868025432486,4.31956109415391
6,"NCU09640","K36 lost",4.64539448308484,4.27952521976031,2.30746146762195,0.417030040556681,0.184898611304132,-0.142768600677257,-1.57522457645263,-0.998304544062321,0.59630192610404
7,"NCU05091","K36 lost",4.34078846285183,4.50081409697711,3.3410405912466,0.64386115660596,0.506610518793936,1.22639134390375,4.32133310614744,1.98191767162103,2.46125735020711
8,"NCU16718","K36 lost",4.89167528911238,3.90962233436111,2.88940707111126,-2.3824226749716,-1.81800901776529,-3.60644986793481,4.49352153899858,0.183607866905089,1.88858261456185
9,"NCU05098","K36 lost",4.39111415760406,4.38570404656115,3.29594037137301,0.025825266095757,-0.167105000627859,0.791612572376548,1.56651399787943,1.01675728440317,4.58369834522999
10,"NCU07147","K36 lost",4.48130697344818,4.25183399419211,3.18015035392629,-0.0666531229565766,-0.342123056772442,0.618813848557045,2.77913031860316,1.30837175534142,9.55338561241292
11,"NCU08106","K36 lost",4.33881395794938,4.26745966007672,3.35352314115086,0.0900929902547663,-0.189369676497305,1.06424105584192,2.09164169514532,2.17621663468364,3.37692315510646
12,"NCU07148","K36 lost",4.31433719014467,4.08750282376961,2.85710585149257,-0.227127520092291,-0.536103711748237,0.127662471124619,2.58907440178977,1.17894572248344,9.36317184277467
13,"NCU08254","K36 lost",4.17280698597294,4.09588089838483,3.36131429144887,0.885096889588307,0.528449946803258,1.70660835669905,5.39768493770702,3.49062853289568,2.46148923478229
14,"NCU05086","K36 lost",4.03466652822047,3.83987295598975,2.93250668021645,-0.201594261886774,-0.210834344811452,0.477344279538653,4.31310415225513,2.96553469713279,3.8155893900261
15,"NCU07149","K36 lost",3.9421599865469,3.89797610509844,2.4207967321997,0.0220491152956282,-0.17569601231083,0.623271584767276,7.23901301417074,4.22310361827891,6.50703570807697
16,"NCU08756","K36 lost",3.67760335039052,3.93115165341762,2.34228715164298,0.32544183828117,0.515191730677618,0.827628490217871,5.43086248417242,4.95038325497456,4.85975254760885
17,"NCU07212","K36 lost",3.51909946211144,3.70499823425788,2.67169939925265,0.734372791655766,0.456187350082727,1.57301216221019,7.23123314222526,5.62932913536943,2.70550970418622
18,"NCU09170","K36 lost",3.84332249239217,3.33599255282224,2.25630371415961,-1.25308833120722,-1.30551743591673,-0.973345839300139,1.44510468556602,-1.17619847247401,1.00067550877272
19,"NCU08244","K36 lost",3.60664124968635,3.56521642941157,3.38287444413038,0.873363834163197,0.565389879729519,1.96216530170911,5.8002441134476,2.33438090699739,2.87075042759197
20,"NCU07226","K36 lost",3.59217816492552,3.46544886481437,2.38571735328277,-0.197387351732599,-0.125992338601015,-0.471031226818119,4.1949739656327,0.841101550054,4.65659667358232
21,"NCU17143","K36 lost",3.49584530673047,3.4965435732299,3.38213333755589,-0.28876453931528,-0.276550955718202,0.274252865298344,2.43165429264021,1.50265170768878,2.46085847574308
22,"NCU10039","K36 lost",3.5629477760865,3.40730781580571,1.51198058117587,-0.48065612113575,-0.456197531682784,-0.643187158584311,0.798957673161839,-0.279371433176895,3.31141299812711
23,"NCU08243","K36 lost",3.55007561813467,3.40471380668063,3.52055025507279,0.851431050766065,0.445015151828749,1.48410513441905,5.74168183524701,1.49543232394367,5.25265712901124
24,"NCU07632","K36 lost",3.40713088571143,3.54144718754502,2.97747334134766,0.533690659089669,0.270628061357042,1.64799319954502,3.1144749603505,1.37892944222054,1.86567197245915
25,"NCU05173","K36 lost",3.55784692464328,3.37874817162675,1.05057059298153,-0.0196298069449408,-0.287401620414153,-0.152374174326547,4.87267476256993,5.54899623406584,8.86978654872487
26,"NCU05175","K36 lost",3.70734578917822,3.18501683191694,1.71866781154072,-0.158034500350215,-0.183536534413047,0.874106437148512,4.16382856150828,7.93986242129619,2.68049886416726
27,"NCU04882","K36 lost",3.47704895239228,3.3418635784951,3.42211467624727,0.476381499727384,0.277982620877354,0.695107668592184,5.18354368275441,2.9440188621781,2.40213565330014
28,"NCU07235","K36 lost",3.40970961428892,3.40121121671357,2.85356402281604,0.292718065213883,-0.12904674963458,0.750325681025388,6.86083655414315,3.2753049988134,6.36507028731355
29,"NCU07646","K36 lost",3.1756453932022,3.32762656177791,3.54645471143435,0.58546812406099,0.344870863506681,1.33279026311997,5.42195352836192,3.98725938433735,2.4613662950071
30,"NCU05097","K36 lost",3.17398792423709,3.22009725354712,2.05595419570813,-0.82937160308708,-0.88493788589125,-0.822745191648794,1.01760856651192,1.0529828898509,3.37643052728034
31,"NCU05106","K36 lost",3.22919341955958,3.11641891872419,2.414654772155,0.256491347408178,0.28333436128019,0.472912586142425,6.4713079701425,6.02485283632788,8.54505079800965
32,"NCU07640","K36 lost",3.09195386262028,3.18903269519845,3.00558074597657,0.283842772205457,0.0276708606238948,1.06264414842514,5.46129985816107,5.35047099511823,5.17920484756229
33,"NCU05071","K36 lost",2.84906037703347,3.19056413427602,3.42390472424339,0.441431765065367,0.334567651720593,1.01863214370566,4.01582084477701,3.87494498868695,3.2755516872269
34,"NCU08208","K36 lost",2.99935137509633,2.97740594759202,3.05778418650515,0.743070292945103,0.573561851667799,1.26541267797346,1.83385816203718,2.51007293024524,2.90287644933522
35,"NCU09171","K36 lost",2.93706079919126,2.99629321284766,2.78719534048878,-0.0156667590891905,-0.463600988718387,1.24660513248898,6.90280945951707,5.36577480981035,5.35159773912199
36,"NCU09907","K36 lost",3.02373731597588,2.88316887167482,2.70191370893138,-0.0903886651864825,-0.446434163919529,0.731213151695681,4.89024768330092,5.53109216855542,5.00569104769716
37,"NCU08081","K36 lost",2.91817216781274,2.96309429796803,3.2337892414041,-0.863631035508208,-1.15670406518878,-0.544302532777665,2.43065621194252,2.3298594663291,2.46086820553207
38,"NCU08206","K36 lost",3.1056140600825,2.72501742382891,3.19091587239081,0.964588269706285,0.817554197695688,1.03490180780227,2.94431100288132,1.58244175260654,3.07507829108641
39,"NCU09908","K36 lost",2.93622833679736,2.80494159186426,2.69398459143155,0.121218631067498,-0.040409249758157,0.785159816904054,5.02379065173179,2.37247227282622,1.86560158830545
40,"NCU08083","K36 lost",2.89808294317391,2.84149649938234,2.64903504319099,-1.31908806721727,-1.29778161715426,-0.62998063623833,5.34700701329029,1.98199509385294,4.86369043548957
41,"NCU07638","K36 lost",2.65649157833717,2.97437862071704,3.27419671597831,0.0410034390675085,-0.109954852446266,1.01071871877974,5.0581323829945,1.97827524365113,3.20638977539761
42,"NCU16720","K36 lost",3.18135203434166,2.40044030691983,0.69628452706129,-0.767287667090305,-0.838845864999082,-1.58372465263922,2.63128870652479,1.65719987834593,2.71634858638563
43,"NCU16728","K36 lost",2.68296299817562,2.80720888623783,2.97824419785179,0.0694130613433998,-0.0365733288229251,1.02621620071972,5.46687366080133,4.31753115854812,5.20987845635339
44,"NCU07637","K36 lost",2.48314891259642,2.66945136809337,3.41683657270586,-0.568752444421184,-0.633173569928988,0.948650270719023,8.6812696491759,6.83902093975666,2.46144088256925
45,"NCU04920","K36 lost",2.46848566017307,2.5406628053366,2.28064136357049,0.0284686784124437,0.0623147876932954,0.332210420716663,3.49414378996191,1.90585734933005,4.80576169330081
46,"NCU08084","K36 lost",2.23502165386068,2.68305728318184,2.55473360932321,-1.22941951485933,-1.07040896748198,-0.27492494930088,4.41297487461599,3.40855435182027,5.61761383291979
47,"NCU09158","K36 lost",2.66044762439551,2.2571771179685,1.53395919953418,-0.0228502336979229,-0.458764886350371,0.133468096780316,2.7590155767491,2.83354794574808,2.87339438958216
48,"NCU16906","K36 lost",2.4595407155286,2.22020881584319,2.31791694434144,-1.53329613204512,-1.42972577588381,-1.01783721896169,5.60429498700259,4.93012370554239,5.5309660095477
49,"NCU07635","K36 lost",2.29618553824891,2.33233841500017,2.92349918810162,-0.0841819884327062,-0.12984886986332,0.465065736103671,2.42758152450666,0.755433531489273,2.46090483314353
50,"NCU05176","K36 lost",2.80249048246805,1.8111282050403,-0.571889210080583,-1.8587624578661,-2.21701148027241,-2.10484153610593,1.77528475537418,2.09092832788004,2.23789513447738
51,"NCU08077","K36 lost",2.08437500496954,2.51430220239233,3.11306344140955,0.12156160938513,0.0879625868228745,1.1438396172771,8.29910754638202,4.46447487941365,2.13807692152608
52,"NCU07648","K36 lost",1.97929676661019,2.50874559900977,3.06966024748006,0.526784780574492,0.699706935672957,1.25277844066673,8.41287665246419,7.93464386282975,2.14115409281344
53,"NCU12068","K36 lost",2.77068868869318,1.70774060792375,-0.245772135863797,0.0713086497631017,-0.0339978956104829,-0.156909170947594,3.55095164956643,2.82296941523304,4.10947583663021
54,"NCU15684","K36 lost",2.71043659930246,1.57446129009639,-0.956452994455071,-0.383203535029031,-0.614678757235689,-0.440713197239038,0,0,0
55,"NCU08078","K36 lost",1.9679179500209,2.29513278604535,2.91518039123425,-0.246573324512527,-0.266875159946652,0.775529899747868,10.1778026552941,6.35141579093832,4.04695302495483
56,"NCU16926","K36 lost",1.73399632063685,2.39003787612612,2.62848091883535,0.331423752257575,0.146641733990304,1.18277815692262,3.40851352445732,2.70114957795924,3.62858925333322
57,"NCU16307","K36 lost",2.01849692338914,2.02092430401815,3.04753561349712,1.2920917956744,0.810010500195378,1.8104809540577,-1.82793353137846,0.422558787920567,1.40560667383319
58,"NCU11364","K36 lost",1.98398973716254,2.01350095462864,1.70126446503216,0.472147657708174,-0.0268201932619799,0.917081847505007,3.9258831608496,3.1580089870454,3.60668051069942
59,"NCU04869","K36 lost",1.97304476224586,2.00250353287661,3.38281078638135,0.489281615460081,0.213931948914868,1.83474606214322,13.258391063879,11.9002097535032,2.46148115223369
60,"NCU09149","K36 lost",1.96981055584773,2.00255078428933,-0.226820482008517,0.483437574747296,0.464695908827269,1.6158278174374,2.42307368449291,0.755635915853456,2.46095622441457
61,"NCU11363","K36 lost",1.89299176058171,2.03112861745902,1.58250276321497,0.513203385583704,0.0526727264323166,1.10884650017424,4.63939090260595,2.91158896794166,4.98195586754456
62,"NCU05056","K36 lost",1.52397022345891,1.77698592020192,2.54716046039155,-0.144202642695632,-0.092887870128797,0.901177756324737,5.9651503757201,5.76593040598189,3.6967877252656
63,"NCU04867","K36 lost",1.31788384553062,1.59117635210564,3.70036675335468,0.156370755384133,0.115861365997817,1.62968130507908,10.6814329564045,11.7010552069387,2.4615255982424
64,"NCU16305","K36 lost",1.45100636798829,1.39079040654666,3.0927397069942,-1.55996019157678,-1.61349984155493,-0.484429590333201,3.87524888261291,1.76363269928229,1.88741738440646
65,"NCU16738","K36 lost",1.47776181086403,1.35721088360127,3.19360605016003,-0.309509922550433,-0.174118579047499,0.855048318300366,8.31669766541532,8.47498198743351,5.29504455363557
66,"NCU04937","K36 lost",1.7554169183494,1.00615894888567,2.12361854480283,0.420488236593235,-0.151720157077274,1.00728051078415,1.56590273307979,-0.374308452048592,1.63330992810945
67,"NCU15141","K36 lost",1.15558171652167,1.52941481489782,3.48745620898046,0.0489360006292638,-0.0688901952720972,1.56135037571734,0,0,0
68,"NCU04710","K36 lost",1.82523028817343,0.711897564078904,-0.140473792396749,-0.282719029995856,-0.434836756912131,1.06511656990273,6.85053737310426,8.20679854534401,5.14730170012718
69,"NCU15145","K36 lost",1.23099558342727,1.2889669449964,3.30547420787996,0.686698922881044,0.355107641073664,1.8834848223501,0,0,0
70,"NCU07625","K36 lost",1.08656855747849,1.35306775904563,3.3812794334936,0.140034493506137,0.0437826382793033,1.16838887452568,7.1495651627772,5.39392632670448,2.46138365634525
71,"NCU08080","K36 lost",1.11258074077889,1.08403557840701,2.87036855946262,-1.16827052765951,-1.50587509558923,0.021632154599071,1.85728940204139,0.186011779112901,1.89147579755634
72,"NCU07050","K36 lost",1.48953926795155,0.700742974132592,-0.328654718841284,0.575109088691092,0.28136324161275,1.09949180185494,5.05438073625696,3.00379712455072,3.16287366160152
73,"NCU07091","K36 lost",1.26442581096468,0.627290134521966,-0.0177648282930114,0.350676975501065,-0.129907747723088,1.31826299708693,9.91122766021621,9.08692049707639,3.96817576312119
74,"NCU04852","K36 lost",0.938333482244626,0.926679368108899,3.59160015880536,0.491160359478914,0.12935317691988,1.29865146404653,7.20974360815441,3.27836302308876,2.19197136831575
75,"NCU15146","K36 lost",0.964809256719916,0.847597538821123,3.13267271988884,0.720283683180022,0.152210384223998,1.91190146773342,0,0,0
76,"NCU06902","K36 lost",0.910379473587025,0.816619758306778,-0.588619181570575,0.527789039805271,0.293080484304982,1.90109989789496,6.50978733763041,4.39308544813969,2.46128305158912
77,"NCU10344","K36 lost",1.24425555297185,0.417361318599475,0.171586280530016,0.566163583321324,0.442584897954987,1.38930008275933,5.75842280685506,4.72510141283722,4.63993476104796
78,"NCU10539","K36 lost",1.0011347875216,0.582026179495811,0.552444555340633,-0.0112826133316222,-0.647592296422827,0.928994917153058,5.30739250715996,3.33628013009685,2.04556053013957
79,"nst-7","K36 lost",1.02394444109123,0.4152205176629,2.02560644470651,-0.511547101626674,-0.903413818655766,-0.468222378980363,4.88121683399716,3.546243338447,3.24991484790764
80,"NCU04887","K36 lost",1.05162592654905,0.144193714925891,0.804822631301481,-1.28649085775976,-1.57940886727446,-1.56977467528419,2.1338233743147,0.515929132632593,1.1071485599821
81,"NCU07086","K36 lost",0.605444277787166,0.160816639434678,-0.374539105362646,0.489140185597882,0.235578089650257,1.53044097138657,6.3102529396432,6.83788117874408,3.6800418967149
82,"NCU07049","K36 lost",0.536119902844721,-0.0697764376971919,-1.21142671245924,-1.00182347569368,-1.10636331948735,-0.726807859653014,3.86037311203814,2.11867046192781,2.8433675610844
83,"NCU12045","K36 lost",0.435835392061459,-0.172451822858005,-1.00388848079664,0.304464679790075,-0.240784714049276,1.53474608259067,8.25095123557614,5.90826715183504,2.55406767378494
84,"NCU07090","K36 lost",0.273598631076975,-0.0511906400961188,-0.225094658154699,-0.242416605364099,-0.754572706838743,0.980909416381117,7.20155251777477,5.10815515320959,4.19288029393273
85,"NCU15139","K36 lost",-0.0130948503503847,-0.0776115646407835,3.15856750224448,-0.665457960818236,-1.04082001070995,1.35391999168783,0,0,0
86,"NCU15140","K36 lost",0.123105104231287,-0.23416936164644,3.68016744283479,-1.14821396212174,-1.82082755028475,1.1885924861643,0,0,0
87,"NCU07087","K36 lost",-0.0778593179646529,-0.578321781890724,0.306598636140613,0.303689440100983,-0.193052328407497,1.49052158386136,7.44736999581149,6.48313772022532,4.46904542027378
88,"NCU07089","K36 lost",-0.270513486555992,-0.416942197236013,0.0681343324918321,-1.0462325371444,-1.25430563970829,0.303572271007254,6.4056877893574,3.92062415483439,4.62410887459669
89,"NCU06889","K36 lost",-0.831734781135794,-0.0874319971477136,-0.60200786918075,0.638656629886772,0.85954321021196,1.40892156501335,6.38731317070969,2.33764346272796,2.46115680296151
90,"NCU07053","K36 lost",0.163630810271317,-1.10970758433167,-0.967831313442051,-0.712439207973658,-1.17422636229605,-0.465077254837815,1.90113150606741,1.63559652130344,1.85597986445762
91,"NCU06904","K36 lost",-0.714215854254713,-0.419244309057425,-0.73600578198742,0.460088890782167,0.676419495301236,1.47148999431389,3.90400179904808,2.36442329135936,2.46084230970104
92,"NCU04860","K36 lost",-0.542526681421069,-0.614424297511504,3.47524305124325,-0.580482630494388,-0.756751843604838,1.53732665050312,12.2637814528338,11.7154013802099,4.04790145376198
93,"NCU11291","K27 lost only",4.43338739715042,3.67358533981322,1.51344621244878,0.23328611290141,0.227282506671811,0.00897943850273915,1.05139966870023,-1.89388360141002,0.433923198799475
94,"NCU08241","K27 lost only",3.83420122864253,3.71766113467141,3.31914875189109,0.879303034250802,0.772636354403692,1.63987085391966,4.74680465134175,0.422369631541117,2.12807343657533
95,"NCU07641","K27 lost only",3.78119306442627,3.62801799273639,3.01185644221604,0.086421946731394,0.0994708421947127,0.0393126107495305,4.97338478758798,5.11052882821859,4.96041692552858
96,"NCU07634","K27 lost only",3.52332875091235,3.7009080178601,3.37616865514141,0.356133470542002,0.312775160567114,0.451818491863235,2.40852468650462,1.98709645966349,2.46111912064371
97,"NCU04889","K27 lost only",3.58963001775392,3.40670769345947,3.4010681195572,0.851657918249673,0.865170102786784,0.99027087329732,3.94859656135668,1.95970631379533,3.17515848773956
98,"NCU09585","K27 lost only",3.23706240833215,3.55016928492485,2.76483323686582,1.05385720532949,1.06982473499209,1.59668116508209,2.65677620638086,0.526242366541292,1.48556613837301
99,"NCU08086","K27 lost only",3.24502788166245,3.53229532460224,2.91247173241296,0.778792160289132,0.776184333522032,1.4257537402202,2.52518177931965,4.05001655219357,5.52139235799055
100,"NCU07642","K27 lost only",3.30461401254703,3.38964684372221,3.16813059852787,0.959598256564537,0.786362044281485,1.53372158125177,3.2425606504911,1.75922991718494,2.46121946160511
101,"NCU09837","K27 lost only",3.04642548641683,3.60588036059559,2.95354128809937,1.40966679711119,1.32143887997314,2.0842036535767,6.68206887176685,5.91988197399898,0.864355455242539
102,"NCU16702","K27 lost only",3.30819138317711,3.27521536363605,3.28730792097467,0.690384674544078,0.668116627589898,0.999271133864194,1.82073467822722,0.155288895104609,1.86052867711468
103,"NCU08523","K27 lost only",3.58516078844858,2.94833678941898,2.39689329009477,0.228353255244488,0.273021303619199,0.50681771027457,3.42694776560645,3.19135390532338,4.36916593729056
104,"NCU04702","K27 lost only",3.6173069088725,2.87897749187408,-0.742839381017034,1.22910466540104,1.20126203622851,1.52094063748803,5.4788472882022,1.97827175553316,3.70028771616979
105,"NCU11292","K27 lost only",3.96347087401236,2.37805400587599,1.42268369712375,-1.48600041023927,-1.26867542182809,-2.23898638762975,1.73112361145554,-0.630876317426929,1.25492852267599
106,"NCU16930","K27 lost only",2.81898985729534,3.5095415510322,2.86193704190785,1.15934666603752,1.16148770180104,1.20204911136416,3.94546546737553,0.930657935956627,0.771993282013338
107,"NCU09578","K27 lost only",3.00801422361347,3.2905552931148,3.09514570598397,0.643611720130043,0.77374327550712,1.25961610057421,3.58847698552197,2.99428948191236,3.2125463804041
108,"NCU07092","K27 lost only",3.33025439994956,2.96739258680842,1.39693473413029,1.22449612096027,1.29979250774485,1.72182787179001,7.44254500314868,6.63372254606321,2.46136387391038
109,"NCU09724","K27 lost only",2.80505475011089,3.27036540193253,3.53642208188419,0.964736987174004,0.732541680549838,1.42698527640348,4.62331165213138,3.69002684693366,1.77105042916379
110,"NCU04689","K27 lost only",3.47261818135069,2.54610557132266,0.0842865310669107,1.06200943125597,0.923012591216563,0.578448981380503,5.55240556007968,3.87948525466328,4.32867983966351
111,"NCU04709","K27 lost only",3.53224515197745,2.41152612357051,-0.845540155392508,1.51797728114993,1.30792017268936,1.80061373709375,2.42957603901052,0.755346050357855,2.46088313781435
112,"NCU09725","K27 lost only",2.55074834201486,3.35884697058975,3.46895878462791,1.15708391409524,1.16250710540508,1.70091469654248,2.83993345413087,0.755534240733151,2.4609305239087
113,"NCU09838","K27 lost only",2.50436168752106,3.39964999097638,2.76721138215404,-0.0828991745989694,0.298889896793722,0.13958675547772,-0.536856390003383,-0.0379842134490706,0.0507794420178388
114,"NCU04707","K27 lost only",3.38972063423178,2.51213744384637,-0.595380356019375,0.976476868552522,0.807762346500339,1.41853116018302,6.1753698839875,3.34320765155506,3.6809186248988
115,"NCU12078","K27 lost only",3.47107560333554,2.41468160506056,-0.705539056944759,1.44812329051892,1.31306039292993,1.8409100036085,5.05867206342337,2.35285762112619,3.20817015721379
116,"NCU04705","K27 lost only",3.42840955170244,2.37075118890342,-0.606129734280714,0.806456688537269,0.576632735892534,1.35978828668359,4.39378245465559,2.27729216207919,3.61661822773957
117,"NCU08085","K27 lost only",2.72377364777171,3.05173995845614,2.71623110183411,-0.0504162676391009,0.114767727113891,0.635211149368069,3.58841364125256,7.35504394653227,7.96874950192535
118,"NCU08075","K27 lost only",2.57784075893441,3.13064405534596,3.39135161472834,0.180295020854559,0.269762466500563,0.85306452225229,3.99753026840203,1.96703739154941,2.17613180642061
119,"NCU07103","K27 lost only",3.11658590112001,2.52745896002642,0.672887352216216,1.62239979435638,1.27781723443006,1.62245887930315,2.39012511424468,1.49877222460822,2.46134099194686
120,"NCU04896","K27 lost only",2.9402688388513,2.67224205934291,2.7265128850177,0.137824538166949,0.131716539921973,0.695696863156329,4.20193574414799,2.11027527730074,3.04161053635511
121,"NCU04706","K27 lost only",3.2504018697661,2.36163153544856,-0.762842194635,1.16969604798483,1.17169123676357,1.38266696448895,4.87376403812764,0.756759715707156,3.6557184282545
122,"NCU08087","K27 lost only",2.79043758901722,2.80817186871099,2.42448245023805,0.586416469480558,0.29872428254008,1.28238085755031,4.17700548731176,4.75582123415571,3.0256031050755
123,"NCU09453","K27 lost only",2.80688646923951,2.78002154715161,0.541184003301269,1.38742089460827,1.38262878184746,1.90325859417091,4.33879968377497,0.755290437334078,2.46086603061637
124,"NCU07107","K27 lost only",3.16001230143026,2.23162686476945,-0.225882345214355,0.619597559524049,0.811267903225025,0.443528844306845,2.35844960938691,0.239146348609303,2.11423248134811
125,"NCU04701","K27 lost only",3.26214163254428,2.08821898785846,-0.286804899460285,0.786442490912242,0.789348452760673,1.22603472921021,3.43745659090889,1.72232682597509,3.53542193874268
126,"NCU08207","K27 lost only",2.81932351719578,2.49823691895734,2.40445500736455,0.643402140795583,0.638382889076599,0.76479425697034,2.80964531846785,0.755521203491482,3.17340313689226
127,"NCU08915","K27 lost only",2.27403859315535,2.94617615615273,2.42208879063283,1.00684707628963,1.03143154183601,1.4219840670668,5.66411008296707,2.17110996894817,2.8645920065364
128,"NCU07647","K27 lost only",2.40793389774469,2.66236640925539,3.22874880033798,0.792968563685757,0.590008080809271,1.59901237619733,5.47972826464591,3.33090854479433,2.46116466495458
129,"NCU12076","K27 lost only",3.08685275496155,1.92165425185818,-0.226901403419045,0.572049393844971,0.410823657434032,0.333861435149293,2.64889855708989,2.59147634265268,2.1820508331375
130,"NCU08100","K27 lost only",2.57723146977787,2.38992523358361,2.83194863627816,1.50808264231064,1.45867546380567,1.7009804159967,1.44152438421544,0.17771269833937,1.5428536814306
131,"NCU07106","K27 lost only",2.79118672409292,2.1666638121247,0.732656887289027,1.54800550337215,1.35731736286267,1.56961802589417,3.63372667904575,3.80091722841643,2.46094786298376
132,"NCU12069","K27 lost only",2.87870176388358,2.07195430127749,-0.329788483889387,0.963879640376233,0.929835698396714,1.39410761029514,7.30093841816936,5.20664074627335,2.46130421470559
133,"NCU08752","K27 lost only",2.70048787593552,2.2104568654811,-0.354086786360541,-1.87282942178525,-1.55052535299445,-3.20633276241088,-0.178948410613737,0.080942023979437,0.666302351567793
134,"NCU04704","K27 lost only",3.08200094167231,1.77735578705575,-0.777212253246361,1.01945139571804,0.558075656203899,1.64674754718332,2.59147147704355,1.39976185826719,1.89106467984708
135,"NCU04708","K27 lost only",3.0376051218526,1.80535521672206,-0.527639517972741,1.04133899580493,1.0253159312298,1.50464191342566,4.26589030721988,3.77151375120909,1.88438992659781
136,"NCU04875","K27 lost only",2.40663256713959,2.40169502722472,3.02365539913062,0.583113107794222,0.651537999754921,1.35218475207543,3.75451911822007,1.7457397765704,2.46089479991721
137,"NCU08539","K27 lost only",2.48306577579597,2.30445668735841,3.00025520625558,0.590586177147834,0.572727722664739,0.908609187604533,9.35860783946101,6.26697927840468,7.41046149759695
138,"NCU07116","K27 lost only",2.79716669464793,1.96208263692321,0.032927038391436,0.495867695368402,0.273473706444432,0.766114099377928,2.8842440964816,2.09876665746107,2.60360834276988
139,"NCU10644","K27 lost only",2.22236937349713,2.44227656147943,3.45205135113419,0.63581141234997,0.763307838878037,1.37278071122542,9.62462886912088,9.7674994986442,4.79907390475144
140,"NCU10502","K27 lost only",2.25181158066255,2.32571070779768,3.04177686899108,1.20826837969107,1.17271434370615,1.75388040535904,9.94503799215049,8.54144291132332,4.54904102077604
141,"NCU14162","K27 lost only",2.70997055511906,1.86432859873172,-0.507381356729155,1.15444626401036,1.03328509253048,1.67563302231577,0,0,0
142,"NCU14057","K27 lost only",1.80143369067336,2.7442869112746,2.68155185576274,0.979448414286714,0.922782957071087,1.84722809478023,0,0,0
143,"NCU09835","K27 lost only",1.80565505754522,2.73796119164077,2.55087718530767,1.10229363361866,1.11774689291116,1.70575061129688,5.19094462774255,3.0547080299348,1.88423656478351
144,"NCU09836","K27 lost only",1.82656314221835,2.70357517654685,1.52127485854598,0.169750112712914,0.237816881925615,0.392323476779296,4.26461659572781,2.54940042810036,3.2247794715483
145,"NCU04703","K27 lost only",2.68513249475907,1.8065210571009,-1.01615667063235,1.20853605285888,1.11357867584875,1.81075512910159,6.61498658261813,3.42494049971555,4.34213437929458
146,"NCU08099","K27 lost only",2.26225301909802,2.17851614677447,2.85535714630605,1.28687287377695,1.37544315954311,1.6066664182329,0.472886547834528,0.488733662083719,0.0955442004528239
147,"NCU12077","K27 lost only",2.6956192066689,1.7097195147563,-0.562308414310676,0.878148828347793,0.991496754478142,1.51168228396578,2.43379929942089,1.9561619305994,2.46083377006618
148,"NCU11087","K27 lost only",1.56712131396204,2.78140959645464,2.82996770273112,0.998682324159153,0.92089288175511,1.2485005796051,2.07075771762167,0.726699140948571,-0.373476758771945
149,"NCU08076","K27 lost only",1.87036696714436,2.46230194938376,2.8290096360615,-0.913546546019403,-0.606512796518127,-0.793988403706603,-1.56860001297679,-0.774672593956754,0.119596518053927
150,"NCU07626","K27 lost only",2.12959234489783,2.20080889077623,2.33740029371749,-1.49919712895489,-1.40754471227247,-1.96116776287174,0.312872639519056,-0.895726958018535,-0.116722100337442
151,"NCU08916","K27 lost only",1.69778253495302,2.6187333888807,2.78824113436984,0.702669024627723,0.836836487318721,1.59990070237089,5.06405601336147,3.32985452624565,3.34026429674561
152,"NCU08917","K27 lost only",1.81214403758332,2.42106393317856,2.55664454716498,0.438926860469773,0.305370052642756,1.24301617147785,5.31166313812661,4.06243568048142,3.31935537226618
153,"NCU07105","K27 lost only",2.42647237139156,1.79238237871279,0.396673664341653,1.24065095100647,1.13228101350567,1.51033552040727,5.3657044655458,4.86661036697545,2.46137806991237
154,"NCU07104","K27 lost only",2.3717495157139,1.84504994466863,0.400326169982846,1.2398268766501,1.06753654298125,1.410339739464,6.9152182820304,5.45693585593907,2.46142996169015
155,"NCU04877","K27 lost only",2.07623241080894,2.12566292630134,3.55384896257349,0.847936885500661,0.964494249153459,1.3358152910593,6.68011999987819,5.44814344493618,2.46141081395842
156,"NCU04876","K27 lost only",2.09241239591665,1.97922276421097,3.24963914612454,0.795675658874543,0.658187428145337,1.53207867225515,3.34240318891827,2.62780390772429,2.4609023492572
157,"NCU09651","K27 lost only",2.40140253052197,1.632580448514,1.70169884624401,0.33888599847649,0.199067220205213,0.0646277700356423,-0.0630762706368414,-0.585426462470081,0.250362799349512
158,"NCU09276","K27 lost only",1.84589095014612,2.10023865458212,1.54486000702449,0.881982658452272,1.10508615438819,1.55466315411079,1.30744086415707,0.0353635237538602,1.74486243953745
159,"NCU08570","K27 lost only",2.26652240777661,1.63419811271316,0.849289873389426,1.14799350175975,0.97149159833316,0.836795040702306,0.513277929904278,0.383447357201565,2.15074927936376
160,"NCU04694","K27 lost only",2.90558936436661,0.932909370991754,-0.870431123500406,0.70200564908543,0.515846300082333,0.192919267303882,0.849599538124986,1.40144114388445,3.30274729761954
161,"NCU04879","K27 lost only",2.04013055241417,1.79294718628964,3.69221606606948,1.22123093870325,1.09557351014483,1.50495579212931,8.20743648976214,8.52828966848275,5.58753350595148
162,"NCU07623","K27 lost only",2.26618381152531,1.47990977620545,2.94131651000243,0.800400394781874,0.905286369248133,1.41563110779707,4.21776930708497,3.74190898440754,3.85028215404868
163,"NCU07109","K27 lost only",2.02729335631647,1.47839240069158,1.67571882472557,0.434209582186841,0.598459744736714,0.415477533870747,4.55946374294949,1.84881215374939,3.07444824365732
164,"NCU07652","K27 lost only",1.68308955804674,1.78179100424317,2.83608963382252,1.27775625910317,1.11134291508966,1.21448262521908,2.04250572601314,1.07535451636904,-0.204243947999648
165,"NCU15361","K27 lost only",2.04120138771968,1.41008579579029,0.0470754753485413,0.846122611150399,0.470371984191802,0.633130062586629,0,0,0
166,"NCU04695","K27 lost only",2.64937043282302,0.79951257555413,-0.315348965780798,1.10277151440276,0.902749669944215,1.04122676838632,1.1784000971231,-0.29667699506529,0.438285530205306
167,"NCU09726","K27 lost only",1.39858575238883,2.01697940848966,2.72988866251026,0.694882151705977,0.751722876628544,1.20551392308887,4.66119289512719,4.12281497718092,2.46123046830442
168,"NCU05463","K27 lost only",1.18265610155087,2.11013417004153,1.24262851439351,1.23113260872515,1.3347438486186,1.55810874863948,8.33568375976474,6.25242608771107,4.35135125089778
169,"NCU08918","K27 lost only",1.26466917604124,1.93373837223211,1.8818749018152,-0.358193916531801,-0.280388483159222,-0.603973188135204,1.38737217475416,1.04823959278393,1.56809311513969
170,"NCU07095","K27 lost only",2.00755452292488,1.01681564336315,-0.913755643447189,0.708771155305874,0.707779956000876,0.779206960156296,1.64395884763612,-0.0139882815079482,3.20859551025171
171,"NCU07115","K27 lost only",1.98285250518932,1.01903375989854,-0.607226856914753,0.454830994531701,0.385620188987404,0.650068811771681,1.75940786064181,2.33817378583201,2.97762207469594
172,"NCU08096","K27 lost only",1.28679140807149,1.6627947640957,2.68367185443891,0.929176985573922,1.062216706862,1.33350187780116,0.941480284998777,0.897406766983867,1.42808180604921
173,"NCU08800","K27 lost only",1.28353577773543,1.61615238264634,-0.477077186906845,1.30500523026779,1.56341265584468,1.8239493169184,4.95004910792505,3.49705608580492,2.46108875255963
174,"NCU08089","K27 lost only",1.12650689377222,1.73160167270395,2.28217346970944,1.14152850262396,1.20962622131689,1.19668709683826,1.10261445991279,2.06040996751479,2.17811716140138
175,"NCU09455","K27 lost only",1.19399087305239,1.62589228322342,-0.816773660107703,1.36620309511815,1.54517327250176,1.71822025780214,5.32097189886738,2.34669933127145,3.70337153856924
176,"NCU08558","K27 lost only",1.60273853547587,1.1343646631951,3.17194376743616,0.91513288265799,0.662425718127703,1.49959882182582,1.76793666228074,0.181360715760539,2.23401999581007
177,"NCU07110","K27 lost only",1.74664386029175,0.956892850506525,1.12976135837877,-0.798137849322727,-0.651266543427064,-1.52631571585305,2.62314489646143,1.82258366156025,2.61806937924079
178,"NCU04697","K27 lost only",2.01487652818438,0.619112415094513,-0.22991152605617,1.12723313878013,1.13195373134541,1.22273497431402,4.47135694560813,3.30603142961292,2.02097546101376
179,"NCU12051","K27 lost only",1.19840237541387,1.37776759069482,0.278847889497923,0.790853525125638,0.878833835889712,1.36801500140027,3.51078929850094,2.2334337921211,2.47816668907497
180,"NCU06899","K27 lost only",1.66739562708075,0.883030921375974,-0.602494955849139,0.740287978514191,0.689974335893016,1.69149317760071,6.1976855718332,3.70177986307806,3.18554293540877
181,"NCU07636","K27 lost only",1.13030142894042,1.35464281305442,2.3113623196855,-1.04942502081891,-1.31765247110742,-0.84940041889165,3.60597912268982,1.85078556496383,2.14395777622292
182,"NCU07094","K27 lost only",1.41567827559915,0.928716656337291,-0.226005991590473,1.0374333351227,1.20610312965929,1.33449236466428,1.75586070025495,-0.204849764090757,0.523581453544994
183,"NCU07051","K27 lost only",1.66291593078525,0.54379209934905,-0.0536319304986834,1.31835254095936,1.16962529453818,1.28292550538364,5.67598090475395,2.87953935597065,2.61945448201494
184,"NCU04934","K27 lost only",1.05702622948947,1.12975062381048,2.9671950876464,0.750791236257137,0.799784560049808,0.905585791827391,1.77962015516565,1.1445155084285,1.03285132187231
185,"NCU05055","K27 lost only",0.773302710297896,1.39500002037776,2.68488815313253,0.54079496764021,0.597266656543513,1.07840576801862,4.89046910119612,3.09930898894121,1.86579063044467
186,"NCU07653","K27 lost only",0.951698542436954,1.21596279294195,2.68349644667641,0.562308919995998,0.579977819845288,0.916167563442857,5.89142426111091,4.84151352536814,3.38284419205059
187,"NCU07084","K27 lost only",1.5541016531843,0.470427879985228,-0.473441956490069,1.01044255735308,0.770774519970975,1.4130400619604,5.80291668229083,3.35069536633543,4.20580435668616
188,"NCU03473","K27 lost only",1.30404415209766,0.689615719268382,-0.800550459935211,1.35190155207801,1.26041686128571,1.82116194868108,3.47974902758577,2.58201251071246,1.86151256199205
189,"NCU09275","K27 lost only",0.88861804025954,1.09753346523724,0.922632195412517,0.495586031626205,0.428071685549671,1.17609807378932,5.85003519363864,3.08113940514596,2.46127467451692
190,"NCU07085","K27 lost only",1.36149995957805,0.43986009496941,-0.585848825853112,0.930052149401026,0.666608605222556,1.23657743350223,5.64501055838955,4.46631301470642,2.88007821557695
191,"NCU03474","K27 lost only",1.08378417114514,0.707777828613907,-0.578925334724585,1.16665923034806,1.06419780118921,1.7017270934241,2.29717115939324,0.735921946225494,0.979783621858898
192,"NCU08546","K27 lost only",1.11899786588739,0.643894471525357,2.89499732755555,1.07679159180566,0.991473316220023,1.40210358960313,6.44744940645696,4.79363459761657,1.15544418179404
193,"NCU05466","K27 lost only",0.120477183281377,1.52508329213661,0.690030154483233,0.971295132788573,1.09682182639439,1.6585539212168,1.86194945784268,1.84184154216314,4.70936463288755
194,"NCU09834","K27 lost only",0.213766804636599,1.36607588385812,2.9293022579823,1.36866433165894,1.16172544077396,2.15083292368746,4.19546510851639,3.98579814188193,2.46088500677244
195,"NCU17263","K27 lost only",0.560126758031978,0.911425837424894,0.620324691539799,0.791546316512578,0.97054152603049,1.24189204126997,-1.41092708435233,-1.37863583723511,0.621948590706421
196,"NCU04870","K27 lost only",0.84416747879345,0.615680944369024,3.39398450563135,1.26364437229783,1.19468769081106,1.69702108552777,9.83239727807198,10.520714974691,3.66994081692087
197,"NCU04853","K27 lost only",0.563844431276397,0.719437073406307,3.14230585075344,0.778957041288599,0.508651566699962,1.34699115660955,4.3336418029136,2.20982880901382,1.79289498513568
198,"NCU03475","K27 lost only",0.772682837975955,0.451077609260607,-0.25767772799846,1.0303678331963,1.04403170892485,1.47332675550329,4.20824539645023,2.56482100992095,1.01314092323349
199,"NCU15640","K27 lost only",0.609704519748925,0.540858701249232,-0.988642102124492,0.516081848706339,0.571109940577529,1.0434838176011,0,0,0
200,"NCU08547","K27 lost only",0.762177564158378,0.360168536460958,2.63118495067503,1.04485531289844,0.966893182324099,1.4601238366916,5.13640952758145,6.78654560164173,3.47214594476607
201,"NCU09277","K27 lost only",0.789580684392674,0.180514620294393,0.945797092514192,-0.451599304087413,-0.86148715456234,-0.520479764159276,0.379453691536307,0.0144086417072376,0.634310021406393
202,"NCU06898","K27 lost only",0.426438751930211,0.472561495159514,-0.57977262081519,0.780786058811217,0.88034808093448,1.75891297317874,5.36627714408843,2.75607081037532,2.46128803786347
203,"NCU06897","K27 lost only",0.326975739418611,0.547078176435339,-0.462981831136029,1.15983399150555,1.07218180675579,1.91066572728596,6.71019494053481,4.4311945076909,2.46124842155522
204,"NCU17161","K27 lost only",0.338806140812172,0.533209225203247,0.0266099612321632,1.24853467109823,1.18163560193847,1.88041497913668,3.4414979112646,0.755796111574503,2.46099286479543
205,"NCU09452","K27 lost only",0.177554825994657,0.57597814262753,0.416871408036683,1.21707006336447,1.03877000514742,1.51700767602734,3.77343376932054,3.08413563754153,2.46101804634753
206,"NCU07054","K27 lost only",0.602631252620474,0.142725897603166,-0.366935568640284,1.10747538552422,0.905670565372498,1.37013341081864,5.17678927156192,4.8826794727207,3.12488548289085
207,"NCU06901","K27 lost only",0.241161111259635,0.428796261988724,-0.723194333629066,1.02105220431792,0.967843741671111,1.75868618455911,5.7759813883857,1.97885449631222,2.46146809499852
208,"NCU05769","K27 lost only",-0.109629950735537,0.752320720213339,0.777455347887008,0.808039207506759,1.07973376032973,1.8613844683817,4.84234052743753,2.64429599048526,2.4609793096893
209,"NCU06886","K27 lost only",-0.142890034654571,0.297192203466369,-0.804222086437538,0.789074727325727,0.846105126626133,1.24822169578569,7.52779949089416,3.44839896172691,3.11221409063115
210,"NCU12044","K27 lost only",0.0685823917900587,0.0511673133782735,-0.419841354231343,0.928018709319083,1.04486114088728,1.64200954509774,2.40051384904692,1.48645186788873,2.46121593946736
211,"NCU06896","K27 lost only",-0.11228634605822,0.228810277824276,-0.416793367990561,1.14732629400484,1.09740128315074,2.13504880991953,8.20609424443986,4.6672648943504,2.46127123235106
212,"NCU17170","K27 lost only",0.0444375632522797,0.0155259508780213,-0.608251744224706,0.820508472802621,0.527464732244727,1.62262911829333,2.84246008003403,0.75540432112661,2.46089798346153
213,"NCU06887","K27 lost only",-0.258948589150943,0.194866347206957,-0.715525888696367,1.16235182968589,0.970428071822813,1.58389949931939,5.82858886974603,5.39565528272946,2.46134523493104
214,"NCU04871","K27 lost only",0.0222516074867979,-0.195262609680614,3.39116676091866,0.837197599837411,0.597205538745383,1.3313458210909,0.75743162830744,1.10580457703062,-0.306202390445168
215,"gh81-1","K27 lost only",0.165919469107369,-0.474908519166632,-0.0680861266573035,0.602713442606751,0.369881027988943,0.922939195369321,1.56676781302116,1.61989295361617,1.98291955466202
216,"NCU08833","K27 lost only",-0.279350627104502,-0.076582894349168,-0.799207646680699,0.661777652532493,0.842971205809592,1.50419435844498,3.1442776378085,1.93910204353923,2.51673836493203
217,"NCU06885","K27 lost only",-0.408461467732726,-0.0119827745551007,-0.801097769301078,1.0383107521489,0.886337857583414,1.51027142957499,4.42084081076591,2.34578502482796,3.67749268185757
218,"NCU06888","K27 lost only",-0.13278283472418,-0.328666890761578,-0.506018611788132,1.09054419355706,0.847612276959563,1.75699595728331,7.9950238463104,5.69125643622049,2.46128378864681
219,"NCU06903","K27 lost only",-0.410625465778007,-0.132280163320918,-0.472331734702433,0.681637513820573,0.521427816005389,1.53565138802159,6.28793897185598,4.94268522178752,2.87048314148445
220,"NCU08835","K27 lost only",-0.396066543628735,-0.43673164324147,-0.899503711864204,0.774116289021733,0.664532468585569,1.20151357990566,8.03310457540357,5.46098779185201,2.88888615750908
221,"NCU17172","K27 lost only",-0.73528860030288,-0.247066836862014,-0.971271390830068,1.17835938916162,1.12381268026272,1.80578032872351,5.63768203208974,2.75899672422556,2.4613096309418
222,"NCU05469","K27 lost only",-0.759304276185519,-0.2332926753052,-0.499560297926879,1.28114781164261,1.25071132309999,1.81020490750778,5.56425797699086,3.60302936102663,3.13491920824923
223,"NCU08834","K27 lost only",-0.834184417650676,-0.248668302679354,-0.622392125932881,0.778784458751516,0.965373793476715,1.65964391482487,5.62230286219211,4.35938492146958,0.90170258101754
224,"NCU05467","K27 lost only",-0.757687219197988,-0.445810481662259,-0.939498210696284,0.956384281181345,0.967493305493372,1.47666212260262,4.73898197715955,3.3683686358347,4.18767021935342
225,"NCU08836","K27 lost only",-0.753008252691277,-0.53189861519203,-0.795006153815834,0.820303009552706,0.810638577957474,1.31760265243197,4.23211363796292,2.64269876757021,3.17296346155052
226,"NCU08829","K27 lost only",-0.874842988339293,-0.485514554545744,-0.646343487410274,0.986742178113458,1.19066879805771,1.59574135066149,2.41194871431111,0.374633511971849,0.349335272636291
227,"NCU08832","K27 lost only",-1.11894040223847,-0.301048823341366,-0.660428611575112,0.99629667502587,1.20190687817182,1.52144064440702,4.02843049546712,3.75475849494903,1.2364855754503
228,"NCU16876","K27 lost only",-1.00260466980577,-0.665151949071302,-0.806656291383637,0.572007121001887,0.909448816229949,1.23445820547867,6.78685511055305,5.28210231551779,2.57215982509158
229,"NCU08830","K27 lost only",-1.00790897932644,-0.728386419648204,-0.815206087782141,0.563795745260424,0.756341272338575,1.2345441339563,5.59167005069869,5.3772517662629,3.46454758350861
