ID	Description	GeneRatio	BgRatio	RichFactor	FoldEnrichment	zScore	pvalue	p.adjust	qvalue	geneID	Count	GeneRatioNum	BgRatioNum	FoldEnrich	FDR	minusLog10FDR	Term
GO:0006569	L-phenylalanine catabolic process	5/842	10/5878	0.5	3.490498812351544	3.2227922957435267	0.008036671933228802	0.18966545762419973	0.1827285407976233	NCU09183/NCU09184/NCU06924/NCU03282/NCU01402	5	0.0059382422802850355	0.001701258931609391	3.490498812351544	0.18966545762419973	0.7220117567717549	L-phenylalanine catabolic process
GO:0042438	melanin biosynthetic process	5/842	10/5878	0.5	3.490498812351544	3.2227922957435267	0.008036671933228802	0.18966545762419973	0.1827285407976233	NCU11382/NCU08615/NCU05978/NCU04593/NCU02201	5	0.0059382422802850355	0.001701258931609391	3.490498812351544	0.18966545762419973	0.7220117567717549	melanin biosynthetic process
GO:0017000	antibiotic biosynthetic process	19/842	41/5878	0.4634146341463415	3.2350964602282604	5.8719775006321475	8.1946965941152e-7	9.669741981055936e-5	9.316076128046755e-5	NCU11306/NCU10344/NCU10285/NCU09636/NCU09565/NCU09274/NCU09185/NCU08716/NCU08197/NCU08128/NCU07092/NCU06895/NCU06526/NCU06137/NCU05849/NCU05376/NCU04234/NCU04089/NCU01134	19	0.022565320665083134	0.006975161619598503	3.23509646022826	9.669741981055936e-5	4.0145851140967945	antibiotic biosynthetic process
GO:0006559	L-phenylalanine catabolic process	4/842	10/5878	0.4	2.7923990498812357	2.3194268634888555	0.04292014398871249	0.5331133674387446	0.5136150194771135	NCU10546/NCU09391/NCU08771/NCU01830	4	0.004750593824228029	0.001701258931609391	2.792399049881235	0.5331133674387446	0.2731804277130774	L-phenylalanine catabolic process
GO:0006779	porphyrin-containing compound biosynthetic process	4/842	10/5878	0.4	2.7923990498812357	2.3194268634888555	0.04292014398871249	0.5331133674387446	0.5136150194771135	NCU16396/NCU07585/NCU05164/NCU01546	4	0.004750593824228029	0.001701258931609391	2.792399049881235	0.5331133674387446	0.2731804277130774	porphyrin-containing compound biosynthetic process
GO:0044237	cellular metabolic process	4/842	10/5878	0.4	2.7923990498812357	2.3194268634888555	0.04292014398871249	0.5331133674387446	0.5136150194771135	NCU11341/NCU08952/NCU04344/NCU01785	4	0.004750593824228029	0.001701258931609391	2.792399049881235	0.5331133674387446	0.2731804277130774	cellular metabolic process
GO:0019748	secondary metabolic process	19/842	52/5878	0.36538461538461536	2.5507491321030513	4.592498348893088	5.3669446623443806e-5	0.0031664973507831845	0.003050684334385227	NCU11365/NCU11363/NCU11356/NCU10546/NCU09844/NCU09635/NCU09636/NCU09637/NCU09165/NCU07765/NCU07092/NCU06080/NCU05855/NCU05643/NCU05042/NCU04938/NCU02926/NCU02904/NCU01979	19	0.022565320665083134	0.008846546444368834	2.550749132103051	0.0031664973507831845	2.4994208709844363	secondary metabolic process
GO:0016559	dynamin family protein polymerization involved in mitochondrial fission	4/842	11/5878	0.36363636363636365	2.538544590801123	2.088283305313454	0.060006896782468865	0.6743632209839358	0.649698732080866	NCU09808/NCU06973/NCU05313/NCU04935	4	0.004750593824228029	0.00187138482477033	2.538544590801123	0.6743632209839358	0.17110612367289196	dynamin family protein polymerization involved in mitochondrial fission
GO:0008360	regulation of cell shape	6/842	18/5878	0.3333333333333333	2.3269992082343625	2.3054151281182897	0.03406004471452934	0.5023856595393078	0.48401116173278547	NCU16559/NCU10027/NCU09651/NCU09171/NCU05127/NCU00363	6	0.007125890736342043	0.003062266076896904	2.3269992082343625	0.5023856595393078	0.2989627659106568	regulation of cell shape
GO:0046323	cellobiose transport	10/842	32/5878	0.3125	2.181561757719715	2.740268006734139	0.011243660360409443	0.2412276222778753	0.23240484572712342	NCU11342/NCU08180/NCU08152/NCU07054/NCU06384/NCU06358/NCU06138/NCU04963/NCU02188/NCU01633	10	0.011876484560570071	0.005444028581150051	2.181561757719715	0.2412276222778753	0.6175729638784561	cellobiose transport
GO:0006744	cellular response to oxidative stress	14/842	45/5878	0.3111111111111111	2.1718659276854053	3.2264818490467517	0.00305108097934442	0.10286501587504045	0.09910278068246538	NCU08988/NCU07132/NCU07107/NCU05842/NCU05126/NCU05059/NCU04917/NCU04907/NCU03957/NCU03016/NCU02988/NCU02648/NCU02157/NCU00451	14	0.0166270783847981	0.007655665192242259	2.171865927685405	0.10286501587504045	0.9877323025529351	cellular response to oxidative stress
GO:0000266	dynamin family protein polymerization involved in mitochondrial fission	4/842	13/5878	0.3076923076923077	2.1479992691394116	1.6942219726899947	0.1031608911789938	0.9629979722440862	0.9277768153645077	NCU09808/NCU06973/NCU05313/NCU04935	4	0.004750593824228029	0.0022116366110922084	2.1479992691394116	0.9629979722440862	0.016374627355352472	dynamin family protein polymerization involved in mitochondrial fission
GO:0000105	histidine biosynthetic process	3/842	10/5878	0.3	2.094299287410926	1.4160614312341848	0.16242558545922722	0.9999999984328474	0.9634255114250448	NCU08568/NCU06974/NCU06360	3	0.0035629453681710215	0.001701258931609391	2.0942992874109265	0.9999999984328474	6.806057399941919e-10	histidine biosynthetic process
GO:0006123	mitochondrial electron transport, cytochrome c to oxygen	3/842	10/5878	0.3	2.094299287410926	1.4160614312341848	0.16242558545922722	0.9999999984328474	0.9634255114250448	NCU16028/NCU16016/NCU16003	3	0.0035629453681710215	0.001701258931609391	2.0942992874109265	0.9999999984328474	6.806057399941919e-10	mitochondrial electron transport, cytochrome c to oxygen
GO:0006308	DNA catabolic process	3/842	10/5878	0.3	2.094299287410926	1.4160614312341848	0.16242558545922722	0.9999999984328474	0.9634255114250448	NCU09194/NCU08648/NCU05750	3	0.0035629453681710215	0.001701258931609391	2.0942992874109265	0.9999999984328474	6.806057399941919e-10	DNA catabolic process
GO:0006749	glutathione metabolic process	3/842	10/5878	0.3	2.094299287410926	1.4160614312341848	0.16242558545922722	0.9999999984328474	0.9634255114250448	NCU16639/NCU07111/NCU07044	3	0.0035629453681710215	0.001701258931609391	2.0942992874109265	0.9999999984328474	6.806057399941919e-10	glutathione metabolic process
GO:0019346	transsulfuration	3/842	10/5878	0.3	2.094299287410926	1.4160614312341848	0.16242558545922722	0.9999999984328474	0.9634255114250448	NCU08117/NCU05093/NCU03788	3	0.0035629453681710215	0.001701258931609391	2.0942992874109265	0.9999999984328474	6.806057399941919e-10	transsulfuration
GO:0030001	metal ion transport	5/842	17/5878	0.29411764705882354	2.0532345955009084	1.7780941220449387	0.08400700125787154	0.8260688457024036	0.795855801390362	NCU11216/NCU08489/NCU07851/NCU04819/NCU04076	5	0.0059382422802850355	0.0028921401837359645	2.0532345955009084	0.8260688457024036	0.08298375647780487	metal ion transport
GO:0006633	fatty acid biosynthetic process	6/842	21/5878	0.2857142857142857	1.994570749915168	1.8668041098428765	0.06856795474437179	0.73554715089417	0.7086448911380052	NCU08943/NCU08535/NCU08058/NCU03492/NCU00606/NCU00596	6	0.007125890736342043	0.003572643756379721	1.9945707499151681	0.73554715089417	0.13338948239694234	fatty acid biosynthetic process
GO:0032259	methylation	16/842	56/5878	0.2857142857142857	1.994570749915168	3.0576278534242225	0.004148075936225911	0.12236824011866439	0.11789268450326276	NCU10761/NCU10144/NCU09865/NCU09674/NCU09637/NCU07993/NCU07919/NCU07818/NCU07266/NCU06616/NCU05855/NCU05616/NCU05039/NCU04089/NCU02648/NCU01398	16	0.019002375296912115	0.00952705001701259	1.994570749915168	0.12236824011866439	0.9123312858752223	methylation
GO:0030163	cellular protein modification process	22/842	78/5878	0.28205128205128205	1.9689993300444606	3.522474126106755	0.0010163292794732066	0.03997561832594613	0.03851353059056362	NCU09484/NCU08734/NCU08473/NCU08418/NCU07536/NCU07533/NCU07159/NCU06949/NCU05980/NCU05908/NCU05773/NCU05584/NCU05071/NCU04953/NCU04269/NCU02967/NCU02956/NCU02198/NCU01548/NCU01151/NCU01090/NCU00994	22	0.026128266033254157	0.013269819666553249	1.9689993300444608	0.03997561832594613	1.3982048100465279	cellular protein modification process
GO:0006855	xenobiotic transmembrane transport	8/842	29/5878	0.27586206896551724	1.9257924481939552	2.043444527118826	0.04606060555527316	0.5435151455522234	0.5236363578915264	NCU09876/NCU09172/NCU08887/NCU07740/NCU05735/NCU05207/NCU04886/NCU00306	8	0.009501187648456057	0.004933650901667233	1.9257924481939555	0.5435151455522234	0.2647883493916531	xenobiotic transmembrane transport
GO:0006694	coenzyme A metabolic process	3/842	11/5878	0.2727272727272727	1.903908443100842	1.2268847601462625	0.2008325937130114	0.9999999984328474	0.9634255114250448	NCU09565/NCU08280/NCU02502	3	0.0035629453681710215	0.00187138482477033	1.9039084431008424	0.9999999984328474	6.806057399941919e-10	coenzyme A metabolic process
GO:0016236	ER-associated misfolded protein catabolic process	3/842	11/5878	0.2727272727272727	1.903908443100842	1.2268847601462625	0.2008325937130114	0.9999999984328474	0.9634255114250448	NCU09808/NCU09568/NCU01049	3	0.0035629453681710215	0.00187138482477033	1.9039084431008424	0.9999999984328474	6.806057399941919e-10	ER-associated misfolded protein catabolic process
GO:0006508	proteolysis	27/842	100/5878	0.27	1.884869358669834	3.649063477385062	6.094938443663811e-4	0.02876810945409319	0.02771593060697649	NCU17271/NCU09992/NCU09774/NCU09484/NCU09350/NCU09155/NCU08734/NCU08473/NCU08418/NCU07536/NCU07533/NCU07159/NCU06949/NCU05980/NCU05908/NCU05584/NCU05071/NCU04994/NCU04953/NCU04430/NCU04269/NCU03355/NCU02956/NCU02198/NCU01151/NCU00994/NCU00249	27	0.032066508313539195	0.01701258931609391	1.884869358669834	0.02876810945409319	1.5410886775824928	proteolysis
GO:0015986	ATP synthesis coupled proton transport	5/842	19/5878	0.2631578947368421	1.83710463807976	1.494293234140924	0.12438858080502277	0.9999999984328474	0.9634255114250448	NCU16024/NCU16025/NCU16026/NCU16027/NCU09143	5	0.0059382422802850355	0.003232391970057843	1.8371046380797598	0.9999999984328474	6.806057399941919e-10	ATP synthesis coupled proton transport
GO:0033617	mitochondrial cytochrome c oxidase assembly	5/842	19/5878	0.2631578947368421	1.83710463807976	1.494293234140924	0.12438858080502277	0.9999999984328474	0.9634255114250448	NCU12100/NCU09129/NCU05119/NCU04549/NCU02504	5	0.0059382422802850355	0.003232391970057843	1.8371046380797598	0.9999999984328474	6.806057399941919e-10	mitochondrial cytochrome c oxidase assembly
GO:0008643	carbohydrate transport	14/842	56/5878	0.25	1.745249406175772	2.291134484163408	0.023511221766106687	0.36990988912007855	0.35638062466519616	NCU11342/NCU09550/NCU09287/NCU09039/NCU08180/NCU08152/NCU07820/NCU06384/NCU06138/NCU05897/NCU05089/NCU05045/NCU04963/NCU00298	14	0.0166270783847981	0.00952705001701259	1.745249406175772	0.36990988912007855	0.43190405816048505	carbohydrate transport
GO:0006367	nucleotide-excision repair	5/842	20/5878	0.25	1.745249406175772	1.3650010429357669	0.1473744677348198	0.9999999984328474	0.9634255114250448	NCU08553/NCU06438/NCU04770/NCU03909/NCU01054	5	0.0059382422802850355	0.003402517863218782	1.745249406175772	0.9999999984328474	6.806057399941919e-10	nucleotide-excision repair
GO:0055114	obsolete oxidation-reduction process	114/842	461/5878	0.2472885032537961	1.7263204538311323	6.641869675127487	4.444190041462242e-10	1.0488288497850891e-7	1.0104684725850993e-7	NCU16651/NCU16442/NCU16396/NCU16020/NCU16012/NCU16016/NCU16018/NCU16004/NCU16006/NCU16007/NCU16008/NCU16009/NCU12046/NCU11306/NCU11286/NCU11289/NCU10344/NCU10285/NCU10051/NCU09885/NCU09798/NCU09779/NCU09635/NCU09636/NCU09565/NCU09519/NCU09518/NCU09473/NCU09456/NCU09412/NCU09279/NCU09274/NCU09273/NCU09262/NCU09185/NCU09163/NCU09165/NCU08943/NCU08917/NCU08856/NCU08784/NCU08757/NCU08716/NCU08280/NCU08228/NCU08197/NCU08199/NCU08128/NCU08058/NCU07970/NCU07931/NCU07920/NCU07821/NCU07819/NCU07610/NCU07585/NCU07442/NCU07318/NCU07092/NCU07030/NCU06964/NCU06895/NCU06625/NCU06558/NCU06526/NCU06518/NCU06465/NCU06137/NCU06080/NCU06071/NCU06042/NCU05933/NCU05888/NCU05849/NCU05604/NCU05500/NCU05376/NCU05340/NCU05042/NCU04938/NCU04823/NCU04593/NCU04575/NCU04443/NCU04393/NCU04268/NCU04234/NCU04089/NCU03935/NCU03868/NCU03755/NCU03709/NCU03651/NCU03492/NCU03282/NCU02927/NCU02926/NCU02476/NCU02396/NCU02201/NCU02196/NCU02074/NCU02019/NCU01979/NCU01853/NCU01849/NCU01830/NCU01562/NCU01546/NCU01134/NCU01078/NCU00973/NCU00606/NCU00526	114	0.13539192399049882	0.07842803674719293	1.7263204538311323	1.0488288497850891e-7	6.979295375160318	obsolete oxidation-reduction process
GO:0006807	cellular response to oxidative stress	16/842	66/5878	0.24242424242424243	1.692363060534082	2.3127787288072987	0.021422330596522144	0.36111928719851616	0.3479115344999085	NCU11129/NCU10051/NCU09456/NCU08117/NCU07821/NCU07819/NCU07610/NCU06895/NCU05888/NCU05757/NCU05340/NCU04697/NCU04092/NCU04086/NCU03755/NCU01779	16	0.019002375296912115	0.01122830894862198	1.692363060534082	0.36111928719851616	0.4423493155050611	cellular response to oxidative stress
GO:0006631	cellular response to oxidative stress	5/842	21/5878	0.23809523809523808	1.6621422915959732	1.242837627546935	0.1720015030443348	0.9999999984328474	0.9634255114250448	NCU08404/NCU08058/NCU07074/NCU04393/NCU03492	5	0.0059382422802850355	0.003572643756379721	1.6621422915959734	0.9999999984328474	6.806057399941919e-10	cellular response to oxidative stress
GO:0019439	aromatic compound catabolic process	4/842	17/5878	0.23529411764705882	1.6425876764007266	1.084830839385072	0.21836495623332997	0.9999999984328474	0.9634255114250448	NCU08393/NCU07920/NCU02904/NCU01979	4	0.004750593824228029	0.0028921401837359645	1.6425876764007268	0.9999999984328474	6.806057399941919e-10	aromatic compound catabolic process
GO:0055085	cellular response to oxidative stress	71/842	310/5878	0.22903225806451613	1.5988736495287716	4.429528175753584	2.107532657078905e-5	0.0016579256902354055	0.00159728790852296	NCU17261/NCU17269/NCU12154/NCU11342/NCU10910/NCU10512/NCU10276/NCU09955/NCU09876/NCU09831/NCU09773/NCU09771/NCU09678/NCU09550/NCU09458/NCU09287/NCU09172/NCU09039/NCU09020/NCU08887/NCU08738/NCU08490/NCU08425/NCU08397/NCU08180/NCU08152/NCU07918/NCU07894/NCU07820/NCU07740/NCU07709/NCU07334/NCU07140/NCU07129/NCU07054/NCU06384/NCU06358/NCU06138/NCU06040/NCU05897/NCU05735/NCU05546/NCU05350/NCU05207/NCU05089/NCU05079/NCU05045/NCU04991/NCU04963/NCU04942/NCU04886/NCU04819/NCU04672/NCU04625/NCU04568/NCU04391/NCU04195/NCU03789/NCU02653/NCU02195/NCU02188/NCU02051/NCU02023/NCU01633/NCU01095/NCU00834/NCU00755/NCU00547/NCU00306/NCU00298/NCU00121	71	0.08432304038004751	0.05273902687989112	1.5988736495287719	0.0016579256902354055	2.7804349388303424	cellular response to oxidative stress
GO:0000272	polysaccharide catabolic process	22/842	98/5878	0.22448979591836735	1.5671627320762036	2.3149831533481273	0.019147879260899687	0.3476076542747943	0.33489408261978404	NCU12033/NCU11405/NCU10030/NCU09904/NCU09664/NCU09582/NCU09026/NCU08746/NCU08473/NCU08228/NCU08176/NCU08097/NCU07898/NCU05935/NCU05751/NCU05595/NCU04887/NCU04870/NCU04526/NCU02909/NCU01393/NCU00086	22	0.026128266033254157	0.01667233752977203	1.5671627320762034	0.3476076542747943	0.45891066901075167	polysaccharide catabolic process
GO:0015893	drug transport	9/842	42/5878	0.21428571428571427	1.4959280624363758	1.3187932566814489	0.13721386476572295	0.9999999984328474	0.9634255114250448	NCU09172/NCU08887/NCU07740/NCU06040/NCU05735/NCU05546/NCU05207/NCU03789/NCU00755	9	0.010688836104513063	0.007145287512759442	1.495928062436376	0.9999999984328474	6.806057399941919e-10	drug transport
GO:0043331	ascospore formation	12/842	57/5878	0.21052631578947367	1.4696837104638079	1.4569181606253498	0.10609299694214509	0.9629979722440862	0.9277768153645077	NCU09650/NCU08351/NCU07352/NCU07257/NCU07036/NCU05631/NCU05629/NCU04935/NCU04436/NCU04197/NCU02884/NCU00704	12	0.014251781472684086	0.00969717591017353	1.4696837104638079	0.9629979722440862	0.016374627355352472	ascospore formation
GO:0006091	N-acetylglucosamine catabolic process	2/842	10/5878	0.2	1.3961995249406178	0.5126959989795138	0.4307259716892362	0.9999999984328474	0.9634255114250448	NCU09143/NCU04727	2	0.0023752969121140144	0.001701258931609391	1.3961995249406176	0.9999999984328474	6.806057399941919e-10	N-acetylglucosamine catabolic process
GO:0006732	biosynthetic process	2/842	10/5878	0.2	1.3961995249406178	0.5126959989795138	0.4307259716892362	0.9999999984328474	0.9634255114250448	NCU08404/NCU03404	2	0.0023752969121140144	0.001701258931609391	1.3961995249406176	0.9999999984328474	6.806057399941919e-10	biosynthetic process
GO:0006783	heme biosynthetic process	2/842	10/5878	0.2	1.3961995249406178	0.5126959989795138	0.4307259716892362	0.9999999984328474	0.9634255114250448	NCU16396/NCU07234	2	0.0023752969121140144	0.001701258931609391	1.3961995249406176	0.9999999984328474	6.806057399941919e-10	heme biosynthetic process
GO:0006801	carotenoid biosynthetic process	2/842	10/5878	0.2	1.3961995249406178	0.5126959989795138	0.4307259716892362	0.9999999984328474	0.9634255114250448	NCU07851/NCU00704	2	0.0023752969121140144	0.001701258931609391	1.3961995249406176	0.9999999984328474	6.806057399941919e-10	carotenoid biosynthetic process
GO:0006862	fatty acid oxidation	2/842	10/5878	0.2	1.3961995249406178	0.5126959989795138	0.4307259716892362	0.9999999984328474	0.9634255114250448	NCU07334/NCU04195	2	0.0023752969121140144	0.001701258931609391	1.3961995249406176	0.9999999984328474	6.806057399941919e-10	fatty acid oxidation
GO:0006915	DNA catabolic process	2/842	10/5878	0.2	1.3961995249406178	0.5126959989795138	0.4307259716892362	0.9999999984328474	0.9634255114250448	NCU05313/NCU01090	2	0.0023752969121140144	0.001701258931609391	1.3961995249406176	0.9999999984328474	6.806057399941919e-10	DNA catabolic process
GO:0034551	mitochondrial respiratory chain complex III assembly	2/842	10/5878	0.2	1.3961995249406178	0.5126959989795138	0.4307259716892362	0.9999999984328474	0.9634255114250448	NCU03767/NCU00057	2	0.0023752969121140144	0.001701258931609391	1.3961995249406176	0.9999999984328474	6.806057399941919e-10	mitochondrial respiratory chain complex III assembly
GO:0051123	RNA polymerase II preinitiation complex assembly	2/842	10/5878	0.2	1.3961995249406178	0.5126959989795138	0.4307259716892362	0.9999999984328474	0.9634255114250448	NCU09837/NCU01054	2	0.0023752969121140144	0.001701258931609391	1.3961995249406176	0.9999999984328474	6.806057399941919e-10	RNA polymerase II preinitiation complex assembly
GO:0009060	aerobic respiration	8/842	42/5878	0.19047619047619047	1.3297138332767784	0.8767892218557244	0.24649736740356956	0.9999999984328474	0.9634255114250448	NCU16329/NCU16020/NCU16021/NCU16016/NCU16003/NCU09612/NCU06518/NCU01657	8	0.009501187648456057	0.007145287512759442	1.3297138332767788	0.9999999984328474	6.806057399941919e-10	aerobic respiration
GO:0003333	amino acid transmembrane transport	3/842	16/5878	0.1875	1.308937054631829	0.5059389514919921	0.40763229349526053	0.9999999984328474	0.9634255114250448	NCU10276/NCU07129/NCU05775	3	0.0035629453681710215	0.0027220142905750254	1.308937054631829	0.9999999984328474	6.806057399941919e-10	amino acid transmembrane transport
GO:0006473	protein acetylation	3/842	16/5878	0.1875	1.308937054631829	0.5059389514919921	0.40763229349526053	0.9999999984328474	0.9634255114250448	NCU07476/NCU05291/NCU04644	3	0.0035629453681710215	0.0027220142905750254	1.308937054631829	0.9999999984328474	6.806057399941919e-10	protein acetylation
GO:0061025	dynamin family protein polymerization involved in mitochondrial fission	3/842	16/5878	0.1875	1.308937054631829	0.5059389514919921	0.40763229349526053	0.9999999984328474	0.9634255114250448	NCU09808/NCU06973/NCU04935	3	0.0035629453681710215	0.0027220142905750254	1.308937054631829	0.9999999984328474	6.806057399941919e-10	dynamin family protein polymerization involved in mitochondrial fission
GO:0005975	acetyl-CoA catabolic process	64/842	347/5878	0.1844380403458213	1.287561521559071	2.257796063237417	0.016814963366166856	0.33069427953461483	0.31859930588526675	NCU12046/NCU12033/NCU11364/NCU10107/NCU10063/NCU09904/NCU09775/NCU09672/NCU09632/NCU09635/NCU09636/NCU09637/NCU09582/NCU09524/NCU09508/NCU09416/NCU09278/NCU09170/NCU09165/NCU08784/NCU08625/NCU08412/NCU08398/NCU08199/NCU08180/NCU08133/NCU07931/NCU07626/NCU07550/NCU07318/NCU07242/NCU07149/NCU07134/NCU06730/NCU06616/NCU06505/NCU06123/NCU05933/NCU05686/NCU05653/NCU05643/NCU05544/NCU05094/NCU05042/NCU04938/NCU04823/NCU04727/NCU04575/NCU04443/NCU04401/NCU04400/NCU02927/NCU02926/NCU02924/NCU02923/NCU02922/NCU01728/NCU01562/NCU01509/NCU01393/NCU01080/NCU00985/NCU00973/NCU00852	64	0.07600950118764846	0.05903368492684587	1.287561521559071	0.33069427953461483	0.48057331759926447	acetyl-CoA catabolic process
GO:0006629	lipid metabolic process	35/842	192/5878	0.18229166666666666	1.2725776920031668	1.5701043867218243	0.07457135689956995	0.7651669664477612	0.7371813771307603	NCU11286/NCU10144/NCU10038/NCU10010/NCU09774/NCU09703/NCU09473/NCU09274/NCU09058/NCU08785/NCU08535/NCU07964/NCU07761/NCU07509/NCU07094/NCU06761/NCU06693/NCU06465/NCU06152/NCU05153/NCU05098/NCU05059/NCU04921/NCU04725/NCU04400/NCU04393/NCU03675/NCU03639/NCU03492/NCU03325/NCU02190/NCU00818/NCU00761/NCU00473/NCU00034	35	0.04156769596199525	0.032664171486900304	1.272577692003167	0.7651669664477612	0.1162437874674382	lipid metabolic process
GO:0006865	acyl carnitine transport	4/842	22/5878	0.18181818181818182	1.2692722954005615	0.5173607878090073	0.3889442438296621	0.9999999984328474	0.9634255114250448	NCU10276/NCU07129/NCU04942/NCU02195	4	0.004750593824228029	0.00374276964954066	1.2692722954005615	0.9999999984328474	6.806057399941919e-10	acyl carnitine transport
GO:0000712	replication fork processing	2/842	11/5878	0.18181818181818182	1.2692722954005615	0.3654862149790705	0.48181338901728554	0.9999999984328474	0.9634255114250448	NCU10547/NCU09793	2	0.0023752969121140144	0.00187138482477033	1.2692722954005615	0.9999999984328474	6.806057399941919e-10	replication fork processing
GO:0006139	ADP biosynthetic process	2/842	11/5878	0.18181818181818182	1.2692722954005615	0.3654862149790705	0.48181338901728554	0.9999999984328474	0.9634255114250448	NCU12069/NCU07036	2	0.0023752969121140144	0.00187138482477033	1.2692722954005615	0.9999999984328474	6.806057399941919e-10	ADP biosynthetic process
GO:0018126	DNA topological change	2/842	11/5878	0.18181818181818182	1.2692722954005615	0.3654862149790705	0.48181338901728554	0.9999999984328474	0.9634255114250448	NCU07266/NCU02104	2	0.0023752969121140144	0.00187138482477033	1.2692722954005615	0.9999999984328474	6.806057399941919e-10	DNA topological change
GO:0051188	biosynthetic process	10/842	56/5878	0.17857142857142858	1.24660671869698	0.7581477456417788	0.275344049541164	0.9999999984328474	0.9634255114250448	NCU17186/NCU16396/NCU09371/NCU09183/NCU09184/NCU09090/NCU03282/NCU02930/NCU02157/NCU01210	10	0.011876484560570071	0.00952705001701259	1.2466067186969798	0.9999999984328474	6.806057399941919e-10	biosynthetic process
GO:0006730	folic acid-containing compound biosynthetic process	3/842	17/5878	0.17647058823529413	1.231940757300545	0.3915675567252055	0.4481895800513881	0.9999999984328474	0.9634255114250448	NCU16651/NCU05653/NCU02727	3	0.0035629453681710215	0.0028921401837359645	1.231940757300545	0.9999999984328474	6.806057399941919e-10	folic acid-containing compound biosynthetic process
GO:0019236	obsolete regulation of cAMP metabolic process	13/842	75/5878	0.17333333333333334	1.2100395882818686	0.748508152883881	0.2716187715510925	0.9999999984328474	0.9634255114250448	NCU17269/NCU17077/NCU16720/NCU10392/NCU10046/NCU09629/NCU07897/NCU07241/NCU07115/NCU04694/NCU03773/NCU02683/NCU01592	13	0.015439429928741092	0.012759441987070432	1.2100395882818684	0.9999999984328474	6.806057399941919e-10	obsolete regulation of cAMP metabolic process
GO:0045493	arabinan catabolic process	2/842	12/5878	0.16666666666666666	1.1634996041171812	0.23180741797315027	0.5299637369973291	0.9999999984328474	0.9634255114250448	NCU09774/NCU08785	2	0.0023752969121140144	0.002041510717931269	1.1634996041171815	0.9999999984328474	6.806057399941919e-10	arabinan catabolic process
GO:0016126	sterol biosynthetic process	3/842	19/5878	0.15789473684210525	1.102262782847856	0.1825465748995335	0.5255390538711526	0.9999999984328474	0.9634255114250448	NCU08280/NCU04921/NCU02502	3	0.0035629453681710215	0.003232391970057843	1.102262782847856	0.9999999984328474	6.806057399941919e-10	sterol biosynthetic process
GO:0030435	conidium formation	3/842	19/5878	0.15789473684210525	1.102262782847856	0.1825465748995335	0.5255390538711526	0.9999999984328474	0.9634255114250448	NCU07553/NCU03109/NCU01033	3	0.0035629453681710215	0.003232391970057843	1.102262782847856	0.9999999984328474	6.806057399941919e-10	conidium formation
GO:0016049	cell development	5/842	32/5878	0.15625	1.0907808788598574	0.21053824426660706	0.4924372715010078	0.9999999984328474	0.9634255114250448	NCU10046/NCU09093/NCU06101/NCU04887/NCU02988	5	0.0059382422802850355	0.005444028581150051	1.0907808788598574	0.9999999984328474	6.806057399941919e-10	cell development
GO:0006464	cellular protein modification process	7/842	45/5878	0.15555555555555556	1.0859329638427027	0.23659801136201578	0.47052978249895683	0.9999999984328474	0.9634255114250448	NCU07993/NCU06756/NCU05078/NCU04098/NCU03011/NCU02074/NCU00596	7	0.00831353919239905	0.007655665192242259	1.0859329638427024	0.9999999984328474	6.806057399941919e-10	cellular protein modification process
GO:0006032	cellular response to oxidative stress	2/842	13/5878	0.15384615384615385	1.0739996345697058	0.10920896051877249	0.5749695298153005	0.9999999984328474	0.9634255114250448	NCU12033/NCU01393	2	0.0023752969121140144	0.0022116366110922084	1.0739996345697058	0.9999999984328474	6.806057399941919e-10	cellular response to oxidative stress
GO:0006094	cellular response to glucose starvation	2/842	13/5878	0.15384615384615385	1.0739996345697058	0.10920896051877249	0.5749695298153005	0.9999999984328474	0.9634255114250448	NCU10106/NCU07550	2	0.0023752969121140144	0.0022116366110922084	1.0739996345697058	0.9999999984328474	6.806057399941919e-10	cellular response to glucose starvation
GO:0006414	tRNA export from nucleus	2/842	13/5878	0.15384615384615385	1.0739996345697058	0.10920896051877249	0.5749695298153005	0.9999999984328474	0.9634255114250448	NCU09513/NCU00979	2	0.0023752969121140144	0.0022116366110922084	1.0739996345697058	0.9999999984328474	6.806057399941919e-10	tRNA export from nucleus
GO:0006541	asparagine metabolic process	2/842	13/5878	0.15384615384615385	1.0739996345697058	0.10920896051877249	0.5749695298153005	0.9999999984328474	0.9634255114250448	NCU04303/NCU01210	2	0.0023752969121140144	0.0022116366110922084	1.0739996345697058	0.9999999984328474	6.806057399941919e-10	asparagine metabolic process
GO:0006896	Golgi to vacuole transport	2/842	13/5878	0.15384615384615385	1.0739996345697058	0.10920896051877249	0.5749695298153005	0.9999999984328474	0.9634255114250448	NCU06777/NCU05959	2	0.0023752969121140144	0.0022116366110922084	1.0739996345697058	0.9999999984328474	6.806057399941919e-10	Golgi to vacuole transport
GO:0009298	GDP-mannose biosynthetic process	2/842	13/5878	0.15384615384615385	1.0739996345697058	0.10920896051877249	0.5749695298153005	0.9999999984328474	0.9634255114250448	NCU08404/NCU05153	2	0.0023752969121140144	0.0022116366110922084	1.0739996345697058	0.9999999984328474	6.806057399941919e-10	GDP-mannose biosynthetic process
GO:0030968	endoplasmic reticulum unfolded protein response	2/842	13/5878	0.15384615384615385	1.0739996345697058	0.10920896051877249	0.5749695298153005	0.9999999984328474	0.9634255114250448	NCU10046/NCU01296	2	0.0023752969121140144	0.0022116366110922084	1.0739996345697058	0.9999999984328474	6.806057399941919e-10	endoplasmic reticulum unfolded protein response
GO:0043085	positive regulation of catalytic activity	2/842	13/5878	0.15384615384615385	1.0739996345697058	0.10920896051877249	0.5749695298153005	0.9999999984328474	0.9634255114250448	NCU07805/NCU03011	2	0.0023752969121140144	0.0022116366110922084	1.0739996345697058	0.9999999984328474	6.806057399941919e-10	positive regulation of catalytic activity
GO:0006520	L-phenylalanine catabolic process	9/842	59/5878	0.15254237288135594	1.0648979427513185	0.2048442546398427	0.47518654437112295	0.9999999984328474	0.9634255114250448	NCU08411/NCU08117/NCU07585/NCU07143/NCU06558/NCU06228/NCU05127/NCU04303/NCU03935	9	0.010688836104513063	0.010037427696495406	1.0648979427513185	0.9999999984328474	6.806057399941919e-10	L-phenylalanine catabolic process
GO:0000122	negative regulation of transcription by RNA polymerase II	6/842	40/5878	0.15	1.047149643705463	0.12233969571802401	0.5198382995992586	0.9999999984328474	0.9634255114250448	NCU09496/NCU05263/NCU04848/NCU03481/NCU03273/NCU02563	6	0.007125890736342043	0.006805035726437564	1.0471496437054633	0.9999999984328474	6.806057399941919e-10	negative regulation of transcription by RNA polymerase II
GO:0009299	mRNA transcription	6/842	40/5878	0.15	1.047149643705463	0.12233969571802401	0.5198382995992586	0.9999999984328474	0.9634255114250448	NCU09237/NCU08553/NCU06773/NCU06735/NCU04770/NCU03918	6	0.007125890736342043	0.006805035726437564	1.0471496437054633	0.9999999984328474	6.806057399941919e-10	mRNA transcription
GO:0046903	secretion	6/842	40/5878	0.15	1.047149643705463	0.12233969571802401	0.5198382995992586	0.9999999984328474	0.9634255114250448	NCU09172/NCU07740/NCU05207/NCU04639/NCU04076/NCU03789	6	0.007125890736342043	0.006805035726437564	1.0471496437054633	0.9999999984328474	6.806057399941919e-10	secretion
GO:0016226	iron-sulfur cluster assembly	3/842	20/5878	0.15	1.047149643705463	0.08635942853314726	0.5618938377415248	0.9999999984328474	0.9634255114250448	NCU04315/NCU04098/NCU01779	3	0.0035629453681710215	0.003402517863218782	1.0471496437054633	0.9999999984328474	6.806057399941919e-10	iron-sulfur cluster assembly
GO:0006366	transcription by RNA polymerase II	3/842	21/5878	0.14285714285714285	0.997285374957584	-0.005095337044948068	0.5965026652225383	0.9999999984328474	0.9634255114250448	NCU06438/NCU05120/NCU04770	3	0.0035629453681710215	0.003572643756379721	0.9972853749575841	0.9999999984328474	6.806057399941919e-10	transcription by RNA polymerase II
GO:0006879	cellular iron ion homeostasis	3/842	21/5878	0.14285714285714285	0.997285374957584	-0.005095337044948068	0.5965026652225383	0.9999999984328474	0.9634255114250448	NCU08437/NCU08438/NCU05814	3	0.0035629453681710215	0.003572643756379721	0.9972853749575841	0.9999999984328474	6.806057399941919e-10	cellular iron ion homeostasis
GO:0016311	cellular response to oxidative stress	3/842	21/5878	0.14285714285714285	0.997285374957584	-0.005095337044948068	0.5965026652225383	0.9999999984328474	0.9634255114250448	NCU06330/NCU05049/NCU03333	3	0.0035629453681710215	0.003572643756379721	0.9972853749575841	0.9999999984328474	6.806057399941919e-10	cellular response to oxidative stress
GO:0042147	retrograde transport, endosome to Golgi	3/842	21/5878	0.14285714285714285	0.997285374957584	-0.005095337044948068	0.5965026652225383	0.9999999984328474	0.9634255114250448	NCU05959/NCU02019/NCU01822	3	0.0035629453681710215	0.003572643756379721	0.9972853749575841	0.9999999984328474	6.806057399941919e-10	retrograde transport, endosome to Golgi
GO:0009058	biosynthetic process	5/842	35/5878	0.14285714285714285	0.997285374957584	-0.006585927727496337	0.5762091414843629	0.9999999984328474	0.9634255114250448	NCU11356/NCU09116/NCU08411/NCU06360/NCU01210	5	0.0059382422802850355	0.005954406260632868	0.997285374957584	0.9999999984328474	6.806057399941919e-10	biosynthetic process
GO:0006352	DNA-templated transcription, initiation	2/842	14/5878	0.14285714285714285	0.997285374957584	-0.004157841393446591	0.6167428093810006	0.9999999984328474	0.9634255114250448	NCU04770/NCU01785	2	0.0023752969121140144	0.0023817625042531474	0.997285374957584	0.9999999984328474	6.806057399941919e-10	DNA-templated transcription, initiation
GO:0009086	cellular response to oxidative stress	2/842	14/5878	0.14285714285714285	0.997285374957584	-0.004157841393446591	0.6167428093810006	0.9999999984328474	0.9634255114250448	NCU10020/NCU03935	2	0.0023752969121140144	0.0023817625042531474	0.997285374957584	0.9999999984328474	6.806057399941919e-10	cellular response to oxidative stress
GO:1902600	proton transmembrane transport	9/842	64/5878	0.140625	0.9817027909738717	-0.06017669793856964	0.5788207762453188	0.9999999984328474	0.9634255114250448	NCU16027/NCU10051/NCU09636/NCU09274/NCU08197/NCU06895/NCU06518/NCU06137/NCU05202	9	0.010688836104513063	0.010888057162300102	0.9817027909738717	0.9999999984328474	6.806057399941919e-10	proton transmembrane transport
GO:0006696	cellular response to oxidative stress	4/842	29/5878	0.13793103448275862	0.9628962240969776	-0.08189687435059964	0.6134016881073553	0.9999999984328474	0.9634255114250448	NCU08716/NCU08280/NCU04921/NCU02502	4	0.004750593824228029	0.004933650901667233	0.9628962240969777	0.9999999984328474	6.806057399941919e-10	cellular response to oxidative stress
GO:0006950	chaperone cofactor-dependent protein refolding	8/842	59/5878	0.13559322033898305	0.946575949112283	-0.1686279937388783	0.6238524959073628	0.9999999984328474	0.9634255114250448	NCU10051/NCU07204/NCU06660/NCU05710/NCU04211/NCU04098/NCU02051/NCU01196	8	0.009501187648456057	0.010037427696495406	0.9465759491122832	0.9999999984328474	6.806057399941919e-10	chaperone cofactor-dependent protein refolding
GO:0031505	TORC2 signaling	6/842	45/5878	0.13333333333333333	0.9307996832937451	-0.1905282511643751	0.6404677499805225	0.9999999984328474	0.9634255114250448	NCU09672/NCU09155/NCU05686/NCU04497/NCU02956/NCU00872	6	0.007125890736342043	0.007655665192242259	0.9307996832937451	0.9999999984328474	6.806057399941919e-10	TORC2 signaling
GO:0002098	cellular response to oxidative stress	2/842	15/5878	0.13333333333333333	0.9307996832937451	-0.10971974634280549	0.6552852245286163	0.9999999984328474	0.9634255114250448	NCU16624/NCU01705	2	0.0023752969121140144	0.0025518883974140864	0.9307996832937451	0.9999999984328474	6.806057399941919e-10	cellular response to oxidative stress
GO:0006261	DNA repair	2/842	15/5878	0.13333333333333333	0.9307996832937451	-0.10971974634280549	0.6552852245286163	0.9999999984328474	0.9634255114250448	NCU09261/NCU08476	2	0.0023752969121140144	0.0025518883974140864	0.9307996832937451	0.9999999984328474	6.806057399941919e-10	DNA repair
GO:0016042	intracellular signal transduction	2/842	15/5878	0.13333333333333333	0.9307996832937451	-0.10971974634280549	0.6552852245286163	0.9999999984328474	0.9634255114250448	NCU07476/NCU03325	2	0.0023752969121140144	0.0025518883974140864	0.9307996832937451	0.9999999984328474	6.806057399941919e-10	intracellular signal transduction
GO:0070873	regulation of glycogen metabolic process	2/842	15/5878	0.13333333333333333	0.9307996832937451	-0.10971974634280549	0.6552852245286163	0.9999999984328474	0.9634255114250448	NCU03742/NCU01629	2	0.0023752969121140144	0.0025518883974140864	0.9307996832937451	0.9999999984328474	6.806057399941919e-10	regulation of glycogen metabolic process
GO:0006470	DNA damage checkpoint signaling	3/842	23/5878	0.13043478260869565	0.9105649075699679	-0.1757112057186497	0.6601597719906989	0.9999999984328474	0.9634255114250448	NCU09841/NCU06330/NCU05049	3	0.0035629453681710215	0.003912895542701599	0.910564907569968	0.9999999984328474	6.806057399941919e-10	DNA damage checkpoint signaling
GO:0006098	cellular carbohydrate metabolic process	2/842	16/5878	0.125	0.872624703087886	-0.20859952925522793	0.6906642146762384	0.9999999984328474	0.9634255114250448	NCU10107/NCU04401	2	0.0023752969121140144	0.0027220142905750254	0.8726247030878861	0.9999999984328474	6.806057399941919e-10	cellular carbohydrate metabolic process
GO:0007031	peroxisome organization	2/842	16/5878	0.125	0.872624703087886	-0.20859952925522793	0.6906642146762384	0.9999999984328474	0.9634255114250448	NCU09808/NCU05313	2	0.0023752969121140144	0.0027220142905750254	0.8726247030878861	0.9999999984328474	6.806057399941919e-10	peroxisome organization
GO:0009116	cellular amino acid metabolic process	2/842	16/5878	0.125	0.872624703087886	-0.20859952925522793	0.6906642146762384	0.9999999984328474	0.9634255114250448	NCU09634/NCU03478	2	0.0023752969121140144	0.0027220142905750254	0.8726247030878861	0.9999999984328474	6.806057399941919e-10	cellular amino acid metabolic process
GO:0007005	mitochondrial outer membrane translocase complex assembly	4/842	33/5878	0.12121212121212122	0.846181530267041	-0.3622965755119913	0.7160936311287156	0.9999999984328474	0.9634255114250448	NCU16329/NCU09808/NCU05313/NCU02396	4	0.004750593824228029	0.00561415447431099	0.846181530267041	0.9999999984328474	6.806057399941919e-10	mitochondrial outer membrane translocase complex assembly
GO:0006096	cellular glucose homeostasis	3/842	25/5878	0.12	0.8377197149643706	-0.33245857152438646	0.716221296933031	0.9999999984328474	0.9634255114250448	NCU10106/NCU07550/NCU04401	3	0.0035629453681710215	0.004253147329023477	0.8377197149643706	0.9999999984328474	6.806057399941919e-10	cellular glucose homeostasis
GO:0008033	intronic box C/D RNA processing	6/842	50/5878	0.12	0.8377197149643706	-0.4711747652509076	0.741003461340956	0.9999999984328474	0.9634255114250448	NCU10622/NCU09077/NCU08032/NCU06336/NCU01434/NCU00319	6	0.007125890736342043	0.008506294658046955	0.8377197149643706	0.9999999984328474	6.806057399941919e-10	intronic box C/D RNA processing
GO:0016579	histone deubiquitination	5/842	42/5878	0.11904761904761904	0.8310711457979866	-0.449222882621449	0.7387912678209908	0.9999999984328474	0.9634255114250448	NCU10046/NCU08378/NCU06756/NCU02914/NCU01976	5	0.0059382422802850355	0.007145287512759442	0.8310711457979867	0.9999999984328474	6.806057399941919e-10	histone deubiquitination
GO:0010034	protein folding	2/842	17/5878	0.11764705882352941	0.8212938382003633	-0.30169572593466115	0.7229941659595517	0.9999999984328474	0.9634255114250448	NCU11337/NCU06076	2	0.0023752969121140144	0.0028921401837359645	0.8212938382003634	0.9999999984328474	6.806057399941919e-10	protein folding
GO:0009416	ascospore release from ascus	38/842	333/5878	0.11411411411411411	0.7966303595757277	-1.562242659250089	0.9531029158205625	0.9999999984328474	0.9634255114250448	NCU10063/NCU09992/NCU09917/NCU09841/NCU09692/NCU09403/NCU09152/NCU09057/NCU08677/NCU08455/NCU08418/NCU08280/NCU08133/NCU08057/NCU07921/NCU07585/NCU07441/NCU07424/NCU07159/NCU06660/NCU06420/NCU05897/NCU05844/NCU05683/NCU05490/NCU05291/NCU04963/NCU04921/NCU04823/NCU04417/NCU04266/NCU03968/NCU02191/NCU02190/NCU01844/NCU00979/NCU00859/NCU00315	38	0.04513064133016627	0.05665192242259272	0.7966303595757277	0.9999999984328474	6.806057399941919e-10	ascospore release from ascus
GO:0006357	regulation of transcription by RNA polymerase II	9/842	79/5878	0.11392405063291139	0.7953035268649087	-0.7489250922933497	0.8172993059869459	0.9999999984328474	0.9634255114250448	NCU10697/NCU09616/NCU07529/NCU05263/NCU05208/NCU04097/NCU03481/NCU01629/NCU01090	9	0.010688836104513063	0.013439945559714188	0.7953035268649087	0.9999999984328474	6.806057399941919e-10	regulation of transcription by RNA polymerase II
GO:0009313	disaccharide catabolic process	3/842	27/5878	0.1111111111111111	0.7756664027447875	-0.4776966370064165	0.7648416722175566	0.9999999984328474	0.9634255114250448	NCU09170/NCU08432/NCU08412	3	0.0035629453681710215	0.004593399115345355	0.7756664027447876	0.9999999984328474	6.806057399941919e-10	disaccharide catabolic process
GO:0042594	response to starvation	2/842	18/5878	0.1111111111111111	0.7756664027447875	-0.38973803876303637	0.752421606367436	0.9999999984328474	0.9634255114250448	NCU09632/NCU06675	2	0.0023752969121140144	0.003062266076896904	0.7756664027447875	0.9999999984328474	6.806057399941919e-10	response to starvation
GO:0006099	glutamate biosynthetic process	3/842	28/5878	0.10714285714285714	0.7479640312181879	-0.546581134379138	0.7864921693023414	0.9999999984328474	0.9634255114250448	NCU09810/NCU08917/NCU06042	3	0.0035629453681710215	0.004763525008506295	0.747964031218188	0.9999999984328474	6.806057399941919e-10	glutamate biosynthetic process
GO:0006348	chromatin silencing at telomere	2/842	19/5878	0.10526315789473684	0.7348418552319039	-0.47332675472116176	0.779113671366999	0.9999999984328474	0.9634255114250448	NCU10806/NCU07896	2	0.0023752969121140144	0.003232391970057843	0.734841855231904	0.9999999984328474	6.806057399941919e-10	chromatin silencing at telomere
GO:0030036	actin cytoskeleton organization	4/842	38/5878	0.10526315789473684	0.7348418552319039	-0.6704731287582255	0.814280889662819	0.9999999984328474	0.9634255114250448	NCU16559/NCU09472/NCU07734/NCU03911	4	0.004750593824228029	0.006464783940115686	0.734841855231904	0.9999999984328474	6.806057399941919e-10	actin cytoskeleton organization
GO:0006351	DNA repair	14/842	135/5878	0.1037037037037037	0.7239553092284684	-1.326685263634027	0.9317889814634889	0.9999999984328474	0.9634255114250448	NCU09641/NCU09496/NCU08901/NCU08553/NCU06438/NCU05263/NCU05120/NCU04848/NCU03909/NCU02787/NCU02563/NCU01580/NCU01386/NCU01090	14	0.0166270783847981	0.022966995576726778	0.7239553092284684	0.9999999984328474	6.806057399941919e-10	DNA repair
GO:0000001	Arp2/3 complex-mediated actin nucleation	1/842	10/5878	0.1	0.6980997624703089	-0.3906694332751572	0.7871837182778159	0.9999999984328474	0.9634255114250448	NCU09808	1	0.0011876484560570072	0.001701258931609391	0.6980997624703088	0.9999999984328474	6.806057399941919e-10	Arp2/3 complex-mediated actin nucleation
GO:0006626	hyphal growth	1/842	10/5878	0.1	0.6980997624703089	-0.3906694332751572	0.7871837182778159	0.9999999984328474	0.9634255114250448	NCU07988	1	0.0011876484560570072	0.001701258931609391	0.6980997624703088	0.9999999984328474	6.806057399941919e-10	hyphal growth
GO:0008608	attachment of spindle microtubules to kinetochore	1/842	10/5878	0.1	0.6980997624703089	-0.3906694332751572	0.7871837182778159	0.9999999984328474	0.9634255114250448	NCU09078	1	0.0011876484560570072	0.001701258931609391	0.6980997624703088	0.9999999984328474	6.806057399941919e-10	attachment of spindle microtubules to kinetochore
GO:0009117	ADP biosynthetic process	1/842	10/5878	0.1	0.6980997624703089	-0.3906694332751572	0.7871837182778159	0.9999999984328474	0.9634255114250448	NCU04195	1	0.0011876484560570072	0.001701258931609391	0.6980997624703088	0.9999999984328474	6.806057399941919e-10	ADP biosynthetic process
GO:0009306	protein secretion	1/842	10/5878	0.1	0.6980997624703089	-0.3906694332751572	0.7871837182778159	0.9999999984328474	0.9634255114250448	NCU05525	1	0.0011876484560570072	0.001701258931609391	0.6980997624703088	0.9999999984328474	6.806057399941919e-10	protein secretion
GO:0010646	cell development	1/842	10/5878	0.1	0.6980997624703089	-0.3906694332751572	0.7871837182778159	0.9999999984328474	0.9634255114250448	NCU07159	1	0.0011876484560570072	0.001701258931609391	0.6980997624703088	0.9999999984328474	6.806057399941919e-10	cell development
GO:0030148	3-keto-sphinganine metabolic process	1/842	10/5878	0.1	0.6980997624703089	-0.3906694332751572	0.7871837182778159	0.9999999984328474	0.9634255114250448	NCU06465	1	0.0011876484560570072	0.001701258931609391	0.6980997624703088	0.9999999984328474	6.806057399941919e-10	3-keto-sphinganine metabolic process
GO:0043328	proteasome-mediated ubiquitin-dependent protein catabolic process	1/842	10/5878	0.1	0.6980997624703089	-0.3906694332751572	0.7871837182778159	0.9999999984328474	0.9634255114250448	NCU03678	1	0.0011876484560570072	0.001701258931609391	0.6980997624703088	0.9999999984328474	6.806057399941919e-10	proteasome-mediated ubiquitin-dependent protein catabolic process
GO:0045040	protein insertion into mitochondrial outer membrane	1/842	10/5878	0.1	0.6980997624703089	-0.3906694332751572	0.7871837182778159	0.9999999984328474	0.9634255114250448	NCU16952	1	0.0011876484560570072	0.001701258931609391	0.6980997624703088	0.9999999984328474	6.806057399941919e-10	protein insertion into mitochondrial outer membrane
GO:0000045	autophagosome assembly	2/842	20/5878	0.1	0.6980997624703089	-0.5529613786681625	0.8032492084364962	0.9999999984328474	0.9634255114250448	NCU03122/NCU02024	2	0.0023752969121140144	0.003402517863218782	0.6980997624703088	0.9999999984328474	6.806057399941919e-10	autophagosome assembly
GO:0000724	double-strand break repair via homologous recombination	2/842	20/5878	0.1	0.6980997624703089	-0.5529613786681625	0.8032492084364962	0.9999999984328474	0.9634255114250448	NCU07913/NCU03968	2	0.0023752969121140144	0.003402517863218782	0.6980997624703088	0.9999999984328474	6.806057399941919e-10	double-strand break repair via homologous recombination
GO:0007049	cell cycle	2/842	21/5878	0.09523809523809523	0.6648569166383892	-0.6290618193408896	0.825012002459018	0.9999999984328474	0.9634255114250448	NCU08873/NCU00512	2	0.0023752969121140144	0.003572643756379721	0.6648569166383894	0.9999999984328474	6.806057399941919e-10	cell cycle
GO:0000278	intracellular signal transduction	3/842	32/5878	0.09375	0.6544685273159145	-0.8013536607204057	0.8571396224864268	0.9999999984328474	0.9634255114250448	NCU16375/NCU10046/NCU08476	3	0.0035629453681710215	0.005444028581150051	0.6544685273159145	0.9999999984328474	6.806057399941919e-10	intracellular signal transduction
GO:0051321	cytoplasmic microtubule organization	3/842	32/5878	0.09375	0.6544685273159145	-0.8013536607204057	0.8571396224864268	0.9999999984328474	0.9634255114250448	NCU10046/NCU06331/NCU03351	3	0.0035629453681710215	0.005444028581150051	0.6544685273159145	0.9999999984328474	6.806057399941919e-10	cytoplasmic microtubule organization
GO:0000447	endonucleolytic cleavage in ITS1 to separate SSU-rRNA from 5.8S rRNA and LSU-rRNA from tricistronic rRNA transcript (SSU-rRNA, 5.8S rRNA, LSU-rRNA)	1/842	11/5878	0.09090909090909091	0.6346361477002808	-0.4959123301881215	0.817720751203869	0.9999999984328474	0.9634255114250448	NCU02428	1	0.0011876484560570072	0.00187138482477033	0.6346361477002808	0.9999999984328474	6.806057399941919e-10	endonucleolytic cleavage in ITS1 to separate SSU-rRNA from 5.8S rRNA and LSU-rRNA from tricistronic rRNA transcript (SSU-rRNA, 5.8S rRNA, LSU-rRNA)
GO:0006378	cellular response to oxidative stress	1/842	11/5878	0.09090909090909091	0.6346361477002808	-0.4959123301881215	0.817720751203869	0.9999999984328474	0.9634255114250448	NCU11050	1	0.0011876484560570072	0.00187138482477033	0.6346361477002808	0.9999999984328474	6.806057399941919e-10	cellular response to oxidative stress
GO:0006995	C-terminal protein lipidation	1/842	11/5878	0.09090909090909091	0.6346361477002808	-0.4959123301881215	0.817720751203869	0.9999999984328474	0.9634255114250448	NCU03122	1	0.0011876484560570072	0.00187138482477033	0.6346361477002808	0.9999999984328474	6.806057399941919e-10	C-terminal protein lipidation
GO:0043248	proteasome assembly	1/842	11/5878	0.09090909090909091	0.6346361477002808	-0.4959123301881215	0.817720751203869	0.9999999984328474	0.9634255114250448	NCU07913	1	0.0011876484560570072	0.00187138482477033	0.6346361477002808	0.9999999984328474	6.806057399941919e-10	proteasome assembly
GO:0006875	cellular metal ion homeostasis	5/842	55/5878	0.09090909090909091	0.6346361477002808	-1.113075331429937	0.9116159824527931	0.9999999984328474	0.9634255114250448	NCU11307/NCU07709/NCU04819/NCU02396/NCU01779	5	0.0059382422802850355	0.00935692412385165	0.6346361477002807	0.9999999984328474	6.806057399941919e-10	cellular metal ion homeostasis
GO:0006606	RNA export from nucleus	3/842	34/5878	0.08823529411764706	0.6159703786502725	-0.91820596413907	0.8841035806996068	0.9999999984328474	0.9634255114250448	NCU08535/NCU04507/NCU03631	3	0.0035629453681710215	0.005784280367471929	0.6159703786502725	0.9999999984328474	6.806057399941919e-10	RNA export from nucleus
GO:0043609	regulation of carbon utilization	3/842	34/5878	0.08823529411764706	0.6159703786502725	-0.91820596413907	0.8841035806996068	0.9999999984328474	0.9634255114250448	NCU04963/NCU03957/NCU01728	3	0.0035629453681710215	0.005784280367471929	0.6159703786502725	0.9999999984328474	6.806057399941919e-10	regulation of carbon utilization
GO:0008654	CTP biosynthetic process	2/842	23/5878	0.08695652173913043	0.607043271713312	-0.7720336463735131	0.8621500718510468	0.9999999984328474	0.9634255114250448	NCU05098/NCU04475	2	0.0023752969121140144	0.003912895542701599	0.607043271713312	0.9999999984328474	6.806057399941919e-10	CTP biosynthetic process
GO:0000727	DNA replication initiation	1/842	12/5878	0.08333333333333333	0.5817498020585906	-0.592989193919209	0.8438804797680997	0.9999999984328474	0.9634255114250448	NCU09261	1	0.0011876484560570072	0.002041510717931269	0.5817498020585907	0.9999999984328474	6.806057399941919e-10	DNA replication initiation
GO:0006792	regulation of sulfur utilization	1/842	12/5878	0.08333333333333333	0.5817498020585906	-0.592989193919209	0.8438804797680997	0.9999999984328474	0.9634255114250448	NCU07585	1	0.0011876484560570072	0.002041510717931269	0.5817498020585907	0.9999999984328474	6.806057399941919e-10	regulation of sulfur utilization
GO:0071028	U1 snRNA 3'-end processing	1/842	12/5878	0.08333333333333333	0.5817498020585906	-0.592989193919209	0.8438804797680997	0.9999999984328474	0.9634255114250448	NCU08026	1	0.0011876484560570072	0.002041510717931269	0.5817498020585907	0.9999999984328474	6.806057399941919e-10	U1 snRNA 3'-end processing
GO:0002181	cytoplasmic translation	2/842	24/5878	0.08333333333333333	0.5817498020585906	-0.8394724489046608	0.8778783748368343	0.9999999984328474	0.9634255114250448	NCU07972/NCU00315	2	0.0023752969121140144	0.004083021435862538	0.5817498020585907	0.9999999984328474	6.806057399941919e-10	cytoplasmic translation
GO:0010468	conidiophore development	2/842	24/5878	0.08333333333333333	0.5817498020585906	-0.8394724489046608	0.8778783748368343	0.9999999984328474	0.9634255114250448	NCU09237/NCU08175	2	0.0023752969121140144	0.004083021435862538	0.5817498020585907	0.9999999984328474	6.806057399941919e-10	conidiophore development
GO:0045944	positive regulation of transcription by RNA polymerase II	6/842	72/5878	0.08333333333333333	0.5817498020585906	-1.4600069328068082	0.9570588482656767	0.9999999984328474	0.9634255114250448	NCU09496/NCU05263/NCU04848/NCU01054/NCU00124/NCU00090	6	0.007125890736342043	0.012249064307587616	0.5817498020585906	0.9999999984328474	6.806057399941919e-10	positive regulation of transcription by RNA polymerase II
GO:0015031	ER-associated misfolded protein catabolic process	8/842	98/5878	0.08163265306122448	0.5698773571186194	-1.755627822192986	0.9781871875139385	0.9999999984328474	0.9634255114250448	NCU17261/NCU08397/NCU07894/NCU06875/NCU06376/NCU04127/NCU03630/NCU02024	8	0.009501187648456057	0.01667233752977203	0.5698773571186194	0.9999999984328474	6.806057399941919e-10	ER-associated misfolded protein catabolic process
GO:0008380	RNA splicing	7/842	86/5878	0.08139534883720931	0.5682207368944374	-1.649254813277079	0.9721352008489166	0.9999999984328474	0.9634255114250448	NCU16015/NCU09237/NCU09093/NCU06773/NCU06735/NCU03918/NCU03386	7	0.00831353919239905	0.014630826811840763	0.5682207368944374	0.9999999984328474	6.806057399941919e-10	RNA splicing
GO:0006355	regulation of histone H3-K4 methylation	27/842	343/5878	0.07871720116618076	0.5495245943643831	-3.515202616368173	0.9999416163447312	0.9999999984328474	0.9634255114250448	NCU16898/NCU11372/NCU10697/NCU10501/NCU08527/NCU07312/NCU06443/NCU06405/NCU05909/NCU05767/NCU05611/NCU05208/NCU04960/NCU04211/NCU04058/NCU03531/NCU03481/NCU03273/NCU03248/NCU02787/NCU02563/NCU02104/NCU01629/NCU01580/NCU01386/NCU00303/NCU00090	27	0.032066508313539195	0.05835318135420211	0.5495245943643831	0.9999999984328474	6.806057399941919e-10	regulation of histone H3-K4 methylation
GO:0006468	cellular response to oxidative stress	12/842	153/5878	0.0784313725490196	0.5475292254669089	-2.3186731517806756	0.9954428181609613	0.9999999984328474	0.9634255114250448	NCU16698/NCU16631/NCU11331/NCU09841/NCU08175/NCU06792/NCU06438/NCU06423/NCU06330/NCU05722/NCU05049/NCU00763	12	0.014251781472684086	0.02602926165362368	0.5475292254669089	0.9999999984328474	6.806057399941919e-10	cellular response to oxidative stress
GO:0006164	'de novo' IMP biosynthetic process	1/842	13/5878	0.07692307692307693	0.5369998172848529	-0.6832975455668386	0.8662897255974997	0.9999999984328474	0.9634255114250448	NCU08568	1	0.0011876484560570072	0.0022116366110922084	0.5369998172848529	0.9999999984328474	6.806057399941919e-10	'de novo' IMP biosynthetic process
GO:0006334	chromatin assembly or disassembly	1/842	13/5878	0.07692307692307693	0.5369998172848529	-0.6832975455668386	0.8662897255974997	0.9999999984328474	0.9634255114250448	NCU06427	1	0.0011876484560570072	0.0022116366110922084	0.5369998172848529	0.9999999984328474	6.806057399941919e-10	chromatin assembly or disassembly
GO:0006555	methionine metabolic process	1/842	13/5878	0.07692307692307693	0.5369998172848529	-0.6832975455668386	0.8662897255974997	0.9999999984328474	0.9634255114250448	NCU03935	1	0.0011876484560570072	0.0022116366110922084	0.5369998172848529	0.9999999984328474	6.806057399941919e-10	methionine metabolic process
GO:0006612	peptidyl-L-cysteine S-palmitoylation	1/842	13/5878	0.07692307692307693	0.5369998172848529	-0.6832975455668386	0.8662897255974997	0.9999999984328474	0.9634255114250448	NCU04661	1	0.0011876484560570072	0.0022116366110922084	0.5369998172848529	0.9999999984328474	6.806057399941919e-10	peptidyl-L-cysteine S-palmitoylation
GO:0006635	fatty acid beta-oxidation	1/842	13/5878	0.07692307692307693	0.5369998172848529	-0.6832975455668386	0.8662897255974997	0.9999999984328474	0.9634255114250448	NCU09058	1	0.0011876484560570072	0.0022116366110922084	0.5369998172848529	0.9999999984328474	6.806057399941919e-10	fatty acid beta-oxidation
GO:0019395	fatty acid oxidation	1/842	13/5878	0.07692307692307693	0.5369998172848529	-0.6832975455668386	0.8662897255974997	0.9999999984328474	0.9634255114250448	NCU08058	1	0.0011876484560570072	0.0022116366110922084	0.5369998172848529	0.9999999984328474	6.806057399941919e-10	fatty acid oxidation
GO:0019752	carboxylic acid metabolic process	1/842	13/5878	0.07692307692307693	0.5369998172848529	-0.6832975455668386	0.8662897255974997	0.9999999984328474	0.9634255114250448	NCU06761	1	0.0011876484560570072	0.0022116366110922084	0.5369998172848529	0.9999999984328474	6.806057399941919e-10	carboxylic acid metabolic process
GO:0032968	DNA repair	1/842	13/5878	0.07692307692307693	0.5369998172848529	-0.6832975455668386	0.8662897255974997	0.9999999984328474	0.9634255114250448	NCU03315	1	0.0011876484560570072	0.0022116366110922084	0.5369998172848529	0.9999999984328474	6.806057399941919e-10	DNA repair
GO:0051169	mRNA transport	2/842	26/5878	0.07692307692307693	0.5369998172848529	-0.9674013922023269	0.9044768777324119	0.9999999984328474	0.9634255114250448	NCU07144/NCU06875	2	0.0023752969121140144	0.004423273222184417	0.5369998172848529	0.9999999984328474	6.806057399941919e-10	mRNA transport
GO:0006605	protein targeting	6/842	78/5878	0.07692307692307693	0.5369998172848529	-1.683082860255409	0.9756392267729912	0.9999999984328474	0.9634255114250448	NCU09143/NCU07988/NCU06875/NCU05959/NCU04507/NCU04127	6	0.007125890736342043	0.013269819666553249	0.5369998172848529	0.9999999984328474	6.806057399941919e-10	protein targeting
GO:0071555	actin cortical patch localization	6/842	80/5878	0.075	0.5235748218527315	-1.754250558287673	0.9799499094349842	0.9999999984328474	0.9634255114250448	NCU09904/NCU09672/NCU09632/NCU05686/NCU05127/NCU01393	6	0.007125890736342043	0.013610071452875128	0.5235748218527316	0.9999999984328474	6.806057399941919e-10	actin cortical patch localization
GO:0009651	ascospore formation	2/842	27/5878	0.07407407407407407	0.5171109351631916	-1.0282654276581256	0.9156476941736004	0.9999999984328474	0.9634255114250448	NCU03222/NCU01393	2	0.0023752969121140144	0.004593399115345355	0.5171109351631917	0.9999999984328474	6.806057399941919e-10	ascospore formation
GO:0065003	ATP synthesis coupled proton transport	4/842	54/5878	0.07407407407407407	0.5171109351631916	-1.457553813073855	0.9613510533024286	0.9999999984328474	0.9634255114250448	NCU10046/NCU09143/NCU05119/NCU01657	4	0.004750593824228029	0.00918679823069071	0.5171109351631917	0.9999999984328474	6.806057399941919e-10	ATP synthesis coupled proton transport
GO:0006360	Golgi to plasma membrane protein transport	1/842	14/5878	0.07142857142857142	0.498642687478792	-0.7679013323521581	0.8854856422295381	0.9999999984328474	0.9634255114250448	NCU04770	1	0.0011876484560570072	0.0023817625042531474	0.498642687478792	0.9999999984328474	6.806057399941919e-10	Golgi to plasma membrane protein transport
GO:0006368	DNA repair	1/842	14/5878	0.07142857142857142	0.498642687478792	-0.7679013323521581	0.8854856422295381	0.9999999984328474	0.9634255114250448	NCU03315	1	0.0011876484560570072	0.0023817625042531474	0.498642687478792	0.9999999984328474	6.806057399941919e-10	DNA repair
GO:0006383	transcription by RNA polymerase III	1/842	14/5878	0.07142857142857142	0.498642687478792	-0.7679013323521581	0.8854856422295381	0.9999999984328474	0.9634255114250448	NCU04770	1	0.0011876484560570072	0.0023817625042531474	0.498642687478792	0.9999999984328474	6.806057399941919e-10	transcription by RNA polymerase III
GO:0009268	cellular response to DNA damage stimulus	1/842	14/5878	0.07142857142857142	0.498642687478792	-0.7679013323521581	0.8854856422295381	0.9999999984328474	0.9634255114250448	NCU00090	1	0.0011876484560570072	0.0023817625042531474	0.498642687478792	0.9999999984328474	6.806057399941919e-10	cellular response to DNA damage stimulus
GO:0030488	cellular response to oxidative stress	1/842	14/5878	0.07142857142857142	0.498642687478792	-0.7679013323521581	0.8854856422295381	0.9999999984328474	0.9634255114250448	NCU04196	1	0.0011876484560570072	0.0023817625042531474	0.498642687478792	0.9999999984328474	6.806057399941919e-10	cellular response to oxidative stress
GO:0032956	actin cytoskeleton organization	1/842	14/5878	0.07142857142857142	0.498642687478792	-0.7679013323521581	0.8854856422295381	0.9999999984328474	0.9634255114250448	NCU16559	1	0.0011876484560570072	0.0023817625042531474	0.498642687478792	0.9999999984328474	6.806057399941919e-10	actin cytoskeleton organization
GO:0042144	lysosomal microautophagy	1/842	14/5878	0.07142857142857142	0.498642687478792	-0.7679013323521581	0.8854856422295381	0.9999999984328474	0.9634255114250448	NCU01548	1	0.0011876484560570072	0.0023817625042531474	0.498642687478792	0.9999999984328474	6.806057399941919e-10	lysosomal microautophagy
GO:0050790	cellular response to glucose starvation	1/842	14/5878	0.07142857142857142	0.498642687478792	-0.7679013323521581	0.8854856422295381	0.9999999984328474	0.9634255114250448	NCU06101	1	0.0011876484560570072	0.0023817625042531474	0.498642687478792	0.9999999984328474	6.806057399941919e-10	cellular response to glucose starvation
GO:0070588	calcium ion transmembrane transport	1/842	14/5878	0.07142857142857142	0.498642687478792	-0.7679013323521581	0.8854856422295381	0.9999999984328474	0.9634255114250448	NCU08490	1	0.0011876484560570072	0.0023817625042531474	0.498642687478792	0.9999999984328474	6.806057399941919e-10	calcium ion transmembrane transport
GO:0006163	ADP biosynthetic process	2/842	28/5878	0.07142857142857142	0.498642687478792	-1.0872751612859999	0.9255827345483125	0.9999999984328474	0.9634255114250448	NCU12069/NCU09659	2	0.0023752969121140144	0.004763525008506295	0.498642687478792	0.9999999984328474	6.806057399941919e-10	ADP biosynthetic process
GO:0006289	DNA replication proofreading	2/842	29/5878	0.06896551724137931	0.4814481120484888	-1.1445675750853126	0.934406333559168	0.9999999984328474	0.9634255114250448	NCU06438/NCU01580	2	0.0023752969121140144	0.004933650901667233	0.48144811204848886	0.9999999984328474	6.806057399941919e-10	DNA replication proofreading
GO:0051301	anaphase-promoting complex-dependent catabolic process	4/842	58/5878	0.06896551724137931	0.4814481120484888	-1.6226907280286351	0.974865594400727	0.9999999984328474	0.9634255114250448	NCU06989/NCU06636/NCU02410/NCU00512	4	0.004750593824228029	0.009867301803334467	0.48144811204848886	0.9999999984328474	6.806057399941919e-10	anaphase-promoting complex-dependent catabolic process
GO:0006888	Golgi organization	4/842	59/5878	0.06779661016949153	0.4732879745561415	-1.6625169872537624	0.9774715600749405	0.9999999984328474	0.9634255114250448	NCU16399/NCU07988/NCU07734/NCU05959	4	0.004750593824228029	0.010037427696495406	0.4732879745561416	0.9999999984328474	6.806057399941919e-10	Golgi organization
GO:0000077	DNA damage checkpoint signaling	1/842	15/5878	0.06666666666666667	0.46539984164687254	-0.8476289786116971	0.9019285292081753	0.9999999984328474	0.9634255114250448	NCU16423	1	0.0011876484560570072	0.0025518883974140864	0.46539984164687254	0.9999999984328474	6.806057399941919e-10	DNA damage checkpoint signaling
GO:0000422	autophagy of mitochondrion	1/842	15/5878	0.06666666666666667	0.46539984164687254	-0.8476289786116971	0.9019285292081753	0.9999999984328474	0.9634255114250448	NCU05313	1	0.0011876484560570072	0.0025518883974140864	0.46539984164687254	0.9999999984328474	6.806057399941919e-10	autophagy of mitochondrion
GO:0006811	cellular response to oxidative stress	1/842	15/5878	0.06666666666666667	0.46539984164687254	-0.8476289786116971	0.9019285292081753	0.9999999984328474	0.9634255114250448	NCU09933	1	0.0011876484560570072	0.0025518883974140864	0.46539984164687254	0.9999999984328474	6.806057399941919e-10	cellular response to oxidative stress
GO:0031145	anaphase-promoting complex-dependent catabolic process	1/842	15/5878	0.06666666666666667	0.46539984164687254	-0.8476289786116971	0.9019285292081753	0.9999999984328474	0.9634255114250448	NCU02058	1	0.0011876484560570072	0.0025518883974140864	0.46539984164687254	0.9999999984328474	6.806057399941919e-10	anaphase-promoting complex-dependent catabolic process
GO:0016192	endocytic recycling	7/842	111/5878	0.06306306306306306	0.44024309344974427	-2.4343162876514413	0.9976324559275401	0.9999999984328474	0.9634255114250448	NCU16594/NCU09472/NCU07146/NCU06777/NCU06370/NCU05959/NCU00889	7	0.00831353919239905	0.018883974140864238	0.4402430934497443	0.9999999984328474	6.806057399941919e-10	endocytic recycling
GO:0006284	base-excision repair	1/842	16/5878	0.0625	0.436312351543943	-0.9231380100024479	0.9160128168436379	0.9999999984328474	0.9634255114250448	NCU01961	1	0.0011876484560570072	0.0027220142905750254	0.43631235154394304	0.9999999984328474	6.806057399941919e-10	base-excision repair
GO:0006812	cation transport	3/842	48/5878	0.0625	0.436312351543943	-1.6033040527050615	0.9761312837563741	0.9999999984328474	0.9634255114250448	NCU07709/NCU04076/NCU01065	3	0.0035629453681710215	0.008166042871725076	0.43631235154394304	0.9999999984328474	6.806057399941919e-10	cation transport
GO:0006511	ER-associated misfolded protein catabolic process	6/842	96/5878	0.0625	0.436312351543943	-2.276806496282791	0.9961372028473676	0.9999999984328474	0.9634255114250448	NCU10046/NCU08405/NCU08378/NCU06815/NCU06754/NCU00512	6	0.007125890736342043	0.016332085743450152	0.43631235154394304	0.9999999984328474	6.806057399941919e-10	ER-associated misfolded protein catabolic process
GO:0006979	cellular response to oxidative stress	4/842	67/5878	0.05970149253731343	0.4167759775942142	-1.9630818053226757	0.990838971664892	0.9999999984328474	0.9634255114250448	NCU11286/NCU07851/NCU06518/NCU04098	4	0.004750593824228029	0.01139843484178292	0.4167759775942142	0.9999999984328474	6.806057399941919e-10	cellular response to oxidative stress
GO:0006623	C-terminal protein lipidation	1/842	17/5878	0.058823529411764705	0.41064691910018164	-0.9949590085945278	0.9280764825238932	0.9999999984328474	0.9634255114250448	NCU05959	1	0.0011876484560570072	0.0028921401837359645	0.4106469191001817	0.9999999984328474	6.806057399941919e-10	C-terminal protein lipidation
GO:0006796	glycogen metabolic process	1/842	17/5878	0.058823529411764705	0.41064691910018164	-0.9949590085945278	0.9280764825238932	0.9999999984328474	0.9634255114250448	NCU08568	1	0.0011876484560570072	0.0028921401837359645	0.4106469191001817	0.9999999984328474	6.806057399941919e-10	glycogen metabolic process
GO:0006906	ER-associated misfolded protein catabolic process	1/842	17/5878	0.058823529411764705	0.41064691910018164	-0.9949590085945278	0.9280764825238932	0.9999999984328474	0.9634255114250448	NCU06777	1	0.0011876484560570072	0.0028921401837359645	0.4106469191001817	0.9999999984328474	6.806057399941919e-10	ER-associated misfolded protein catabolic process
GO:0007030	Golgi organization	1/842	17/5878	0.058823529411764705	0.41064691910018164	-0.9949590085945278	0.9280764825238932	0.9999999984328474	0.9634255114250448	NCU05525	1	0.0011876484560570072	0.0028921401837359645	0.4106469191001817	0.9999999984328474	6.806057399941919e-10	Golgi organization
GO:0051603	peptide catabolic process	1/842	17/5878	0.058823529411764705	0.41064691910018164	-0.9949590085945278	0.9280764825238932	0.9999999984328474	0.9634255114250448	NCU11129	1	0.0011876484560570072	0.0028921401837359645	0.4106469191001817	0.9999999984328474	6.806057399941919e-10	peptide catabolic process
GO:0000209	protein peptidyl-prolyl isomerization	2/842	34/5878	0.058823529411764705	0.41064691910018164	-1.4091296186060023	0.9655127002755997	0.9999999984328474	0.9634255114250448	NCU10046/NCU08405	2	0.0023752969121140144	0.005784280367471929	0.4106469191001817	0.9999999984328474	6.806057399941919e-10	protein peptidyl-prolyl isomerization
GO:0035556	intracellular signal transduction	6/842	107/5878	0.056074766355140186	0.39145781073101427	-2.597455253250816	0.9988470174064279	0.9999999984328474	0.9634255114250448	NCU09841/NCU08268/NCU08175/NCU07509/NCU01357/NCU01151	6	0.007125890736342043	0.018203470568220484	0.39145781073101427	0.9999999984328474	6.806057399941919e-10	intracellular signal transduction
GO:0006220	obsolete oxidation-reduction process	1/842	18/5878	0.05555555555555555	0.38783320137239374	-1.063526330483368	0.9384091222978024	0.9999999984328474	0.9634255114250448	NCU09659	1	0.0011876484560570072	0.003062266076896904	0.38783320137239374	0.9999999984328474	6.806057399941919e-10	obsolete oxidation-reduction process
GO:0006412	DNA recombination	9/842	168/5878	0.05357142857142857	0.37398201560909394	-3.366002444449337	0.9999506924799075	0.9999999984328474	0.9634255114250448	NCU08893/NCU08552/NCU07549/NCU06210/NCU06048/NCU05804/NCU03635/NCU00979/NCU00315	9	0.010688836104513063	0.028581150051037767	0.373982015609094	0.9999999984328474	6.806057399941919e-10	DNA recombination
GO:0006270	DNA replication initiation	1/842	19/5878	0.05263157894736842	0.36742092761595196	-1.129200084341857	0.9472588695717359	0.9999999984328474	0.9634255114250448	NCU02683	1	0.0011876484560570072	0.003232391970057843	0.367420927615952	0.9999999984328474	6.806057399941919e-10	DNA replication initiation
GO:0006406	mRNA export from nucleus	1/842	19/5878	0.05263157894736842	0.36742092761595196	-1.129200084341857	0.9472588695717359	0.9999999984328474	0.9634255114250448	NCU07913	1	0.0011876484560570072	0.003232391970057843	0.367420927615952	0.9999999984328474	6.806057399941919e-10	mRNA export from nucleus
GO:0006914	C-terminal protein lipidation	1/842	19/5878	0.05263157894736842	0.36742092761595196	-1.129200084341857	0.9472588695717359	0.9999999984328474	0.9634255114250448	NCU03122	1	0.0011876484560570072	0.003232391970057843	0.367420927615952	0.9999999984328474	6.806057399941919e-10	C-terminal protein lipidation
GO:0007010	cell surface receptor signaling pathway	1/842	19/5878	0.05263157894736842	0.36742092761595196	-1.129200084341857	0.9472588695717359	0.9999999984328474	0.9634255114250448	NCU06397	1	0.0011876484560570072	0.003232391970057843	0.367420927615952	0.9999999984328474	6.806057399941919e-10	cell surface receptor signaling pathway
GO:0009411	DNA damage checkpoint signaling	1/842	19/5878	0.05263157894736842	0.36742092761595196	-1.129200084341857	0.9472588695717359	0.9999999984328474	0.9634255114250448	NCU06438	1	0.0011876484560570072	0.003232391970057843	0.367420927615952	0.9999999984328474	6.806057399941919e-10	DNA damage checkpoint signaling
GO:0000398	mRNA splicing, via spliceosome	4/842	76/5878	0.05263157894736842	0.36742092761595196	-2.269466541385253	0.9968146442285692	0.9999999984328474	0.9634255114250448	NCU09365/NCU04505/NCU03766/NCU00592	4	0.004750593824228029	0.012929567880231372	0.367420927615952	0.9999999984328474	6.806057399941919e-10	mRNA splicing, via spliceosome
GO:0043161	DNA methylation	3/842	59/5878	0.05084745762711865	0.3549659809171062	-2.0359892356324836	0.9937715470145837	0.9999999984328474	0.9634255114250448	NCU10046/NCU03678/NCU02914	3	0.0035629453681710215	0.010037427696495406	0.3549659809171062	0.9999999984328474	6.806057399941919e-10	DNA methylation
GO:0006874	calcium ion transmembrane transport	1/842	20/5878	0.05	0.34904988123515446	-1.1922821858694723	0.954838325420959	0.9999999984328474	0.9634255114250448	NCU08490	1	0.0011876484560570072	0.003402517863218782	0.3490498812351544	0.9999999984328474	6.806057399941919e-10	calcium ion transmembrane transport
GO:0006400	regulation of transcription by RNA polymerase II	1/842	21/5878	0.047619047619047616	0.3324284583191946	-1.253028301636831	0.9613296415690561	0.9999999984328474	0.9634255114250448	NCU06336	1	0.0011876484560570072	0.003572643756379721	0.3324284583191947	0.9999999984328474	6.806057399941919e-10	regulation of transcription by RNA polymerase II
GO:0007186	G protein-coupled receptor signaling pathway	1/842	21/5878	0.047619047619047616	0.3324284583191946	-1.253028301636831	0.9613296415690561	0.9999999984328474	0.9634255114250448	NCU00889	1	0.0011876484560570072	0.003572643756379721	0.3324284583191947	0.9999999984328474	6.806057399941919e-10	G protein-coupled receptor signaling pathway
GO:0009304	tRNA transcription	1/842	21/5878	0.047619047619047616	0.3324284583191946	-1.253028301636831	0.9613296415690561	0.9999999984328474	0.9634255114250448	NCU04770	1	0.0011876484560570072	0.003572643756379721	0.3324284583191947	0.9999999984328474	6.806057399941919e-10	tRNA transcription
GO:0016573	histone acetylation	1/842	21/5878	0.047619047619047616	0.3324284583191946	-1.253028301636831	0.9613296415690561	0.9999999984328474	0.9634255114250448	NCU10806	1	0.0011876484560570072	0.003572643756379721	0.3324284583191947	0.9999999984328474	6.806057399941919e-10	histone acetylation
GO:0030641	ATP synthesis coupled proton transport	1/842	21/5878	0.047619047619047616	0.3324284583191946	-1.253028301636831	0.9613296415690561	0.9999999984328474	0.9634255114250448	NCU09143	1	0.0011876484560570072	0.003572643756379721	0.3324284583191947	0.9999999984328474	6.806057399941919e-10	ATP synthesis coupled proton transport
GO:0006486	GDP-mannose biosynthetic process	2/842	42/5878	0.047619047619047616	0.3324284583191946	-1.7752349870986224	0.9880691313241827	0.9999999984328474	0.9634255114250448	NCU05544/NCU04887	2	0.0023752969121140144	0.007145287512759442	0.3324284583191947	0.9999999984328474	6.806057399941919e-10	GDP-mannose biosynthetic process
GO:0006260	DNA duplex unwinding	3/842	63/5878	0.047619047619047616	0.3324284583191946	-2.1781323243825406	0.9962393706611075	0.9999999984328474	0.9634255114250448	NCU16767/NCU08946/NCU02683	3	0.0035629453681710215	0.010717931269139162	0.3324284583191947	0.9999999984328474	6.806057399941919e-10	DNA duplex unwinding
GO:0006281	DNA repair	7/842	149/5878	0.04697986577181208	0.3279663313618901	-3.397314752954005	0.9999671328376845	0.9999999984328474	0.9634255114250448	NCU16423/NCU11088/NCU09779/NCU08476/NCU06438/NCU03968/NCU01961	7	0.00831353919239905	0.025348758080979927	0.32796633136189	0.9999999984328474	6.806057399941919e-10	DNA repair
GO:0006839	mitochondrial transport	2/842	43/5878	0.046511627906976744	0.3246975639396785	-1.817201741597756	0.9895756473744819	0.9999999984328474	0.9634255114250448	NCU09143/NCU07988	2	0.0023752969121140144	0.007315413405920381	0.3246975639396785	0.9999999984328474	6.806057399941919e-10	mitochondrial transport
GO:0016567	anaphase-promoting complex-dependent catabolic process	2/842	43/5878	0.046511627906976744	0.3246975639396785	-1.817201741597756	0.9895756473744819	0.9999999984328474	0.9634255114250448	NCU08405/NCU06754	2	0.0023752969121140144	0.007315413405920381	0.3246975639396785	0.9999999984328474	6.806057399941919e-10	anaphase-promoting complex-dependent catabolic process
GO:0006397	RNA 3'-end processing	3/842	65/5878	0.046153846153846156	0.32219989037091173	-2.2467211930740136	0.997085786202238	0.9999999984328474	0.9634255114250448	NCU16015/NCU06718/NCU03766	3	0.0035629453681710215	0.011058183055461041	0.32219989037091173	0.9999999984328474	6.806057399941919e-10	RNA 3'-end processing
GO:0032543	cellular response to oxidative stress	1/842	22/5878	0.045454545454545456	0.3173180738501404	-1.31165688104104	0.9668888769794803	0.9999999984328474	0.9634255114250448	NCU07549	1	0.0011876484560570072	0.00374276964954066	0.3173180738501404	0.9999999984328474	6.806057399941919e-10	cellular response to oxidative stress
GO:0006413	translational initiation	2/842	44/5878	0.045454545454545456	0.3173180738501404	-1.8584571896731414	0.9908959927854399	0.9999999984328474	0.9634255114250448	NCU08952/NCU04344	2	0.0023752969121140144	0.00748553929908132	0.3173180738501404	0.9999999984328474	6.806057399941919e-10	translational initiation
GO:0007034	vacuolar acidification	2/842	44/5878	0.045454545454545456	0.3173180738501404	-1.8584571896731414	0.9908959927854399	0.9999999984328474	0.9634255114250448	NCU10046/NCU08163	2	0.0023752969121140144	0.00748553929908132	0.3173180738501404	0.9999999984328474	6.806057399941919e-10	vacuolar acidification
GO:0006457	protein folding	3/842	66/5878	0.045454545454545456	0.3173180738501404	-2.2804397394087563	0.9974362552071132	0.9999999984328474	0.9634255114250448	NCU08946/NCU07360/NCU07204	3	0.0035629453681710215	0.01122830894862198	0.3173180738501404	0.9999999984328474	6.806057399941919e-10	protein folding
GO:0006364	cellular response to oxidative stress	5/842	110/5878	0.045454545454545456	0.3173180738501404	-2.955242693533901	0.9997871772979823	0.9999999984328474	0.9634255114250448	NCU10622/NCU09094/NCU08026/NCU02428/NCU00319	5	0.0059382422802850355	0.0187138482477033	0.3173180738501403	0.9999999984328474	6.806057399941919e-10	cellular response to oxidative stress
GO:0006310	DNA recombination	1/842	23/5878	0.043478260869565216	0.303521635856656	-1.3683560870283764	0.9716497317580455	0.9999999984328474	0.9634255114250448	NCU16423	1	0.0011876484560570072	0.003912895542701599	0.303521635856656	0.9999999984328474	6.806057399941919e-10	DNA recombination
GO:0006891	cellular response to oxidative stress	1/842	24/5878	0.041666666666666664	0.2908749010292953	-1.4232891851400602	0.975726747276359	0.9999999984328474	0.9634255114250448	NCU05959	1	0.0011876484560570072	0.004083021435862538	0.29087490102929536	0.9999999984328474	6.806057399941919e-10	cellular response to oxidative stress
GO:0007015	actin cortical patch localization	1/842	24/5878	0.041666666666666664	0.2908749010292953	-1.4232891851400602	0.975726747276359	0.9999999984328474	0.9634255114250448	NCU16559	1	0.0011876484560570072	0.004083021435862538	0.29087490102929536	0.9999999984328474	6.806057399941919e-10	actin cortical patch localization
GO:0051726	DNA damage checkpoint signaling	4/842	97/5878	0.041237113402061855	0.2878761907094057	-2.8915514162588445	0.9997638722656097	0.9999999984328474	0.9634255114250448	NCU08946/NCU07935/NCU07734/NCU02396	4	0.004750593824228029	0.016502211636611093	0.2878761907094057	0.9999999984328474	6.806057399941919e-10	DNA damage checkpoint signaling
GO:0006886	intracellular protein transport	4/842	102/5878	0.0392156862745098	0.2737646127334544	-3.0252058458404596	0.9998757273648594	0.9999999984328474	0.9634255114250448	NCU06777/NCU05959/NCU04127/NCU01822	4	0.004750593824228029	0.01735284110241579	0.2737646127334544	0.9999999984328474	6.806057399941919e-10	intracellular protein transport
GO:0006970	ascospore formation	1/842	26/5878	0.038461538461538464	0.26849990864242645	-1.5284102106085302	0.9822076955847718	0.9999999984328474	0.9634255114250448	NCU04098	1	0.0011876484560570072	0.004423273222184417	0.26849990864242645	0.9999999984328474	6.806057399941919e-10	ascospore formation
GO:0000910	cytokinesis	1/842	27/5878	0.037037037037037035	0.2585554675815958	-1.5788342183098347	0.9847676956390476	0.9999999984328474	0.9634255114250448	NCU06397	1	0.0011876484560570072	0.004593399115345355	0.25855546758159587	0.9999999984328474	6.806057399941919e-10	cytokinesis
GO:0006417	cellular response to oxidative stress	1/842	27/5878	0.037037037037037035	0.2585554675815958	-1.5788342183098347	0.9847676956390476	0.9999999984328474	0.9634255114250448	NCU09793	1	0.0011876484560570072	0.004593399115345355	0.25855546758159587	0.9999999984328474	6.806057399941919e-10	cellular response to oxidative stress
GO:0006506	GPI anchor biosynthetic process	1/842	27/5878	0.037037037037037035	0.2585554675815958	-1.5788342183098347	0.9847676956390476	0.9999999984328474	0.9634255114250448	NCU05544	1	0.0011876484560570072	0.004593399115345355	0.25855546758159587	0.9999999984328474	6.806057399941919e-10	GPI anchor biosynthetic process
GO:0042254	cellular response to oxidative stress	3/842	82/5878	0.036585365853658534	0.25540235212328366	-2.7762299057797746	0.9996860192188273	0.9999999984328474	0.9634255114250448	NCU07208/NCU03635/NCU02428	3	0.0035629453681710215	0.013950323239197007	0.2554023521232837	0.9999999984328474	6.806057399941919e-10	cellular response to oxidative stress
GO:0006418	cellular response to oxidative stress	1/842	28/5878	0.03571428571428571	0.249321343739396	-1.6279691881928615	0.9869597312350008	0.9999999984328474	0.9634255114250448	NCU00915	1	0.0011876484560570072	0.004763525008506295	0.249321343739396	0.9999999984328474	6.806057399941919e-10	cellular response to oxidative stress
GO:0018105	cellular response to oxidative stress	1/842	28/5878	0.03571428571428571	0.249321343739396	-1.6279691881928615	0.9869597312350008	0.9999999984328474	0.9634255114250448	NCU11331	1	0.0011876484560570072	0.004763525008506295	0.249321343739396	0.9999999984328474	6.806057399941919e-10	cellular response to oxidative stress
GO:0006265	DNA topological change	1/842	29/5878	0.034482758620689655	0.2407240560242444	-1.675902925452669	0.9888366382948519	0.9999999984328474	0.9634255114250448	NCU02104	1	0.0011876484560570072	0.004933650901667233	0.24072405602424443	0.9999999984328474	6.806057399941919e-10	DNA topological change
GO:0048315	DNA damage checkpoint signaling	4/842	116/5878	0.034482758620689655	0.2407240560242444	-3.3770153791089097	0.9999801366819181	0.9999999984328474	0.9634255114250448	NCU03109/NCU01393/NCU01033/NCU00848	4	0.004750593824228029	0.019734603606668934	0.24072405602424443	0.9999999984328474	6.806057399941919e-10	DNA damage checkpoint signaling
GO:0045333	cellular respiration	1/842	30/5878	0.03333333333333333	0.23269992082343627	-1.722714141498146	0.9904436737805307	0.9999999984328474	0.9634255114250448	NCU01078	1	0.0011876484560570072	0.005103776794828173	0.23269992082343627	0.9999999984328474	6.806057399941919e-10	cellular respiration
GO:0000462	maturation of SSU-rRNA from tricistronic rRNA transcript (SSU-rRNA, 5.8S rRNA, LSU-rRNA)	1/842	31/5878	0.03225806451612903	0.2251934717646157	-1.7684736841302648	0.9918196017348386	0.9999999984328474	0.9634255114250448	NCU00735	1	0.0011876484560570072	0.005273902687989112	0.22519347176461574	0.9999999984328474	6.806057399941919e-10	maturation of SSU-rRNA from tricistronic rRNA transcript (SSU-rRNA, 5.8S rRNA, LSU-rRNA)
GO:0009303	DNA methylation	1/842	32/5878	0.03125	0.2181561757719715	-1.8132455657074185	0.9929976238554588	0.9999999984328474	0.9634255114250448	NCU04770	1	0.0011876484560570072	0.005444028581150051	0.21815617577197152	0.9999999984328474	6.806057399941919e-10	DNA methylation
GO:0030433	ER-associated misfolded protein catabolic process	1/842	32/5878	0.03125	0.2181561757719715	-1.8132455657074185	0.9929976238554588	0.9999999984328474	0.9634255114250448	NCU01296	1	0.0011876484560570072	0.005444028581150051	0.21815617577197152	0.9999999984328474	6.806057399941919e-10	ER-associated misfolded protein catabolic process
GO:0042752	DNA damage checkpoint signaling	1/842	33/5878	0.030303030303030304	0.21154538256676025	-1.8570878278700762	0.994006176834197	0.9999999984328474	0.9634255114250448	NCU02104	1	0.0011876484560570072	0.00561415447431099	0.21154538256676025	0.9999999984328474	6.806057399941919e-10	DNA damage checkpoint signaling
GO:0120166	cellular response to pH	2/842	66/5878	0.030303030303030304	0.21154538256676025	-2.633764236963837	0.9995759545345345	0.9999999984328474	0.9634255114250448	NCU09052/NCU03589	2	0.0023752969121140144	0.01122830894862198	0.21154538256676025	0.9999999984328474	6.806057399941919e-10	cellular response to pH
GO:0000909	obsolete regulation of cAMP metabolic process	3/842	103/5878	0.02912621359223301	0.20333002790397345	-3.335124852193435	0.9999821215162117	0.9999999984328474	0.9634255114250448	NCU05097/NCU05079/NCU01393	3	0.0035629453681710215	0.017522966995576726	0.20333002790397345	0.9999999984328474	6.806057399941919e-10	obsolete regulation of cAMP metabolic process
GO:0006974	DNA methylation	1/842	35/5878	0.02857142857142857	0.1994570749915168	-1.9421900868386144	0.9956087982238175	0.9999999984328474	0.9634255114250448	NCU08476	1	0.0011876484560570072	0.005954406260632868	0.1994570749915168	0.9999999984328474	6.806057399941919e-10	DNA methylation
GO:0006396	RNA processing	1/842	36/5878	0.027777777777777776	0.19391660068619687	-1.983542369783598	0.9962415882110751	0.9999999984328474	0.9634255114250448	NCU00604	1	0.0011876484560570072	0.006124532153793808	0.19391660068619687	0.9999999984328474	6.806057399941919e-10	RNA processing
GO:0040009	positive regulation of transcription by RNA polymerase II	1/842	48/5878	0.020833333333333332	0.14543745051464765	-2.430643287346476	0.9994204667479138	0.9999999984328474	0.9634255114250448	NCU00090	1	0.0011876484560570072	0.008166042871725076	0.14543745051464768	0.9999999984328474	6.806057399941919e-10	positive regulation of transcription by RNA polymerase II
GO:0006897	endocytic recycling	1/842	49/5878	0.02040816326530612	0.14246933927965486	-2.4645730761587994	0.9995041660615085	0.9999999984328474	0.9634255114250448	NCU10046	1	0.0011876484560570072	0.008336168764886015	0.14246933927965486	0.9999999984328474	6.806057399941919e-10	endocytic recycling
GO:0030448	DNA damage checkpoint signaling	3/842	168/5878	0.017857142857142856	0.124660671869698	-4.706564973650042	0.9999999984328474	0.9999999984328474	0.9634255114250448	NCU09808/NCU05313/NCU01393	3	0.0035629453681710215	0.028581150051037767	0.12466067186969801	0.9999999984328474	6.806057399941919e-10	DNA damage checkpoint signaling
GO:0007165	TOR signaling	1/842	71/5878	0.014084507042253521	0.09832391020708574	-3.1253225474395308	0.9999840845288497	0.9999999984328474	0.9634255114250448	NCU01042	1	0.0011876484560570072	0.012078938414426676	0.09832391020708575	0.9999999984328474	6.806057399941919e-10	TOR signaling
GO:0070787	conidiophore development	1/842	84/5878	0.011904761904761904	0.08310711457979865	-3.460668746612401	0.9999979279261793	0.9999999984328474	0.9634255114250448	NCU01393	1	0.0011876484560570072	0.014290575025518884	0.08310711457979868	0.9999999984328474	6.806057399941919e-10	conidiophore development
