"","baseMean","log2FoldChange","lfcSE","stat","pvalue","padj"
"NCU09907",5.33473518788206,4.43107824904112,0.879325181082848,5.03918043559773,4.67529558664866e-07,3.0515780653396e-05
"NCU09909",239.855089541048,2.72643107128136,0.500316338030972,5.4494144285022,5.05359306612371e-08,3.83775873635121e-06
"NCU09913",115.234180098297,1.09069112818106,0.283764654518137,3.84364687713898,0.00012121939450796,0.00489949519224644
"NCU09914",47.6271125670856,1.5557064193216,0.414612468158806,3.75219400957746,0.000175293722415201,0.00674636397821052
"NCU10501",10.2507910632324,3.24958718619596,0.661638286607196,4.91142555074838,9.04166174873031e-07,5.59887515979069e-05
"NCU08084",14.989840872651,5.40013676801914,0.583867212637458,9.2489125115033,2.26788239059536e-20,5.21612949836934e-18
"NCU08085",9.12646853290248,8.02974286716168,1.03170438740379,7.78298800043678,7.08313541998666e-15,9.91638958798132e-13
"NCU08086",4.02358459229296,4.87749507811718,1.04938906001693,4.64793779919765,3.35269971959368e-06,0.000193934606534581
"NCU08089",9.21027305667923,1.59565702089951,0.475289671143776,3.35723058542296,0.000787274264315244,0.0247722130074438
"NCU08095",3839.31427780063,1.58093079956034,0.406427138574523,3.88982587409198,0.00010031617629719,0.00415903117180623
"NCU07449",716.680482028389,2.75575581246879,0.634923624345763,4.34029496903407,1.42291581147027e-05,0.000731136528659724
"tcu-3",796.859293270726,2.60968522042851,0.287010102433093,9.09265979944688,9.66452728051209e-20,2.12180303476697e-17
"NCU02061",95.0487407266103,1.40901484823921,0.429298069282905,3.28213646661121,0.00103023732452718,0.0315939446188334
"NCU16363",192.49538051388,1.80903621918818,0.383406087495194,4.71832941152989,2.377892403222e-06,0.000140063662287345
"NCU16380",147.933533977289,-0.922950692643083,0.257356336107114,-3.58627538223478,0.000335434731972105,0.0120906698166065
"NCU09333",2580.99689559156,-0.763455433488522,0.175182055474619,-4.35806870412669,1.31215196784331e-05,0.000681472473621847
"NCU03079",598.799212192786,-0.854358060524549,0.2266876622491,-3.76887763563295,0.000163983247753532,0.0063363126931965
"NCU03266",161.55025786746,-0.60671836633973,0.163561143902094,-3.70942848567324,0.000207727619777986,0.0079001921537612
"NCU08362",543.085568016029,-0.551794121886167,0.152991264598129,-3.60670345026297,0.000310111728526558,0.0113044501794964
"NCU07387",820.54958448535,-0.8325027082657,0.216234483205256,-3.84999975917561,0.000118117940976222,0.00480330762281243
"NCU00900",688.764638941644,-0.760854474313377,0.221961967659306,-3.42785965693559,0.000608359871225265,0.0198539066082299
"scp",1119.82027445863,0.826146540225181,0.249468525484597,3.31162634091967,0.000927553461866563,0.0289037627149387
"tcu-1",2982.39745369698,5.15509016787644,0.524070317773374,9.83663831559657,7.8282932965776e-23,2.36316603890436e-20
"NCU00829",3208.18348521689,5.1816781750072,0.401390912062433,12.9093061633673,3.98878941523551e-38,3.21097547926459e-35
"NCU16445",426.343074179038,-1.55257432167251,0.49601828773882,-3.13007475742512,0.00174761822204261,0.0497993865042231
"NCU03037",136.8865894699,-0.603735310776755,0.185404861743403,-3.25630787186322,0.00112871290423237,0.0342873165247947
"NCU02884",2997.73611881242,2.51105681650161,0.64064891279422,3.91955213901717,8.87136684709289e-05,0.00372597407577901
"NCU02857",17.897757992904,2.38517209836857,0.450626583648087,5.29301240743322,1.2031775375377e-07,8.42224276276392e-06
"NCU02838",98.1458381524228,-0.725565339371523,0.213977512223337,-3.3908485608255,0.000696765903777117,0.0224358621016232
"prd-4",1146.40108964601,-0.802592837664778,0.253868544998806,-3.1614504966283,0.00156985499563445,0.0452680574860561
"NCU02776",123.224226001504,-1.14784584140979,0.271186733530203,-4.23267696936195,2.30926073913161e-05,0.00108816871902494
"NCU09240",421.699884470125,-0.825861157376102,0.190533583194599,-4.33446505088092,1.4611499816868e-05,0.000740466866329249
"NCU08630",22.0087736253805,3.74817705260111,0.54385094211642,6.89191975656953,5.50444228235169e-12,6.11182901695601e-10
"NCU08639",7.24169110775443,4.65090468572859,0.696977669434344,6.67296082742965,2.50693325834772e-11,2.63227992126511e-09
"NCU10027",24.3660939669401,3.19438559497661,0.887105588144433,3.60090798397329,0.000317107800302562,0.0114728889547669
"NCU10030",259.447023399201,1.94646971351867,0.14946778163557,13.0226707871033,9.09337598864863e-39,7.98563745912235e-36
"NCU10031",1095.4789752527,3.3164179094338,0.45190123456605,7.33881135026879,2.15499104124353e-13,2.60215168230156e-11
"NCU09634",41.5455455129483,5.08021985412762,0.360482343646922,14.0928396179744,4.20314713092409e-45,1.01506003211817e-41
"NCU09633",42.2668956924834,4.73714217042899,0.363184372279515,13.0433535471157,6.93387471188501e-39,6.69812297168092e-36
"NCU09632",247.312155416163,2.61652707048244,0.196900526956734,13.2885732248821,2.69671331966916e-40,4.34170844466735e-37
"NCU09631",56.9892154287379,2.00044838784921,0.317457318637848,6.30147194726137,2.94832149965052e-10,2.81987977095288e-08
"NCU09630",27.4708756777805,1.72396916185476,0.401736083583527,4.29129777558633,1.77631924379592e-05,0.000875471627299419
"NCU09623",11.0308279504919,5.95835914874626,0.793020323117401,7.51350119921727,5.75666152831251e-14,7.61771922787656e-12
"NCU09620",79.4241327520713,1.14290169069651,0.340307349474045,3.35843963541456,0.000783838390915789,0.0247447021445965
"NCU09615",440.295901376331,-1.05973472886597,0.234253349469435,-4.52388292959814,6.07153165031179e-06,0.000327659194089452
"NCU09613",69.6656185494308,3.87289093790609,0.388450679788285,9.9700969503179,2.06027627391542e-23,6.63408960200767e-21
"NCU09604",65.1277276513943,5.6582022418334,0.448955014877464,12.6030494244011,2.03136132707469e-36,1.40163931568153e-33
"NCU09603",10.8792195720441,5.44119606777085,0.814684688208593,6.67889816333172,2.40745372965181e-11,2.57052845255951e-09
"NCU09597",7.68704173289081,2.41194237078538,0.712171408767724,3.38674417575789,0.000707273062449142,0.0226233701432408
"NCU09596",173.59368052049,1.91192495887893,0.412157915214816,4.63881655137554,3.50409910791935e-06,0.000199115278720593
"NCU09593",5.33187695073636,4.52749121329887,0.918736597933033,4.92795347816206,8.30953954375118e-07,5.17871948339589e-05
"NCU03512",91.358627549827,1.93584758642282,0.382125992490221,5.06599295642618,4.06276938307636e-07,2.66981988030732e-05
"NCU03468",88.9398427721862,1.5210472813544,0.316926137087286,4.79937469131957,1.59161781526072e-06,9.60939255963657e-05
"NCU03413",66.3434223931442,1.00429056146303,0.31754466933982,3.16267491925141,0.00156326789288213,0.0452130773809623
"NCU05460",324.736372271342,-4.29678888313303,0.363551279917056,-11.8189348256822,3.11610395509947e-32,1.57893016616148e-29
"NCU05462",30.3032177494434,6.45720629631123,0.61749380128836,10.4571192177779,1.35925555799409e-25,5.05015718854726e-23
"NCU05463",15.2056491047489,6.30245343418062,0.725683474796463,8.68485180256904,3.79236479104646e-18,7.04504690029016e-16
"NCU05466",43.5891108080991,6.00097110827068,0.648533652430088,9.2531375754901,2.17997572391297e-20,5.13623548609739e-18
"NCU05467",11.8553881215854,4.58969825509956,0.962580983370277,4.76811648514983,1.85956260578595e-06,0.000110204753201793
"NCU01496",36.5770988189107,-1.38535643145284,0.409484953748577,-3.38316809633853,0.000716547598106875,0.0228443887713281
"eas",12433.7929489108,3.13557292625895,0.993857691434747,3.15495161257181,0.00160524725899529,0.0461508586961146
"NCU08407",235.595401541447,1.67484352972827,0.496511745987074,3.37322035835961,0.000742944692026458,0.023608045147946
"NCU08431",64.3321392155698,2.16358118898088,0.523209598032718,4.13520928728372,3.54631293062504e-05,0.00157868124008469
"NCU09339",5.95839136846088,2.684351760556,0.706414859980828,3.79996502427603,0.000144716511317604,0.00563694152954859
"NCU09351",54.3050424138318,1.01496989249821,0.293687578680437,3.45595103837404,0.000548354916565098,0.0183290951350133
"NCU09774",28.8781781969815,2.80736487602939,0.60631766512376,4.63018816292669,3.6533359264074e-06,0.000206381433035646
"NCU09773",282.595265308098,2.81681868660983,0.564231352895933,4.99231152638439,5.96609224246511e-07,3.76682686681131e-05
"NCU09761",535.584023002216,1.06420612583862,0.308147016001052,3.45356622189386,0.000553226456499183,0.0184281640337314
"NCU11088",423.43397190734,1.40174419211423,0.290609961913574,4.82345540697982,1.41092322498883e-06,8.62627743885576e-05
"NCU09490",94.0024503039951,2.41639731186801,0.471682425669022,5.12293267751211,3.00819777474273e-07,1.99035551397361e-05
"set-6",362.186138187063,2.52282574382341,0.325991742143404,7.73892530907613,1.0026065604146e-14,1.36410977093029e-12
"NCU09524",61.8707439769548,2.00976336422256,0.331260590166343,6.06701619173399,1.30308424594366e-09,1.14434489234689e-07
"NCU11405",63.641741652551,1.44474992855486,0.445970438508687,3.23956433835852,0.00119712455334161,0.0359137366002482
"NCU09506",55.0478598070234,1.73683940855358,0.500717414954411,3.46870181999104,0.00052297955261394,0.0175416058272592
"NCU09147",26.1375371983932,4.81965926894983,0.366048021296894,13.1667403961752,1.36358822574381e-39,1.46358469563169e-36
"NCU09163",72.7914849448901,2.42728756143724,0.715565392767941,3.39212542413215,0.000693526856752115,0.0224062522950683
"NCU09164",10.0763246441812,4.29724480893201,1.03205489260612,4.16377543454177,3.1302800094254e-05,0.00142634457033252
"NCU09165",14.4295992810455,4.02536354591866,0.663673189121475,6.06527973692468,1.31724180921559e-09,1.14635638531735e-07
"NCU09167",516.224741918478,4.04525011864762,0.545845559919278,7.41097925069839,1.25370200655939e-13,1.59352123465312e-11
"NCU09168",206.726101303781,3.63973785708977,0.594776943046261,6.11950059537979,9.38690797199675e-10,8.47453560836342e-08
"NCU09169",2931.61945420371,1.91347450932266,0.462060439618182,4.14117796127241,3.455267410599e-05,0.00154527236974011
"NCU09171",97.5012780091738,5.19216915594697,0.418513761073666,12.4062089204112,2.41834908441477e-35,1.46007825971542e-32
"NCU09172",16.048271363399,3.71194531985319,0.627101641164363,5.91920842841534,3.23494789134031e-09,2.67090569490149e-07
"NCU09173",52.7121024415669,2.70808836688187,0.624991606559079,4.33299957705253,1.47091392592368e-05,0.000740466866329249
"NCU09177",9.07652866930758,6.08634602994899,0.91478581098078,6.65330174221172,2.86589783952519e-11,2.97683582041004e-09
"NCU09178",277.223114419685,2.54960210755091,0.464489048437413,5.489046762519,4.04108638267935e-08,3.1229515565346e-06
"NCU09179",6.37424879931902,4.09665665205905,0.76247646356172,5.37283030734159,7.75102661988485e-08,5.71564253038837e-06
"NCU09187",781.929924442563,1.2100511122733,0.346517433087943,3.49203531115331,0.000479354872368049,0.0164204541385651
"NCU16614",9.90171658927903,3.03645786508915,0.578071985451288,5.25273312236131,1.49858603410895e-07,1.02669085741081e-05
"stk-36",47.1400492958817,3.34072793029561,0.364062834213474,9.17623996833667,4.46406825780348e-20,1.0028581248926e-17
"NCU05659",5.92552615813582,3.41224100309558,0.957316027799624,3.56438302922658,0.000364713047174736,0.0128544937552772
"NCU06412",504.182658852392,1.63955451353638,0.250249080230207,6.55169046786559,5.688936674668e-11,5.78475034497819e-09
"NCU06413",2670.79127640292,1.22848629509615,0.339144550394145,3.62230881689955,0.000291985247359138,0.0107246292376018
"NCU07511",219.161440299253,2.8318857824203,0.424059125156551,6.67804467448932,2.42151231038214e-11,2.57052845255951e-09
"NCU07510",26.233351508321,4.12337054878889,0.379539665343302,10.8641360187194,1.70832484388343e-27,6.87600749663079e-25
"gh10-2",288.927644363278,1.39571794344846,0.327202424378718,4.26561003054488,1.99356733402899e-05,0.000953359428055446
"NCU08191",59.8256463812579,1.24016657279408,0.29508751581484,4.20270769290101,2.63741071230777e-05,0.00122487439811986
"NCU08193",7419.51624939931,3.85636821234545,0.440905548884522,8.74647239550953,2.20126093015501e-18,4.16944717358772e-16
"NCU08194",1335.43343332924,3.15765182109919,0.493475434208311,6.39880245744158,1.56600286244959e-10,1.52803915669324e-08
"NCU11286",19.542054533059,6.51122398714819,1.02631483959841,6.34427539768986,2.23474752720367e-10,2.15876611127875e-08
"NCU08222",9.79250299948091,4.17930571884188,0.964312744278723,4.33397333348309,1.4644192139204e-05,0.000740466866329249
"NCU08223",1161.75614911011,3.5669716113839,0.368231831776189,9.6867552003269,3.43260988943966e-22,9.75265045058446e-20
"NCU08243",20.3016416359148,4.10925968875246,1.22586608458038,3.35212772458672,0.000801930124463939,0.0251514448127326
"NCU08250",10.6705362190169,2.59888756012422,0.817639946249559,3.17852322656823,0.0014802735769029,0.0431873186365201
"NCU08260",3.35207131583866,3.86638167898109,1.17997760144781,3.2766568401274,0.00105043953168582,0.0321115375825477
"NCU08261",3.67331458294116,3.34737506931202,1.02935442044699,3.25191693241911,0.00114629517527999,0.0347122614207045
"NCU08576",4.09963719551354,3.06803526873107,0.905840830714524,3.38694742464966,0.000706749302743015,0.0226233701432408
"NCU08572",18.2936744177964,7.11218725403777,0.90064568804734,7.89676489703456,2.86235550252866e-15,4.12691853051148e-13
"NCU08571",8.69969636520301,3.14808255740384,0.547056371527664,5.75458530646991,8.68547378856176e-09,7.05056107542073e-07
"NCU08570",85.5334910116959,3.36460211465115,0.484107954249228,6.9501070683069,3.65009081582869e-12,4.09998573033781e-10
"NCU08569",41.647731529253,4.00760436572141,0.53308316905572,7.51778446282652,5.57122474632613e-14,7.47472653465423e-12
"NCU08539",5.10910516971358,4.81440238365246,1.00953972855635,4.76890829302687,1.85226951031512e-06,0.000110204753201793
"NCU08538",38.6094778867873,1.52502089067631,0.281125463407895,5.42469853918429,5.80524320106663e-08,4.31374225556182e-06
"NCU08533",5.22922829913605,4.48448401668783,1.05037194214486,4.26942479778213,1.95977710229007e-05,0.000941863025279707
"NCU08532",13.5154320104501,4.42574280230651,1.06107466016386,4.17100037204077,3.03265367027732e-05,0.00139502068832757
"NCU08524",136.898198195774,1.05098722835488,0.302957859951296,3.46908718104835,0.000522229959778704,0.0175416058272592
"NCU08523",47.8788795194245,4.03476645539666,0.45809204754315,8.80776358602167,1.27667338439211e-18,2.46653297864555e-16
"NCU08522",59.7095052542042,4.08274714092409,0.45317141240238,9.00927779023036,2.07417881595601e-19,4.26309943875214e-17
"NCU08521",23.1248580488749,4.41194220944044,0.556088496770395,7.93388504718899,2.1239470196077e-15,3.15651203221698e-13
"NCU08797",39.4991359528436,2.35825479689128,0.34933279616594,6.75073976097871,1.47093227267549e-11,1.61468247205059e-09
"NCU08790",72.9048979176654,3.32645647694786,0.366238755961922,9.08275386697119,1.05861815144039e-19,2.27250029842536e-17
"NCU08789",6.56150596185904,3.52519093353137,0.83243639373557,4.23478713816443,2.28768301167751e-05,0.00108328519082376
"NCU08777",39.8187195632706,1.55104242145373,0.435913864887835,3.55813968397822,0.000373490689218013,0.0130721741226305
"con-6",1919.45483269333,2.90820996795631,0.663030075706995,4.3862414006714,1.15326127179915e-05,0.000603626746335131
"NCU08765",4.58498337424139,5.39481823076346,1.10279925988149,4.89193131245229,9.98512942132286e-07,6.143716573884e-05
"NCU16716",191.995875314716,3.20158373123841,0.384135334689449,8.33452026439252,7.78130464708367e-17,1.23225250640702e-14
"NCU08764",190.80357327494,2.36101685028008,0.393030473192105,6.0072106651284,1.88742211571838e-09,1.59934189805611e-07
"NCU10427",6.60817667159716,3.13965507256185,0.890501694561573,3.52571487705884,0.000422341401309495,0.0146756040886681
"NCU08756",30.0063713620805,4.92330649391048,0.500951237592633,9.82791562222677,8.53673086682464e-23,2.4989339446523e-20
"NCU10285",67.2090518056123,5.51489604210642,0.592407641084747,9.30929255403965,1.28686606494503e-20,3.18746825317154e-18
"NCU09635",180.390112879424,1.63630178839477,0.366962692991657,4.45904125854007,8.23270742034587e-06,0.000436966778464511
"NCU09637",399.568102596301,1.00364156964046,0.292223374455608,3.4345013348442,0.000593645148214771,0.0195054834413425
"NCU09640",209.571346421299,1.45871377714404,0.394006851237476,3.70225485308845,0.000213691803207741,0.00809514830975206
"NCU09645",3.3792537884534,3.61775121431722,1.13046644747577,3.20022873955732,0.00137318560435141,0.0404419906647398
"NCU09648",237.253863720739,1.15862416498991,0.287707116081482,4.02709596053849,5.64699899898004e-05,0.0024244449035621
"NCU09650",224.282069558975,1.2555126046896,0.366854524767121,3.42237186657736,0.000620773489169277,0.0201908144962129
"NCU09660",45.5993502271687,4.24027738378238,0.45541838036847,9.31072957650865,1.26957243704227e-20,3.18746825317154e-18
"NCU16720",153.900343424518,3.60426749905617,0.501794906373212,7.18275026964,6.83228340598843e-13,7.95179008456003e-11
"NCU09664",59.0594108969822,1.48286275040001,0.449701954431714,3.29743452477073,0.000975724210019401,0.0301134053315892
"NCU07592",9.30962960477365,3.9874109278422,1.07973080086702,3.69296765882783,0.000221652220784746,0.0083639080186744
"NCU07593",14.1405983096651,4.36542322759244,1.00751152702145,4.33287670712625,1.47173538649292e-05,0.000740466866329249
"NCU07595",5.99771419281135,3.40658930082005,0.647346017353086,5.2623932325237,1.42192238532835e-07,9.88184909515958e-06
"NCU07596",131.002839257614,2.89299408468923,0.301624393417394,9.59137970212458,8.69148774805445e-22,2.26918301746503e-19
"NCU11364",234.899706484712,2.13387062012728,0.554319085673139,3.84953481718207,0.000118342361721466,0.00480330762281243
"NCU11363",147.522980465669,2.74233194202404,0.513936813612569,5.33593210174538,9.50549698740607e-08,6.85247021629422e-06
"NCU07610",29.415652993688,1.9366364828584,0.42722456648957,4.53306442270256,5.81340750729322e-06,0.000315491665845239
"NCU07623",224.443705071976,3.58620907451738,0.428886410358093,8.36167569758884,6.18336233280805e-17,9.95521335582096e-15
"nst-7",249.770444586068,3.08151076494342,0.250481904845882,12.3023288522156,8.79997736104623e-35,4.72265451709481e-32
"NCU16728",8.0379757814918,6.08336634441725,0.826782065460658,7.35788377439923,1.86848616286086e-13,2.31404824785076e-11
"NCU07640",5.58689640944582,5.63974485472041,0.901531090155751,6.25574083501222,3.95633283399268e-10,3.7468799192519e-08
"NCU07641",7.05660353440611,4.93740291923412,1.14244581622361,4.32178301072945,1.54773362841049e-05,0.000774668748727737
"NCU07643",3.71050984429652,4.32612937238235,1.13405814076247,3.81473331647154,0.000136330079181369,0.00538583344941323
"NCU07644",13.7810320005795,4.31879690489277,1.10166707235557,3.9202378043835,8.84616340629743e-05,0.00372597407577901
"NCU04852",192.920998913545,3.41932315034564,0.798541787873693,4.28195894350175,1.85255168461103e-05,0.000908408592555458
"NCU10502",9.52829951532401,3.06134647223044,0.963372631762519,3.17773867691219,0.00148428465707295,0.0431873186365201
"NCU04879",614.849991602121,2.82388276809526,0.328467762104834,8.59713827012948,8.17284946077966e-18,1.46203195909503e-15
"NCU16738",308.099378044511,2.63141443328492,0.491491355822365,5.35393837981551,8.6060178098013e-08,6.25068661975042e-06
"gh18-4",155.31098149366,2.51876786952672,0.484693958844762,5.19661494343781,2.02950132745477e-07,1.37097781980511e-05
"NCU04886",137.91653051086,1.38991427578012,0.266874008882573,5.20812904036561,1.90754253679914e-07,1.29766626094927e-05
"NCU04887",1263.02396533283,1.41061766380189,0.340547418297504,4.14220630669872,3.4398070543505e-05,0.00154527236974011
"NCU04897",135.243919285271,2.16523377819855,0.567064527863255,3.8183199121224,0.000134363615263051,0.00534136840922252
"NCU04914",5222.48099261596,1.12109464471049,0.358310448310486,3.12883604147382,0.00175500206522816,0.0498627057355999
"NCU04917",214.264331134003,1.90005175619919,0.319193293605491,5.95266816146697,2.63805845687911e-09,2.19686592184933e-07
"NCU04918",5.96923119247492,3.52135344946188,1.00241827651734,3.51285838651704,0.000443313688784562,0.0153491406224332
"NCU04919",32.9457541781486,6.61553331519035,0.653787655398085,10.1187797912186,4.56065690983518e-24,1.57342663389314e-21
"NCU04920",27.4812118502278,4.51261733976751,0.49781802527467,9.06479297787115,1.24841094123813e-19,2.62166297660007e-17
"NCU04928",1256.50499406031,1.36625291244176,0.348809541123225,3.91690235319307,8.96940578749783e-05,0.00375084242022636
"NCU04948",28.8590882334701,1.46649625561517,0.410457735592963,3.57283132573103,0.000353142242872501,0.0125880223843113
"NCU07894",405.693735712409,4.50020516058498,0.768428453211708,5.85637497124945,4.7307943649996e-09,3.87283674287255e-07
"NCU06315",754.194922332496,-1.06160707760926,0.323175948099119,-3.28491982108663,0.00102011396685961,0.0313831239486109
"NCU09939",9.82758837279803,2.14745073428421,0.583187713845158,3.68226333186158,0.000231172442161056,0.00865552632277443
"NCU09933",255.835008477849,2.69825569157967,0.475663170245852,5.67261848375825,1.40631189837171e-08,1.1135223719894e-06
"nit-3",840.087023620798,1.77134491741975,0.475166381131686,3.72784142093767,0.000193126830344403,0.00737393352224085
"NCU05184",27.6086585703368,1.40649103725439,0.341564520757372,4.11779020296279,3.82522681329715e-05,0.00167795954681349
"NCU05176",24.0339965119178,2.18979658423611,0.611523629654735,3.58088629456962,0.000342430661961257,0.0122969523960808
"NCU05173",47.1260172309255,8.74096775845053,0.691010770616027,12.6495390956903,1.12533045730493e-36,8.36207093658895e-34
"NCU05172",30.3013612114661,5.7482606316806,0.72655845269188,7.9116285969607,2.54043334409616e-15,3.71827062181347e-13
"NCU05170",192.345378337065,1.77051954394793,0.430823968638049,4.10961244692355,3.9632369275915e-05,0.00171681025652618
"NCU10070",104.001473057339,2.47250103005025,0.355169699451645,6.96146386887059,3.36754933430955e-12,3.82712077287415e-10
"NCU16905",32.9322875706368,1.66836770936347,0.477343610946035,3.49510849439668,0.000473869088869978,0.0163484835660142
"NCU10040",1639.44802785411,3.52775267137958,0.834198650173495,4.22891198714585,2.34824181416698e-05,0.00110116582159481
"NCU10039",254.956942702689,3.62669322499031,0.287994004527114,12.5929469641055,2.30889500738923e-36,1.48692838475867e-33
"NCU10038",173.861790354384,2.01187868220364,0.163186051050773,12.3287417597824,6.34294239769731e-35,3.60428373892683e-32
"NCU16906",6.50667221009825,5.65084940026161,0.927940131005393,6.08967023997454,1.13143494502819e-09,1.00272124485985e-07
"NCU10037",18.7789918486501,5.30942421054814,0.596597694946965,8.89950506935855,5.60962666418842e-19,1.12893736616792e-16
"NCU08917",11.0083521305181,2.62397554879616,0.617899430498171,4.24660619395721,2.17032936692188e-05,0.00103277742288007
"NCU08916",5.06056339138144,2.70610119200946,0.744206677212566,3.63622267156375,0.000276665199839875,0.0102007092765389
"NCU08884",10.905961761153,4.0070019242741,0.964756872131642,4.15338002767535,3.27600003751066e-05,0.00147879254029687
"NCU09698",644.85578729553,2.99243793912317,0.548423739556972,5.45643400035987,4.8579172348167e-08,3.72440321335947e-06
"NCU09677",239.771397823903,-0.772348637752822,0.243784041397889,-3.16816733910914,0.00153403195402617,0.0445007467744528
"NCU11309",38.9802026921999,-2.72692524482033,0.566521909092564,-4.81345063810193,1.48346255997076e-06,9.01273479831291e-05
"NCU03639",710.473058871803,1.64157815655654,0.361187197095824,4.54495112162304,5.4948003486805e-06,0.000299885713944936
"NCU03839",119.129354648412,-0.669236160884917,0.187802967036151,-3.56350153273187,0.000365940557215448,0.0128544937552772
"NCU01038",331.940693651117,1.78149102382201,0.395189946551183,4.50793609343824,6.54612853347264e-06,0.000349367964825114
"gh61-4",6.31519698243625,4.075702037578,1.03073409004317,3.95417409489902,7.67994756119323e-05,0.003268206759521
"NCU01057",195.650806180735,1.63975739475819,0.398392734434997,4.11593197622868,3.8561803249751e-05,0.00167795954681349
"NCU01065",219.010156564979,1.57073117342706,0.466842791452791,3.36458268647358,0.00076659510211623,0.0242797006112878
"NCU01212",1224.11931369075,7.07318663982042,0.59866617069932,11.8149095205397,3.26900655519975e-32,1.57893016616148e-29
"sod-2",8333.24709634194,2.11032258097399,0.464228445170065,4.54587090241939,5.47085631057253e-06,0.000299885713944936
"NCU01348",4548.67076954744,2.95996934964585,0.61841376117902,4.78638985006188,1.69808064905485e-06,0.000101884838943291
"NCU01380",270.679541758158,2.14784362868639,0.516465902619777,4.1587326826252,3.20018140946529e-05,0.0014513498786589
"NCU09857",190.043797591775,1.04931876120851,0.251550902228392,4.17139732719303,3.02737458770591e-05,0.00139502068832757
"NCU09947",36.5574225241986,2.14206024012322,0.346829157443069,6.17612502915022,6.56939701879286e-10,6.04384525728943e-08
"NCU09948",9.67947026635076,2.17997879952797,0.625021905657381,3.48784383362552,0.000486932394906271,0.0166210845752459
"NCU09952",5.36023842468626,3.08958128275677,0.761997274452769,4.05458311511096,5.02237909977573e-05,0.00216590098677828
"NCU09954",28.8707757485276,1.83700615739829,0.527579742996133,3.48194975600448,0.000497777081839433,0.0169314317273554
"NCU09955",27.6502789881237,1.54280844599231,0.358732557331371,4.30072045166276,1.70243713722767e-05,0.000843361166442015
"NCU09966",7.45269087731963,7.41541146219073,0.941281943149668,7.8779918346013,3.32684454302056e-15,4.72607621846745e-13
"NCU07249",71.7618301022014,9.04161322410708,0.683068170914952,13.2367655368806,5.38170404239105e-40,6.49840763118719e-37
"NCU17041",104.466398006521,2.90748423763142,0.342044750012506,8.50030365186167,1.89095397389706e-17,3.14941644618028e-15
"NCU17042",102.14880906333,5.79252269727104,0.342572459690399,16.9088977628442,3.86876493371185e-64,1.86861346298282e-60
"NCU07246",207.287274176949,-0.71504527064208,0.194153627987185,-3.68288390000767,0.000230610204113371,0.00865552632277443
"NCU17044",32.2041093784376,2.07985137198719,0.382425597974,5.43857781227447,5.37075529941531e-08,4.02182141025984e-06
"NCU07235",24.8301657312999,5.11987966555466,0.759080787157952,6.74484159284787,1.53194067067759e-11,1.66275807626354e-09
"hsp30-like protein",207229.882075465,1.9923887837078,0.610811704418009,3.26187067028484,0.00110679626373009,0.0337276085414279
"NCU07230",89.9184711692226,2.03069972533739,0.3632670129101,5.59010219251573,2.26936015471519e-08,1.78227797516656e-06
"NCU07229",5.37286040098086,4.36186534863048,1.15332461228217,3.78199277304882,0.000155577880052821,0.00603567197313353
"NCU07228",14.96190414012,3.47052171218567,0.476715716563963,7.28006564834959,3.33657769722438e-13,3.97917784631945e-11
"NCU07226",41.9964095999604,4.9640552886385,0.757058961135455,6.55702599595849,5.48914476149309e-11,5.64097216978971e-09
"gh11-2",428.393046874293,4.10352246691212,0.884160875864227,4.64114911542666,3.4647697356424e-06,0.000198045418025477
"NCU07218",58.0237180659939,5.54781196008549,0.648121043686264,8.55983926788068,1.13024985440349e-17,1.98512974427958e-15
"NCU07217",33.4959844745513,3.74851406844287,0.744703668278338,5.03356466218163,4.81442317429039e-07,3.12129717205672e-05
"NCU07216",7.49377108426155,3.81021334752199,0.956831799454133,3.98211404522268,6.83049883077741e-05,0.00291958489846503
"NCU07210",540.906455352912,0.977331386371845,0.184373639514734,5.30081951489461,1.15284014484133e-07,8.1287852548666e-06
"NCU07207",12.2294396132814,2.66933652386432,0.808221427725082,3.30272921788001,0.000957487979206994,0.0297224301230804
"NCU07206",142.018671058328,0.728209803362132,0.191083372796626,3.81095326455839,0.000138431939356694,0.00543598591132384
"nit-10",2444.73707814017,2.07695242605086,0.581766354753888,3.57007999702819,0.000356872226421239,0.0126474930799485
"NCU07159",617.385198569768,2.73381838474564,0.63955279051873,4.27457815097373,1.91499527082448e-05,0.000928165642335957
"NCU17053",61.784282530499,4.16900995882794,0.468643776058986,8.89590382248714,5.79457482788964e-19,1.14235903749824e-16
"NCU07152",20.5721512619882,9.15494378606922,0.838277650902623,10.9211354689124,9.13465993171279e-28,4.01094613365207e-25
"NCU07151",6.52422462831673,6.5303952006793,1.01121097956866,6.45799475344392,1.06099419306374e-10,1.05661895927791e-08
"NCU07150",240.709967533838,9.97826563624737,0.565376359224333,17.6488908201557,1.03774330718844e-69,1.00246003474404e-65
"NCU07149",115.536366849394,7.26608406509816,0.624432479113436,11.6363006540186,2.69451115460732e-31,1.23947513111937e-28
"NCU07148",109.012788531411,10.1085423495151,0.676431191548442,14.9439329170721,1.70602070859004e-50,5.49338668165993e-47
"NCU07147",54.1575528457027,9.66958059415674,0.72468828379612,13.3430894501354,1.29959894701152e-40,2.51082516562625e-37
"NCU07145",9.097907752198,7.97850068657042,1.08705932514372,7.33952646560071,2.14350876779137e-13,2.60215168230156e-11
"NCU07144",25.0967798529782,6.60564520956842,0.605718057148468,10.9054784344151,1.08520881840257e-27,4.55787703729077e-25
"NCU07143",349.048467423801,1.11237836452684,0.354767590888362,3.13551291915185,0.00171553872011391,0.0490298935985219
"NCU07140",39.3230422586811,2.01312754607417,0.519012120025645,3.87876789076659,0.000104986868135598,0.00431563040931861
"NCU17055",248.195184920487,2.00015408143933,0.375384029155987,5.32828763636129,9.91430280192746e-08,7.08957924269501e-06
"gh10-4",52.2742550208191,1.44117039995816,0.453208873663963,3.17992538033738,0.00147312980762165,0.0431873186365201
"NCU07129",1929.61354930775,1.12593900301513,0.290128538515788,3.88082816249345,0.000104101376326304,0.00429751835603461
"NCU07116",183.355507978594,1.79122675726785,0.41911775977252,4.27380304342163,1.92166799655478e-05,0.000928165642335957
"NCU07115",258.35909286743,2.32570544166864,0.230986311757717,10.0685855537106,7.60640820415717e-24,2.53372080179856e-21
"NCU07109",22.9441327859876,2.69314261966034,0.646396805031079,4.16639222022586,3.09458096725289e-05,0.00141676076510251
"NCU12067",105.647634959259,1.56914311188497,0.292532726999081,5.36399167362185,8.14026578354513e-08,5.95719450523075e-06
"NCU12068",157.252302702483,3.02625340299177,0.403139322557372,7.50671848083265,6.06279133114811e-14,7.91440057552577e-12
"NCU07107",63.7119936324503,2.75333439611048,0.446328828692407,6.16884731415808,6.87896125493187e-10,6.26894016251338e-08
"NCU07095",162.573704244521,2.23138600821629,0.434929946994239,5.13044922208092,2.89051527684404e-07,1.92568121202162e-05
"NCU07094",320.868555751061,2.43239878331631,0.335022037291058,7.26041427896609,3.85906546123795e-13,4.54616736043398e-11
"NCU07091",6.2091414632941,4.9411024277212,0.820092975090539,6.02505152196396,1.69055761601078e-09,1.4452023513862e-07
"NCU07073",628.037754526339,1.23417618580685,0.359009008402366,3.43773041044036,0.000586611409555269,0.0193401577348256
"NCU10344",71.2280293370304,3.05139281740292,0.670214591294319,4.55285942299475,5.29216380538383e-06,0.000292127442057188
"NCU07054",76.3630160414841,3.51007901820156,0.495977569071553,7.07709226603184,1.47210527410934e-12,1.69292106522574e-10
"NCU07053",1493.82231452683,2.14716709106648,0.489581150332393,4.38572254999748,1.15601395519668e-05,0.000603626746335131
"NCU07051",44.2541044578984,2.94385575875775,0.535843039804175,5.49387701262965,3.93204372585885e-08,3.06318890256423e-06
"NCU07050",423.48503899371,2.65005252767176,0.26890011303885,9.85515587079315,6.51155814716109e-23,2.02908553876052e-20
"NCU07049",2213.26218178305,2.72481761153998,0.543218857326354,5.01605858263305,5.27422529119317e-07,3.37410704059113e-05
"NCU04690",190.935480363859,1.67733497331882,0.258429733698096,6.49048756625788,8.55590273181286e-11,8.60937712388669e-09
"NCU04691",37.3578506100254,1.82669617848417,0.506846378156626,3.60404307342151,0.000313305099430701,0.011377922031957
"NCU17064",513.196787477082,2.38169458936082,0.62211050821544,3.82841080147134,0.000128973356725046,0.00516151159054017
"NCU12075",29.2943091912927,2.84724486757829,0.355785043558965,8.00271096023856,1.21709404547212e-15,1.83705132488448e-13
"NCU04694",58.4404046036939,3.41235865421797,0.336259164924479,10.1480019287633,3.3821689134878e-24,1.21006487793675e-21
"NCU04697",152.687895277991,4.65022683839079,0.484184548197058,9.60424461232125,7.67183915670092e-22,2.05861017371475e-19
"NCU04701",10.5213596903562,2.59049160923092,0.746694768287718,3.46927783513377,0.000521859475496453,0.0175416058272592
"NCU04705",5.28229909572179,4.14061870256263,1.08129854702102,3.82930201281603,0.000128507221728694,0.00516151159054017
"NCU04710",7.02658290367807,5.18871231165052,1.17472302994932,4.4169665354006,1.00095719788273e-05,0.000528374127406949
"NCU17066",27.1920883323251,1.37910975382003,0.376322205956216,3.66470469186312,0.000247624131501221,0.00918454558050649
"NCU09792",493.363961912232,-0.799049018073032,0.217985765931733,-3.66560180963041,0.000246757618328577,0.00918454558050649
"stk-34",1306.63478184895,-1.08457378149151,0.284347860575846,-3.81424983924651,0.000136597225166278,0.00538583344941323
"hpo",377.763295520765,-0.610754672999214,0.158348636791174,-3.857025140069,0.000114775361719716,0.0046980084500528
"NCU05929",208.943757852301,0.790572213293117,0.218817351608398,3.61293200690934,0.000302754112398415,0.0110780482036693
"NCU05921",297.216376802412,0.825028789769426,0.209651082732511,3.93524697805669,8.31111834307058e-05,0.00352128961377464
"NCU05920",193.772738799116,1.96701034394329,0.305761668920044,6.43314889956878,1.24987100685801e-10,1.23201570676004e-08
"NCU05912",8.43396161373942,4.97621648723556,1.33272870740225,3.73385555484522,0.00018857066868836,0.00722854229972045
"NCU05907",17.071033419816,1.94141173968344,0.450939331649673,4.30526149178686,1.66788602993734e-05,0.00083050407470076
"NCU05906",972.244063758756,0.675492356174959,0.196382484075041,3.43967721641021,0.00058240834572396,0.0192673445879913
"NCU05149",835.432956364588,-0.932737888624546,0.288725640779105,-3.23053361699231,0.00123559373315744,0.0368389983404348
"NCU17137",121.093611097855,1.0779940216114,0.260881623103312,4.13211942178273,3.59433581123203e-05,0.00159271944662851
"NCU17138",150.347667597427,1.40245742768128,0.327956834691615,4.27634761446591,1.89984495581101e-05,0.000926894054198703
"laccase precursor",172.564557777415,1.78528227688594,0.339703480863219,5.25541355169328,1.47692216342207e-07,1.01907629276123e-05
"NCU05107",14.7759572188892,3.81710122537022,0.411628198038461,9.27317721079342,1.80681890731493e-20,4.36346766116555e-18
"NCU05106",13.4154477187691,7.3926468857346,0.867685945181231,8.51995693463783,1.59612660880703e-17,2.70501456860981e-15
"NCU05105",74.5524194031901,2.76801228731455,0.208989952967055,13.2447146287023,4.84118493489403e-40,6.49840763118719e-37
"gh7-4",23.2193519034907,3.51626343500273,0.576220210741826,6.10229105028422,1.04558752652338e-09,9.35219954279246e-08
"NCU05099",8.22801808462503,4.54977268364681,1.04818612500052,4.34061525441827,1.42084318621061e-05,0.000731136528659724
"NCU05098",17.517932888678,3.85523669698656,0.45114665564364,8.54541787855301,1.28072005615085e-17,2.20924209686022e-15
"NCU05097",43.9961672606446,3.50686297331946,0.43199556566986,8.11782169078902,4.74625435780945e-16,7.27759001530783e-14
"NCU05096",11.014038624799,3.86179511659694,0.846269393517688,4.56331653511019,5.03518114094707e-06,0.000279539366790509
"NCU05092",7.7655248069606,2.13903217135827,0.647798870390577,3.30200046515763,0.00095997910956533,0.0297224301230804
"NCU05086",21.2134563821749,2.91909177629792,0.694476145165988,4.20330028125044,2.63051253102712e-05,0.00122487439811986
"NCU05084",473.445014724132,1.23860410472516,0.263489442202609,4.700773186095,2.59178266418556e-06,0.000151737094157773
"NCU05083",85.1426439937717,3.39434524858887,0.417243008177021,8.13517586170976,4.11340788803847e-16,6.408954870718e-14
"NCU05081",198.317216656718,3.50361431672662,0.475965257745643,7.36107154820733,1.82439742161319e-13,2.28878949256927e-11
"NCU05080",14.4518789463573,4.4317959716682,0.512484711136308,8.64766475050894,5.25639836733284e-18,9.58052985442175e-16
"NCU05079",743.438255679729,3.57250617946267,0.423303392319913,8.43958788018107,3.18458493109064e-17,5.21408312446365e-15
"NCU05071",10.7248804289947,3.00771687910677,0.523763709790443,5.74250720866123,9.3284906436388e-09,7.50943496812924e-07
"NCU05069",1067.04141592859,1.54508274438061,0.447949939627229,3.44923083518301,0.000562185893440727,0.018662253369888
"NCU10697",90.0038081775968,1.40720517151949,0.402857523572274,3.49305918142305,0.000477520667431433,0.0164158350440841
"NCU05036",9.75116499050917,2.17818123038198,0.609586428214859,3.57321149153642,0.000352629727609805,0.0125880223843113
"NCU05004",44.0723056495762,4.18050719073902,0.846532880796569,4.93838725650591,7.87712977724407e-07,4.9411086784531e-05
"NCU04994",41.483062914122,1.33118800619457,0.376766523069665,3.53319078178405,0.000410576070802732,0.0143182846352144
"NCU09306",143.092664992958,3.45629359711748,0.329522167054371,10.4888045256973,9.72510420512424e-26,3.75778026486001e-23
"cao-2",916.414578267201,1.30381279010123,0.38408188439428,3.39462193630252,0.000687234291510654,0.0222774605905803
"NCU09305",211.576054986493,1.99392056322252,0.267515368837665,7.45348041828761,9.09094967357527e-14,1.17091431795649e-11
"NCU09304",84.6982990719134,1.67395517791798,0.326249824366232,5.13089985924064,2.88360298603069e-07,1.92568121202162e-05
"NCU09293",95.1474602476484,2.99678489023934,0.482206686208985,6.21473110171799,5.14126155297283e-10,4.82180452443859e-08
"NCU09282",359.128257165118,0.83201831598308,0.26491002709057,3.14075810991715,0.00168511147502037,0.0483031953967262
"gh31-1",474.443011038333,0.761943856220969,0.235818836635216,3.23105595419253,0.00123333793324571,0.0368389983404348
"NCU09280",17.7216297183276,1.85150933901603,0.40508905507746,4.57062296749041,4.86276480197972e-06,0.000271527791833087
"NCU09279",31.5222614443903,1.54054727400445,0.308561653399197,4.99267247577062,5.95494938504018e-07,3.76682686681131e-05
"NCU09430",42.8883390582799,0.965096432129896,0.281391962834501,3.42972280518727,0.000604198151042155,0.0197849292849736
"NCU09451",228.876865522976,0.991393539477909,0.298275106087562,3.3237555506455,0.000888140086614139,0.0277651561058012
"NCU09458",195.075542996428,1.21146669375528,0.376675738537964,3.21620579668201,0.00129897645090188,0.0384911426862337
"NCU12051",56.5480382728899,2.13715090442589,0.344430447324853,6.20488380462548,5.47373302023939e-10,5.08425586303005e-08
"NCU12050",68.5714407742904,1.63762333030508,0.471545942178397,3.47288182088847,0.000514902027732129,0.0174524687294469
"NCU09990",35.2378756602922,2.01811237698,0.431414683767716,4.67789450130676,2.89835589957687e-06,0.000168663361385016
"NCU09026",36.5381935883552,3.37810683555054,0.727046580648203,4.64634168630402,3.37873203662984e-06,0.000194277092106216
"NCU09027",369.792310672187,1.00841590477985,0.282495435115404,3.56967150413563,0.000357429152259413,0.0126474930799485
"NCU09046",45.832093607622,1.94283038976835,0.364709274403287,5.32706603896235,9.98118816776937e-08,7.08957924269501e-06
"NCU09049",857.342712580888,1.88044219662527,0.584059521254452,3.21960712597653,0.00128366388544446,0.0381544404104416
"NCU09053",40.8932895296803,1.33929918424539,0.421316431654282,3.17884393681653,0.00147863679494668,0.0431873186365201
"tetrahydroxynaphthalene reductase-2 reductase",14.9715865973298,3.23906855833181,0.828058092093287,3.91164410958609,9.16699302630759e-05,0.0038169462342298
"NCU06918",199.350805738772,1.82141139755617,0.566567898456115,3.21481573968358,0.00130528278588148,0.0385597300049392
"NCU06919",11.329873135559,2.3384835259197,0.71972558075057,3.24913215323123,0.00115757686124156,0.0349443514987297
"NCU06936",192.259152750224,1.19142196868016,0.263641369380405,4.5191009722039,6.21027737785265e-06,0.000333284885944759
"NCU06937",24.3631508201011,2.37772539438172,0.621176300609345,3.82777867096553,0.000129304948748522,0.00516151159054017
"NCU06953",10.0929629501025,4.65445273962443,0.777374887509402,5.98739786222917,2.13224755585744e-09,1.79108794692025e-07
"NCU06954",8.11462901836286,4.13466905413647,1.00307442663157,4.12199627900106,3.75603269357393e-05,0.00165677058538467
"NCU09591",8.94407666308784,3.13905502289344,0.68260902229648,4.59861343808909,4.25312110850534e-06,0.000238867150628847
"NCU09590",7.77580652310676,5.53001268181875,0.7113801631273,7.77363914325113,7.62627960593136e-15,1.05242658561853e-12
"NCU08398",179.843365977927,2.37635106908824,0.473119641877609,5.02272756983311,5.09427804868745e-07,3.28071506335472e-05
"NCU08397",1530.75805285151,2.72145234105714,0.476318483215957,5.71351403935183,1.10666739144171e-08,8.8350471085346e-07
"hgt-1",817.936193051343,1.91567966098376,0.52281583446047,3.66415769132295,0.000248153871274554,0.00918454558050649
"nop-1",244.100444832843,1.52492775693887,0.252608670556791,6.03671977520674,1.57278497028345e-09,1.35652703686948e-07
"NCU09724",141.100389178601,1.40677904304645,0.258204930230302,5.44830434411803,5.0852289674219e-08,3.83775873635121e-06
"NCU12025",86.3593969807544,1.35148376263145,0.416216668737414,3.24706784745347,0.00116600590051817,0.0350891495296123
"NCU06137",3582.38016672706,1.44722690529915,0.351567561787796,4.11649726140743,3.84673898424568e-05,0.00167795954681349
"NCU05788",621.199229647382,2.8525330172644,0.748859145419457,3.80917163756693,0.000139433144843194,0.00545313432868524
"NCU05903",62.9699323061719,5.65506213791399,0.584408928827719,9.67654985911599,3.7930033792198e-22,1.04686893266467e-19
