"","logFC_WT","logFC_cac1","logFC_cac2","logFC_cac3","logFC_set7"
"CM002236.1.2878.3878",1.43384587307902,1.13124125271958,1.30708134099666,0.570704972199262,1.62213997216042
"CM002236.1.2177.3177",-1.20130123251955,-1.39554439303104,-1.39028949687593,0,0
"CM002236.1.14929.15929",-2.01802832835347,-1.47295837200289,-1.60895968849773,0,-1.09579755511012
"CM002236.1.16440.17440",-2.61388998718485,-1.98985196630048,-1.52961545871161,0,-2.04157797086375
"CM002236.1.33980.34980",-2.41320993930866,-2.18077333802466,-2.28446134468836,0,-1.02555331814814
"CM002236.1.42632.43632",-1.94613978797137,-2.09373864557853,-1.61954652620445,0,-1.93009870846478
"CM002236.1.44551.45551",-2.46547174262239,-2.45275220942059,-2.04732104097753,-1.49178135776396,-2.07433117089081
"CM002236.1.48154.49154",-2.59771498811595,-2.1868610226723,-2.20826105396042,-1.71051833644724,-2.15869305195134
"CM002236.1.58145.59145",-1.85206977933156,-1.86438181419493,-1.5360057443507,-1.43151236128114,-1.05160356714595
"CM002236.1.90323.91323",-2.21168887026878,-1.98048916560294,-1.60687341905509,-1.7385007406471,-1.58872235296726
"CM002236.1.180222.181222",-1.9662902682454,-1.58004137280623,-1.42078747776607,-1.67669942032156,-1.28071869728596
"CM002236.1.185051.186051",-1.99408230433592,-2.21132023050986,-1.97323120545879,-2.02704124427943,-1.73012541069807
"CM002236.1.185039.186039",-2.02407289639961,-2.22773626240349,-1.95886548215528,-2.0412748159198,-1.72837117298615
"CM002236.1.189595.190595",-1.91239086191063,-2.13288987892463,-1.71356461632756,-1.90124118173861,-1.68156022086423
"CM002236.1.189406.190406",-1.84023627222715,-2.22248333343586,-1.65663066464205,-1.85862611287778,-1.52613473377455
"CM002236.1.194064.195064",-2.18128733533909,-2.85007880752429,-2.09345205003505,-2.61205373867618,-2.17674638543506
"CM002236.1.195335.196335",-1.9253110176401,-1.82873535886093,-1.65382063451043,-2.13786876784907,-1.06285135907827
"CM002236.1.196290.197290",-2.4274979801213,-2.26826880424762,-2.16923097067405,-2.34937735148456,-1.85785398256368
"CM002236.1.197194.198194",-2.1076388229442,-2.12128631249145,-2.00028820725475,-2.21025713610936,-1.86511766092917
"CM002236.1.209343.210343",-2.22737095402816,-3.13815685321874,-2.2504974815872,-2.71519918769983,-2.02056742818491
"CM002236.1.209486.210486",-2.11498484864918,-3.09231568670806,-2.21694892900794,-2.64292254897564,-2.0710339158969
"CM002236.1.213619.214619",-2.04369936672914,-2.05500387639441,-1.43953765276295,-1.61265929362176,-1.22984133080442
"CM002236.1.216521.217521",-2.17563455836218,-1.77092555925084,-1.5377004223057,-1.93394986378354,-1.42536426158897
"CM002236.1.220979.221979",-2.09245101173701,-1.90466805568585,-1.782242515522,-1.74790911058696,-1.38118855734711
"CM002236.1.223661.224661",-1.90861573255044,-1.8024932897089,-1.48822349826936,-1.7006894261765,-1.61023958076261
"CM002236.1.246248.247248",-1.79574278214086,-1.89009581129867,-1.38738605549345,-2.06018962078606,-1.63858825553956
"CM002236.1.247478.248478",-1.78975186099752,-1.92150659668707,-1.54604755229083,-2.14377893401861,-1.18219565232734
"CM002236.1.251944.252944",-2.88206401454005,-2.41813179194353,-2.24897715975675,-2.32425403193749,-2.14486727767753
"CM002236.1.255694.256694",-2.04521571483625,-1.99938947086101,-1.43545525346507,-1.73914598112204,-1.33245637695905
"CM002236.1.255165.256165",-1.62317197967833,-1.83051287191247,-1.50597756063137,-1.74763839869131,-1.39042857565009
"CM002236.1.256492.257492",-2.07419846173993,-1.96576457152662,-1.43808660043421,-1.89485122283573,-1.2666951291928
"CM002236.1.263387.264387",-2.01080514765833,-2.27229636569681,-1.57454556601588,-1.94563888477063,-1.75826080163356
"CM002236.1.265388.266388",-2.31500321541227,-2.3556108428914,-1.74519331695085,-2.31767808954926,-0.95928169576744
"CM002236.1.290632.291632",-2.30219827675801,-2.33769063103768,-1.75148387173372,-2.4926517698881,-1.89326909318667
"CM002236.1.292166.293166",-2.07238840984811,-2.20693721991236,-1.73028532057695,-2.02316445474247,-1.58447474465566
"CM002236.1.297770.298770",-2.14761991001289,-2.19460361258444,-1.79980699165667,-2.2016889383819,-1.61192011383337
"CM002236.1.301352.302352",-2.11411708590327,-2.55040768533924,-1.85421462948697,-2.13474727428236,-1.48155472959228
"CM002236.1.8867649.8868649",-1.98666886180736,-2.00071710780844,-1.87660394240063,-1.95518784875278,-1.7393176753737
"CM002236.1.9651509.9652509",0,0,0,2.31955053996081,0
"CM002236.1.9688732.9689732",-2.01416929045271,-2.09889690914914,-1.62819781783514,-1.84063501503787,-1.70678875238785
"CM002236.1.9690543.9691543",-1.98799851412551,-2.45970981634814,-1.95591205700644,-1.37288263450753,-1.81183341046413
"CM002236.1.9688977.9689977",-2.12703103847843,-2.15941414022736,-1.74443544852869,-1.85700400208139,-1.62838987590542
"CM002236.1.9693340.9694340",-2.60712645000484,-2.30087796176999,-1.9312331223583,-1.01996160934938,-1.70122305999923
"CM002236.1.9693631.9694631",-2.897177239087,-2.41395638988543,-2.1815825932422,-1.66266496669151,-2.30679658223949
"CM002236.1.9758596.9759596",-2.40986991914637,0,-1.93845857505617,-2.24100512619986,-3.18709291510253
"CM002236.1.9772169.9773169",1.85837828236945,1.41811233375014,1.1850538801823,0,1.83764370207099
"CM002237.1.11029.12029",-1.71446688555032,-1.4646522362539,-0.741194142533146,1.81228046622335,1.61843566909413
"CM002237.1.10641.11641",-1.71619293224119,-1.90174912782474,-0.934273449579004,1.91257181248203,1.45481684884456
"CM002237.1.13311.14311",-2.52513195874848,-1.59977001737358,-1.97683147597493,-0.800032820336154,-1.7840747572251
"CM002237.1.18173.19173",-2.88601691741334,-2.67286357785149,-2.03528990562212,-2.21328279012472,-2.54039151216755
"CM002237.1.18041.19041",-2.75399373517429,-2.74203351329154,-2.10178848279539,-2.12050051821604,-2.56033688870523
"CM002237.1.35627.36627",-2.1172462094595,-2.12146737660611,-1.78340839574943,-1.57498853157483,-1.72128517322618
"CM002237.1.38253.39253",-3.06376797414659,-2.39144881028359,-2.65272005797825,-1.71394032521234,-2.4845671991187
"CM002237.1.41401.42401",-1.61172966648554,-1.88269494756843,-1.25968049998226,0.916102870055539,0
"CM002237.1.50942.51942",-1.89174623941818,-2.27848263312244,-1.80347108008911,-1.77284327646325,-1.35692385456292
"CM002237.1.55203.56203",-1.72950953784255,-2.14852038961407,-1.72318521676995,-1.68729630676627,-1.42636892668299
"CM002237.1.69444.70444",-1.76988804845817,-1.77477862704767,-1.58198363153361,-1.79387823927986,-1.73623588816066
"CM002237.1.74342.75342",-1.65210631358419,-1.370945074605,-1.52157304628677,-1.2067684465663,-1.29002635596036
"CM002237.1.75400.76400",-1.91089000060338,-1.6889186458072,-1.61938945863243,-0.750358236632424,-1.14027468786942
"CM002237.1.75424.76424",-1.81284983621616,-1.70914906021198,-1.66582947542984,-0.709284848927205,-1.11385312448281
"CM002237.1.106019.107019",-1.80482245406962,-1.64076313252705,-1.49718449660193,-1.54461444147224,-1.06698770311697
"CM002237.1.148334.149334",-1.95688357696501,-2.5888295939297,-1.90340125133459,-1.84492341516768,-1.81899997712439
"CM002237.1.561860.562860",-2.06124153680505,-2.02943838867481,-1.43173142403369,-2.08163774518328,-1.67980887444073
"CM002237.1.563402.564402",-1.83482727985996,-1.54967853690206,-1.47884799723712,-1.78681844626054,-1.5216459403759
"CM002237.1.567505.568505",-2.22494300979348,-1.94628989525987,-1.80917100876214,-1.97047952893592,-1.59895801021544
"CM002237.1.570312.571312",-2.06538333200671,-1.98837767438719,-1.86049955213693,-2.11281304069313,-1.61149108203604
"CM002237.1.584152.585152",-2.01605589266161,-2.3601810003616,-1.34809283389027,-1.91536908098379,-1.45978436933726
"CM002237.1.1678593.1679593",-1.74908675235047,-1.67612827378605,-1.71550304562627,-1.75665844399168,-1.53002464236015
"CM002237.1.1679516.1680516",-2.09505158700922,-1.80445210261836,-1.76721777238049,-1.66390360634439,-1.62843795052192
"CM002237.1.1684546.1685546",-2.20361037137583,-2.14330247108947,-1.77472358369011,-1.98923198797365,-1.79266102214911
"CM002237.1.1684913.1685913",-2.08112530149107,-1.96957328972344,-1.63036360684951,-1.93497211708665,-1.58510222829027
"CM002237.1.4046143.4047143",-2.28606404842176,-2.12848651387823,-2.0905694142307,-2.32003796337773,-2.41936431500994
"CM002237.1.4165274.4166274",-2.32860268885507,-2.28313449183222,-1.76135372634153,-2.10933849044634,-1.65164845822608
"CM002237.1.4297462.4298462",-2.07593363267622,-2.38779950399806,-1.8508120850064,-2.1311216369377,-1.520683208301
"CM002237.1.4448862.4449862",-1.76276946861826,-1.97056062879036,-1.70493580597211,-1.04023800911868,-0.946283644099185
"CM002237.1.4452364.4453364",-1.44324004982922,-1.9686362315645,-1.80652332262296,0,0
"CM002237.1.4465317.4466317",-2.11072692656607,-1.91050745424703,-1.62672315027576,-1.86230569662397,-1.73929398694968
"CM002237.1.4467612.4468612",0,0,0.714441836509659,1.93866293553589,2.18517504240967
"CM002238.1.8256.9256",-1.43535736032086,-1.02818047786155,-1.34955769487467,-0.979880787991988,0
"CM002238.1.11870.12870",-2.27766125886488,-2.20981540505149,-2.3345954452276,-1.29187253816001,-1.71089815421364
"CM002238.1.28170.29170",-1.29337950995126,-1.39265615166307,-1.08639481986538,-0.640833003216066,0
"CM002238.1.30599.31599",-2.37200562514083,-2.08210872443844,-2.04905797497938,-1.66283675300722,-1.78577919290764
"CM002238.1.161404.162404",-2.01877280571349,-1.92973281033559,-1.67922946756129,-1.61135322243354,-1.96333634385746
"CM002238.1.162882.163882",-1.70821979274842,-1.94218294129921,-1.49745343489098,-1.53539396147966,-1.43009456205559
"CM002238.1.167007.168007",-1.75694978277325,-1.3747102044505,-1.41475083992872,-1.51858813892536,-1.31212186552598
"CM002238.1.200169.201169",-2.115954305053,-2.02814253367393,-1.75582513505032,-2.08985159262706,-1.89516426171991
"CM002238.1.218438.219438",-2.49649331216268,-2.32520197284604,-1.98352564942528,-2.00205885025421,-1.83196891299256
"CM002238.1.221618.222618",-2.02940107431402,-2.08344982020236,-1.85226126518645,-2.18460229028355,-1.49036587779023
"CM002238.1.223109.224109",-2.56456066127352,-2.36717410145011,-2.18534569809609,-2.61970882166597,-2.7105760464419
"CM002238.1.223365.224365",-2.73058043844022,-2.39651021872691,-2.35974015043179,-2.72721769277787,-2.85958348388162
"CM002238.1.224708.225708",-2.13630022622858,-2.53406950191077,-1.85932679009893,-2.18871404519923,-2.08810346658851
"CM002238.1.229458.230458",-2.44710703661814,-2.37298407769623,-1.97526646720044,-2.187900966922,-1.77323851080062
"CM002238.1.233968.234968",-2.46963437076862,-2.44350023922978,-2.01207536695893,-2.49367223456887,-1.82893926408749
"CM002238.1.233920.234920",-2.47724008867906,-2.28036085801966,-1.98998230126363,-2.40241262183966,-1.84744720312681
"CM002238.1.238377.239377",-2.8227722769329,-2.81858828579671,-3.10774456677349,-2.71292652179615,-2.54149767635829
"CM002238.1.238407.239407",-2.83398357786157,-2.73914431207347,-3.06409646525769,-2.83619198183882,-2.59817260539676
"CM002238.1.243748.244748",-2.07402580508537,-2.5868381331066,-2.3241832702262,-2.30167072703596,-1.63578974822696
"CM002238.1.247405.248405",-1.98854668157868,-2.36761135980246,-1.86277125897544,-2.09247682987372,-1.90104933180833
"CM002238.1.252198.253198",-2.2253145795078,-1.76789962361226,-1.3767523616449,-1.18115860436664,-1.82867641410157
"CM002238.1.264422.265422",-2.147419086142,-2.11074310585471,-1.65909289089008,-1.68391052848291,-1.42457996327973
"CM002238.1.265739.266739",-2.36645673247827,-2.50426844224001,-2.17442069392435,-2.18306276483969,-2.37310761337539
"CM002238.1.268061.269061",-2.06217262177359,-2.1808714568086,-2.18058969408667,-1.49946624909307,-1.01629474313371
"CM002238.1.271106.272106",-2.69074664689255,-2.45750354079555,-2.19353637545231,-2.25622176396338,-2.35131876107899
"CM002238.1.272674.273674",-1.89263787504496,-2.15735090092832,-1.58530550771762,-1.81316167439327,-1.40361540982782
"CM002238.1.273858.274858",-2.46186230062195,-2.07764660122741,-1.67891937281318,-2.04442438299616,-1.44509597810115
"CM002238.1.275772.276772",-1.73067614128017,-2.08875239512168,-1.33861843334783,-1.35208561051568,-0.995063486353059
"CM002238.1.279201.280201",-2.15626914834637,-2.34436548465601,-2.08011415995867,-2.40105507475984,-2.08595940720954
"CM002238.1.279999.280999",-2.42228860531754,-2.12791920814945,-1.59400575991879,-2.2344942661898,-1.69336373940107
"CM002238.1.285185.286185",-3.09677055039905,-2.8230316928998,-2.3308850853544,-2.69382755808186,-2.36377909856923
"CM002238.1.284489.285489",-2.69943434336891,-2.204738271613,-2.15866180082175,-1.97884082271767,-1.5436580077768
"CM002238.1.290825.291825",-2.79894447905837,-2.78442977895493,-2.26718128985971,-2.26902945590236,-1.2631412506017
"CM002238.1.291002.292002",-2.98892479223052,-2.88775724441136,-2.56707904928206,-2.47552441583974,-1.7905879709818
"CM002238.1.295350.296350",-2.6171093305813,-2.5977607999841,-2.15630668123807,-2.53609433620974,-2.39673671109611
"CM002238.1.298561.299561",-2.03202395281778,-2.55864247479074,-1.98913419456729,-2.00720214956496,-1.84331455027885
"CM002238.1.298935.299935",-2.12885026992394,-2.6410757056341,-1.77551806095797,-2.11075716242562,-1.66187859817086
"CM002238.1.343583.344583",-2.0228053101407,-2.52618242499813,-1.70324090165152,-2.07154422187912,-1.58708181473657
"CM002238.1.343837.344837",-2.13235266759688,-2.27634588125923,-1.72154758667408,-2.04064815123308,-1.67376626093236
"CM002238.1.381226.382226",-2.00287890044277,-2.57551867432377,-1.78855979333858,-2.08833641220339,-1.57228669364047
"CM002238.1.386039.387039",-1.85466754226478,-2.25879571101104,-1.82560121099684,-2.08456954955318,-1.7667842102856
"CM002238.1.386020.387020",-1.85171293213052,-2.21047728330792,-1.78434231330878,-2.06566450307458,-1.75714476328694
"CM002238.1.390336.391336",-2.06723660356935,-2.3880236387087,-1.64080308065051,-2.50162570095293,-1.94858662832654
"CM002238.1.393053.394053",-2.52607760261685,-2.17874364624112,-2.01831598184883,-2.21227360250812,-1.06505206851215
"CM002238.1.393403.394403",-2.22011442447866,-1.94341909673339,-1.7055684347954,-2.0440849897071,-1.6056837900149
"CM002238.1.395310.396310",-1.885236961174,-2.29848705767605,-2.05872554145481,-1.74988369130585,-2.05278868372137
"CM002238.1.398176.399176",-2.52666234040992,-2.22230713470536,-2.03641805799814,-2.05860468837407,-2.19790954513657
"CM002238.1.400170.401170",-2.25067671641935,-2.25181082467822,-1.94604793259065,-2.28466551900635,-1.43022236130841
"CM002238.1.401180.402180",-2.35840222824803,-1.77409843328666,-2.04237205926735,-2.39898442987344,-2.16653037934927
"CM002238.1.426575.427575",-2.35748557305489,-2.31508854960932,-1.85702005101894,-2.2595248097706,-1.47810502282493
"CM002238.1.428547.429547",-2.05290972321023,-2.28827943496989,-1.86466558419319,-2.16448135781391,-1.53126364503451
"CM002238.1.430124.431124",-2.1440896537802,-2.18307361713856,-2.07644291915875,-2.21702932136536,-2.24920029184181
"CM002238.1.449458.450458",-2.22601552334776,-2.09506635362788,-1.82326179843619,-2.18049680849667,-1.62841129364188
"CM002238.1.452595.453595",-2.16161921645396,-2.46827598879895,-1.79131518087544,-1.99429231549688,-1.70529008524172
"CM002238.1.454278.455278",-2.33228109593857,-1.83419366741956,-1.76446956363762,-2.06956725979398,-1.48925498345144
"CM002238.1.455457.456457",-2.09780814539395,-1.58327725942774,-1.70615263804944,-1.87435699952558,-0.768984983715401
"CM002238.1.456978.457978",-1.84051933655403,-1.77305533778605,-1.60351598888748,-1.52691139483307,-0.819123375960601
"CM002238.1.459470.460470",-1.89933721469593,-2.13611295940633,-1.4881250828695,-1.92236987029291,-1.53546621493746
"CM002238.1.554278.555278",-1.92979522477561,-2.48883702240874,-1.70149053862468,-2.00982217049981,-2.13218894560902
"CM002238.1.4575576.4576576",-2.07470580828572,-2.18608812400823,-1.65759012599951,-1.60836182798766,-1.50156713055161
"CM002238.1.4605354.4606354",-1.99841207016749,-1.91262088537544,-1.64139564536128,-1.83957144141853,-1.51604135890374
"CM002238.1.4626922.4627922",-2.72030030338132,-2.48274164428726,-2.00197461290035,-2.53068521907503,-1.99268216172284
"CM002238.1.4630534.4631534",-2.14230627444855,-2.37381397994114,-2.12640171908024,-2.16030392784712,-1.9477343595547
"CM002238.1.4636013.4637013",-2.15651697997958,-2.11091678126529,-1.54777719471327,-1.85126425360056,-1.99858913138524
"CM002238.1.4639296.4640296",-2.15370007364961,-2.26868246380629,-1.95711717410819,-2.26316438427604,-1.97610664706796
"CM002238.1.4639145.4640145",-2.2252202293427,-2.31599701085561,-1.95162613852811,-2.39980373995276,-1.9938511148607
"CM002238.1.4645491.4646491",-2.13793374074389,-2.41135579906455,-1.94789256552842,-2.27966587329529,-1.58421007557341
"CM002238.1.4647252.4648252",-2.25188518993546,-2.32598026864717,-1.84309261187924,-2.18676283671952,-1.96861851080968
"CM002238.1.4649239.4650239",-2.01909874800656,-2.04205936610171,-1.88660807833721,-2.05863773948105,-1.76977469770249
"CM002238.1.4652197.4653197",-2.15953074486428,-2.64112627005349,-1.63871192775242,-2.18460946210305,-1.5559086683548
"CM002238.1.4654746.4655746",-1.90516726066833,-2.18764355711334,-1.47317359431227,-2.20624923179667,-1.10049605385397
"CM002238.1.4656093.4657093",-2.1484665689153,-2.1256804779389,-1.83807777620895,-2.11858583151155,-1.31234714530377
"CM002238.1.4658449.4659449",-1.77089173754907,-2.5327267115579,-1.54715900228013,-2.23526353784065,-1.3934231648005
"CM002238.1.4672730.4673730",-2.28523742493921,-2.19109335887792,-1.88152477040451,-2.22989589563966,-1.68002884263477
"CM002238.1.4676370.4677370",-1.98983180558413,-1.83897452630543,-1.3536866960261,-1.97497685172518,-1.47138855841653
"CM002238.1.4677879.4678879",-1.9192924591187,-1.95531193520677,-1.81902061830504,-1.98059884288008,-1.56154926909137
"CM002238.1.4679232.4680232",-2.35743665030843,-1.95103367777828,-1.80713941056146,-1.93077009827844,-1.70359733820266
"CM002238.1.4684305.4685305",-2.5293873520619,-2.38350632852133,-1.99299167793112,-2.03655689340792,-2.08014580104844
"CM002238.1.4723182.4724182",-1.7841704299629,-1.78296400624238,-1.12111104193356,-1.50247135785416,-0.65506736582911
"CM002238.1.4726429.4727429",-1.91647758040561,-2.15549574593385,-1.76406863635453,0.631423546147183,-1.00427269813829
"CM002238.1.4725808.4726808",-1.89694156139387,-2.14652671982154,-1.60737527668732,0,-1.25881205397228
"CM002238.1.4731541.4732541",-1.98875687213382,-2.26518315729325,-1.59151618209264,-2.21376491436836,-1.30022419644245
"CM002238.1.4734925.4735925",-2.43943307390563,-2.2245270894857,-1.86491644554087,-2.05640985334239,-1.63752994060968
"CM002238.1.4742400.4743400",-1.9065004105668,-2.3981696498921,-1.81183151099409,-1.95594240580625,-1.71027084259772
"CM002238.1.4742261.4743261",-1.82622990156256,-2.32194439257118,-1.90743156000422,-2.10132818029139,-1.79410905466709
"CM002238.1.4745995.4746995",-2.17745306429427,-1.99797853599554,-1.58418291412859,-2.10639674922839,-1.4409953270946
"CM002238.1.4749347.4750347",-2.1441577984611,-2.44813721705848,-2.00065488853979,-2.21371264180909,-1.73879372859535
"CM002238.1.4751018.4752018",-2.33118559496973,-2.42724247976557,-1.92648534158793,-2.24949756312563,-1.8267669463185
"CM002238.1.4753827.4754827",-2.00934386759389,-2.63463694110643,-1.64156484795292,-2.14676741932084,-1.30792718566287
"CM002238.1.4756558.4757558",-2.20425201017145,-2.51293002090128,-1.90253225012377,-2.46103112041114,-1.86129039234902
"CM002238.1.4758636.4759636",-1.93907681519614,-2.12136468445666,-1.7446268959947,-1.91879768598786,-2.05233912562249
"CM002238.1.4764324.4765324",-1.54482838875564,-2.42580782107105,-1.98531703479481,-1.93484602680555,-1.5657240808751
"CM002238.1.4766164.4767164",-1.91803802028156,-2.11993391638806,-1.79482934142019,-2.19303301807894,-1.74319943365737
"CM002238.1.4769023.4770023",-2.01140252326288,-2.4900956144283,-1.73994499057475,-2.3108149856718,-1.38888146259165
"CM002238.1.4768936.4769936",-2.07770014294788,-2.46710389277734,-1.77897811514825,-2.46293624735342,-1.46107296191615
"CM002238.1.4772442.4773442",-2.3581187398146,-1.99153502304945,-1.47780937069853,-2.16227298451936,-1.54524929995726
"CM002238.1.4772153.4773153",-2.15150534945926,-2.43541460839444,-1.50102146760799,-2.11004727034615,-1.48751396980418
"CM002238.1.4774945.4775945",-2.30473301893789,-2.20532343585439,-1.70712978676683,-2.07720059567617,-1.76496206587267
"CM002238.1.4777022.4778022",-2.20371038622483,-2.32469294310699,-2.4132058545338,-2.58055614725127,-2.3023949770439
"CM002238.1.4779590.4780590",-2.08439433143417,-2.40611459951979,-1.88279620560015,-1.97480691058912,-1.83890920448702
"CM002238.1.4781347.4782347",-2.40826015924559,-2.27754264436437,-1.66065445938229,-2.27613776974549,-1.80470437758648
"CM002238.1.4787613.4788613",-2.26391842095675,-2.33585607869882,-1.94196296071787,-2.38324007435989,-1.71499298283455
"CM002238.1.4787657.4788657",-2.23016506237289,-2.27952152322247,-1.99337453240302,-2.40652638090543,-1.7466029819554
"CM002238.1.4790187.4791187",-2.32884895156699,-2.59886023070775,-1.81203032739301,-2.02632932227609,-1.65264052330538
"CM002238.1.4792371.4793371",-2.13491459479673,-2.41779115708847,-1.87039797809077,-2.05936819295632,-1.61647950944055
"CM002238.1.4793103.4794103",-2.2037170206583,-2.12224477098759,-1.87657919961572,-2.37950420770443,-1.9469073648753
"CM002238.1.4795815.4796815",-2.33799269209725,-2.81824817237921,-2.15559079962082,-2.38112019766009,-1.85589223719553
"CM002238.1.4796219.4797219",-2.12759448099714,-2.77736422096552,-2.03746287044673,-2.3536440357704,-1.74783533534098
"CM002238.1.4799160.4800160",-2.15086899398872,-2.12079074762965,-1.92830481334182,-2.24042597023993,-1.70809811325287
"CM002238.1.4804759.4805759",-1.67908844883463,-2.27873400335204,-1.40024021367236,-1.74580014698087,-1.16371550753569
"CM002238.1.4806035.4807035",-2.23486446942615,-2.13924005591725,-1.71314119882059,-2.24722376087901,-2.0168660619357
"CM002238.1.4808122.4809122",-1.74709541959411,-2.28338248781447,-1.79065513576308,-2.01636462974896,-1.25052350178648
"CM002238.1.4810605.4811605",-2.00308364596118,-2.34702319290052,-1.7104445795558,-2.19625669531084,-2.07881419204656
"CM002238.1.4814060.4815060",-2.26687159013164,-2.16614389372351,-1.90867870725121,-2.16988041882359,-1.63525666543494
"CM002238.1.4817972.4818972",-2.34158585755671,-2.6787614966022,-2.01844313855784,-2.26509557816573,-2.525952139355
"CM002238.1.4819892.4820892",-1.95855744451475,-2.28851869567488,-1.81325712580407,-2.12546089332514,-1.40135195268089
"CM002238.1.4822695.4823695",-2.6841005330486,-2.51270048448505,-1.68212452681272,-2.1047747999109,-1.94413819777124
"CM002238.1.4825846.4826846",-2.06951238640937,-2.23213888788477,-1.58493675991702,-1.81012482005564,-1.46583238554544
"CM002238.1.4827377.4828377",-2.25731251071507,-2.36190612846075,-1.62806905578955,-1.94794213279798,-1.75154757207991
"CM002238.1.4856481.4857481",-2.26698173694768,-2.26426321033039,-1.66926219198876,-2.17256997325463,-2.3010938599669
"CM002238.1.4859825.4860825",-1.93126650713964,-2.74622151088972,-1.84946203902197,-2.17828532848697,-1.67153575031546
"CM002238.1.4861381.4862381",-2.25526928025288,-2.6322692778492,-1.66018829476461,-2.07654498296419,-1.45670926228872
"CM002238.1.4862238.4863238",-2.1869509917763,-2.43985659822408,-1.61219646161213,-2.29567867981784,-1.99075599092091
"CM002238.1.4861926.4862926",-2.29375749283542,-2.4228110071156,-1.63616103700483,-2.34647751022125,-1.71309979051375
"CM002238.1.4869940.4870940",-1.74205184750189,-1.98137039946815,-1.61802249833112,-1.82557687165328,-1.5196122656955
"CM002238.1.4869399.4870399",-1.90488048271652,-2.09967961909454,-1.62441849530577,-1.95077396903271,-1.43846006613926
"CM002238.1.4872943.4873943",-1.39101704653225,-1.16061604559444,0.664598565467874,0.746983005580033,1.96509813230169
"CM002238.1.4872985.4873985",-1.39590624614904,-1.12748675539914,0.685204244078982,0.82180239262097,2.02348964965663
"CM002238.1.4875326.4876326",-1.908277215118,-1.71232490388291,-0.759084773021205,0,0
"CM002238.1.4926312.4927312",-1.96668303787286,-2.02190003166866,-1.87691724732858,-2.18574610376314,-1.91115431267912
"CM002238.1.4962886.4963886",-0.829039297423643,-1.05964139439139,0,1.95066937999187,-0.691231542785512
"CM002238.1.4965894.4966894",-1.88666143373426,-1.82518849482011,-1.40629007496509,-0.896348864170465,-1.68137395408909
"CM002238.1.4968477.4969477",-2.10871878186971,-1.79737188473713,-1.66869051168523,-1.49757955755078,-1.78602518021111
"CM002238.1.4968294.4969294",-2.21405792427872,-1.85142863271761,-1.59516307819982,-1.53148160712473,-1.6759030188262
"CM002238.1.4982364.4983364",-2.66323954659404,-2.63211024034165,-2.41071177325649,-2.30930411274907,-1.93176177957505
"CM002238.1.4984971.4985971",-2.97988217543848,-2.72451742432367,-2.4300656681718,-2.55981239461561,-2.66257547555905
"CM002238.1.4986875.4987875",-2.30761449918798,-1.94685320118928,-2.04681141275291,-1.56246341334077,-2.20930014862025
"CM002238.1.4990567.4991567",-2.72273962151973,-1.39138071024031,-1.41747964958406,-1.29724012134402,-2.09724086200407
"CM002238.1.4992940.4993940",-2.25696674573229,-2.13535896600392,-1.67698627705915,-1.97149951795312,-1.77422923443385
"CM002238.1.5017866.5018866",-2.38598024605106,-2.29273068978408,-1.96609616468638,-2.22057093034055,-1.79590125579849
"CM002238.1.5019830.5020830",-2.25322348874166,-2.17247483854339,-1.78436378497801,-2.08589182482358,-1.94055348639257
"CM002238.1.5026908.5027908",-2.19950104789493,-2.1519385696789,-1.84003824069204,-1.92469982590831,-1.90100358674
"CM002238.1.5031261.5032261",-2.15535539167932,-1.85693760805084,-1.66440536999942,-2.00913128263987,-1.52009220125386
"CM002238.1.5052624.5053624",-2.22879154139935,-2.32303972949913,-1.63060151058511,-1.17159323030958,-1.32184166610342
"CM002238.1.5057244.5058244",-2.04929631838657,-2.23006882253313,-2.04238256060972,-1.87829169954263,-1.69289163323923
"CM002238.1.5057174.5058174",-2.0301455508376,-2.26645194588085,-2.08294812676421,-1.93181097614727,-1.7677332360488
"CM002238.1.5061738.5062738",-2.45864936314051,-2.22660061078567,-2.01607044191121,-1.96801068372573,-2.21996936283342
"CM002238.1.5089231.5090231",-2.3204885388254,-2.17054397720569,-1.77652105539986,-1.67680364094284,-1.25538616764895
"CM002238.1.5094174.5095174",-2.02951982651542,-2.04074598855582,-1.55483442876963,-2.05093323878156,-2.12423397071461
"CM002238.1.5116931.5117931",-2.48116845246088,-2.28055377480593,-1.78826798751908,-1.71659643014973,-1.92956688898815
"CM002238.1.5118160.5119160",-2.09351745773359,-1.69429297974394,-1.49775798633907,-1.73602608138421,-1.62935239637456
"CM002238.1.5131035.5132035",-1.79992298818883,-2.20051644252513,-1.76219520604544,-1.63974646874187,-1.67070180622688
"CM002238.1.5144732.5145732",-2.28879116005944,-2.10350537677352,-1.85001000801297,-2.16823653536021,-1.86369169982572
"CM002238.1.5204041.5205041",-1.94020993168409,-2.07526012223235,-1.7338022023216,-1.58808129390358,-1.93387543151666
"CM002238.1.5224993.5225993",-1.92887225769997,-1.88828417175171,-1.77343659580873,-1.67107157980033,-1.44043398377024
"CM002238.1.5227600.5228600",-2.01454599450849,-1.98770527577402,-1.36894913838147,-1.42303605616622,-1.40112741231061
"CM002238.1.5229513.5230513",-1.71176803560918,-2.07252835360025,-1.7004445390781,0,-0.673169007156946
"CM002238.1.5230922.5231922",-2.84490992987739,-2.03540801087654,-1.94517827939762,-1.51798576087305,-1.86181093137307
"CM002238.1.5248821.5249821",-1.98180253272646,-1.94599839768515,-1.72595729418462,-1.45241197047275,-1.54583006486141
"CM002238.1.5251830.5252830",-1.96250599168674,-1.96723574160326,-1.77132634493065,0,-1.25026671619491
"CM002238.1.5254295.5255295",-1.73599489924319,-1.86449473121121,-1.44266316114612,0.815773071669139,-0.962093357857829
"CM002238.1.5258478.5259478",-3.12990956682517,-2.26776102661537,-1.64571334636094,0.716494793696063,-1.04538304350543
"CM002238.1.5260375.5261375",-2.51265756737919,-2.550624247324,-1.99522421689726,-2.24993491529165,-2.20925209435272
"CM002238.1.5260767.5261767",-2.32251713244235,-2.39655332944014,-1.66977541552671,-1.59126379397675,-1.61993670134624
"CM002238.1.5264628.5265628",-2.11533101743966,-1.87747694296082,-1.45264307548951,0,-0.811158212820708
"CM002238.1.5269619.5270619",0.740349485143128,1.20422933465964,1.32597175645579,1.35396464797585,1.4880547855324
"CM002238.1.5270939.5271939",-3.09192489646628,-2.30085262434559,-2.50541073208088,-2.83826281314224,-3.36860567835775
"CM002238.1.5271184.5272184",-3.30779175235409,-2.57335221019027,-2.93481005756873,-2.88296932136088,-3.72648265747724
"CM002239.1.666.1666",-2.66542401922016,-2.22113385923093,-2.05668725477328,-2.13063983321802,-1.32062459990379
"CM002239.1.5883.6883",-2.05001032027525,-2.03143448513131,-1.91730772131665,-1.95911039594894,-1.40802191007852
"CM002239.1.5445.6445",-2.12796483850064,-2.24072974119669,-2.09033139671633,-2.01349769244308,-1.76475909731903
"CM002239.1.19545.20545",-1.81166545065798,-1.41469270886293,-1.04943746788434,1.85225653313501,1.59163146347347
"CM002239.1.10074.11074",-2.01806730387977,-2.04537118727545,-2.01042491974029,-1.76827700406563,-1.62695041663709
"CM002239.1.21754.22754",-1.72449703387537,-1.84085321260465,-1.63929518483486,-1.77185471890397,-1.66174417039006
"CM002239.1.24429.25429",-2.01767992410913,-2.18189551871826,-2.4715835565632,-2.18078283211202,-1.89691032570074
"CM002239.1.28177.29177",-2.13488745107822,-2.25692571271012,-2.01039667853409,-1.78802915956775,-1.83999557663848
"CM002239.1.30867.31867",-2.48879205474396,-2.372507795253,-2.26731319727195,-1.31580446351572,-1.74960378672914
"CM002239.1.54578.55578",-1.46828467618855,-1.64003011265318,-1.65931157478382,-1.21847937236273,-0.884381784822141
"CM002239.1.67361.68361",-1.96634808772571,-1.79820028076571,-1.48802140453993,-1.33106295744942,-1.3545149354201
"CM002239.1.71006.72006",0,0,1.42576895026396,2.24182909263864,1.78196705564993
"CM002239.1.70004.71004",-1.71526619363711,-1.98315667934699,-0.742721941193162,0,0
"CM002239.1.100672.101672",-1.83929110649022,-1.50357506993149,-1.55094113998678,-1.51642408159972,-1.18940861459945
"CM002239.1.102518.103518",-2.08200881883194,-2.74656315811734,-2.32519980065765,-2.20358509525668,-2.30790097346627
"CM002239.1.106179.107179",-2.42673839576502,-2.45238565634032,-2.04855743722979,-2.03657014464578,-1.51367455713684
"CM002239.1.109942.110942",-2.1908380986873,-2.09799034233029,-2.00572001474198,-1.86516560843366,-1.70326109656249
"CM002239.1.112997.113997",-2.43701683985529,-2.13995663345927,-1.77218328993365,-1.98805109819087,-2.22603976156216
"CM002239.1.142889.143889",-2.27282643817103,-2.28007469859615,-2.15004054061924,-2.23229574894299,-2.06302112789119
"CM002239.1.177213.178213",-1.96343111132594,-2.22857134906235,-1.65002625766578,-2.0550293390305,-1.32376676732583
"CM002239.1.177290.178290",-1.92862738393879,-2.1853529016392,-1.72442927469411,-2.08578484995244,-1.41818949542445
"CM002239.1.183928.184928",-2.04455581404201,-2.37127141388997,-1.77228674423912,-1.93208196519322,-1.72069969442847
"CM002239.1.184123.185123",-2.2970242226531,-2.30441750447204,-1.75727646492828,-1.92529724353631,-1.75092271426296
"CM002239.1.187781.188781",-2.1672398090793,-2.41894105741682,-1.50576837898493,-1.60163971332093,-0.734353972782977
"CM002239.1.191560.192560",-1.68345414939053,-0.788877213124183,-1.18139598500038,-1.05910306746535,0
"CM002239.1.190866.191866",-2.40667679987402,-2.29012227055254,-1.94709136600449,-1.99444907438999,-2.0530449449364
"CM002239.1.195389.196389",-2.14229984075558,-1.98312672717244,-1.74665044357026,-1.43224133413112,-1.3965706061283
"CM002239.1.194503.195503",-2.4710035732022,-1.08184029642091,0,0,-0.733866672714967
"CM002239.1.197402.198402",-2.59451659594603,-2.26156150774716,-2.13567401206143,-2.37791134294626,-2.01019193828259
"CM002239.1.199139.200139",-2.54353761529505,-2.42883251269917,-1.72755720592289,-1.97090358601609,-1.36790415983536
"CM002239.1.202551.203551",-2.70412320949676,-2.30753498828076,-1.89590647417694,-2.02852209836962,-1.63582008374376
"CM002239.1.204430.205430",-2.72653680448416,-2.47218309070929,-2.17034485068554,-2.36336387122089,-1.73117973434699
"CM002239.1.206393.207393",-1.70536789339976,-2.01978294830944,-1.77801790331647,-1.96141304394777,-0.893162224280111
"CM002239.1.209876.210876",-2.24816578928535,-1.97346670651348,-1.86218365649721,-2.00440922764797,-1.55849991278603
"CM002239.1.217651.218651",-2.029638985158,-1.58467299199677,-1.62930638175977,-1.80388131383625,-1.49017263853043
"CM002239.1.225373.226373",-1.98692243352958,-1.63206054666052,-1.45560326195507,-1.91642842010636,-1.85902616319295
"CM002239.1.247760.248760",-2.64949994636162,-2.13711321325706,-1.6830483832005,-2.17855193541706,-1.69613170435331
"CM002239.1.251836.252836",-2.42390029094104,-2.12416369106627,-1.76968007966308,-2.14558866005827,-1.68363955699934
"CM002239.1.254341.255341",-2.35779106116228,-2.71818265348744,-1.80373819154782,-2.15022774665719,-1.7667088458295
"CM002239.1.283996.284996",-2.39806773474771,-2.18965859685358,-2.39369734363791,-2.41035948521248,-2.44530059860662
"CM002239.1.294737.295737",-2.604266693773,-2.35259410397118,-2.00913115348338,-1.96169882507622,-2.04453162156405
"CM002239.1.306995.307995",-2.28059154512776,-1.29410794804864,-0.808903156266189,-0.620839064832336,-0.619251887013523
"CM002239.1.311616.312616",-1.85889609522341,0.621002482364467,0.647194589086745,1.12405821870848,0
"CM002239.1.314067.315067",-2.13430910870001,0,0,0,-0.80065087504056
"CM002239.1.317162.318162",-2.97093587312072,-2.31459907086176,-2.13358686242977,-2.53083748654236,-2.28538506530037
"CM002239.1.319438.320438",-2.21273845194021,-2.06562199858967,-1.70534546664547,-1.9844244709948,-1.70904710611758
"CM002239.1.321255.322255",-2.2548876538833,-2.3379673825388,-2.01567526977856,-2.14766107905717,-1.60210115677499
"CM002239.1.322848.323848",-1.84887404007832,-2.12790552754818,-1.68264347718034,-2.11670872283924,-1.6865421536356
"CM002239.1.324467.325467",-2.18295070573839,-2.77111225945381,-1.90642156280733,-2.29998830957873,-1.95457714004193
"CM002239.1.327813.328813",-2.3773687109731,-2.1747337930417,-1.98096562406488,-2.18678453690854,-1.66142370609865
"CM002239.1.329886.330886",-2.13962408804925,-2.40506110340883,-1.94473423962286,-2.13311058916486,-1.58240089663157
"CM002239.1.331020.332020",-2.15927651924671,-2.22848911007531,-2.19341082966484,-1.96004563691134,-1.39886167978298
"CM002239.1.334888.335888",-2.18915827844585,-2.45130381950391,-1.77160583906225,-1.46080906302927,-1.40000988928539
"CM002239.1.339141.340141",-2.407581609988,-2.09451380048674,-1.59097048953941,-2.22159857586687,-1.90716434588929
"CM002239.1.342937.343937",-2.17432875904013,-2.32424161814759,-2.06467721861962,-2.12164933644826,-2.01664615917665
"CM002239.1.344245.345245",-2.86244131725506,-2.81077552030307,-2.31023845085997,-2.29657967790525,-2.61731676024748
"CM002239.1.348039.349039",-2.28297431229379,-2.62061000718307,-1.932130584909,-2.20834153772096,-1.64047907689186
"CM002239.1.352974.353974",-2.43345668315435,-2.27890874430251,-1.80172810270784,-1.60510246823643,-1.69657644090152
"CM002239.1.359309.360309",-2.41111752326298,-2.37300748638877,-1.76615217658149,0,-1.16902931601378
"CM002239.1.360633.361633",-1.94033314616845,-1.61839548958866,-1.05810071110619,1.10895446603419,-0.825880775546749
"CM002239.1.373191.374191",-2.39474250152306,-2.49097972693942,-1.95688693137908,-1.25003258087424,-2.19043713889077
"CM002239.1.375397.376397",-2.3205632259911,-2.1415551264239,-1.82963921005321,-1.44756719088034,-1.2958827174674
"CM002239.1.376980.377980",-2.04169965463122,-2.04107261657389,-1.73429290231401,-2.04098728849401,-1.27630798715848
"CM002239.1.379901.380901",-2.37488048135745,-2.04353667661684,-1.93126555267571,-1.58157980008326,-1.95853789514947
"CM002239.1.386840.387840",-2.06301413442023,-2.12200264346815,-1.66746862470992,-1.91489056598141,-1.67072860535382
"CM002239.1.389011.390011",-2.00398206196565,-1.95750409705851,-1.59467294331365,-2.31083781229167,-2.16410723884445
"CM002239.1.390745.391745",-1.92675330674671,-2.17787848648984,-1.68455722510475,-1.26630885462347,-1.65425076137382
"CM002239.1.392307.393307",-2.36363251363252,-1.93309269571434,-1.68410297201235,-1.86629936833863,-1.63123254580868
"CM002239.1.409279.410279",-1.56837026111038,-1.52706176859254,-1.5203625519362,-1.96812029390631,-1.34649875023869
"CM002239.1.412468.413468",-2.09631328305096,-1.83707549926209,-1.53657734485591,-1.74714672355089,-1.73464903654943
"CM002239.1.464927.465927",-2.1339413363231,-2.00001592744984,-1.48144580588884,-2.12620803126281,-1.90630515197385
"CM002239.1.473486.474486",-2.27233252838421,-2.22679491310778,-1.77065532249608,-1.81346507850142,-1.65686711132199
"CM002239.1.505812.506812",-1.82859496090069,1.40725667692771,1.1097368490925,1.30720630946514,-1.3134185250155
"CM002239.1.507445.508445",-2.35543065881214,-0.954104033656786,-1.09514772148908,-1.43491750134759,-1.52841549571352
"CM002239.1.516021.517021",-3.05722409775165,-2.6975879920663,-2.62195355591816,-2.60634759320858,-2.66073333843831
"CM002239.1.545559.546559",-2.02125013247023,-2.24844282505797,-2.27809360929964,-2.51056847560999,-1.52643176279844
"CM002239.1.548863.549863",-1.87083027305728,0,0,0,-1.66497678328531
"CM002239.1.548229.549229",-1.61530821622606,0.682237453119108,0.717822439867822,1.19223329786015,-1.4973405962144
"CM002239.1.555600.556600",-2.25257799107235,-1.94041594279696,-1.7569240947605,-2.73622195748247,-1.6074040631538
"CM002239.1.557383.558383",-2.21173469589897,-2.33666497760647,-1.90007216133287,-2.41933625124493,-1.5738525505465
"CM002239.1.557953.558953",-2.14954252226998,-2.38207189252414,-1.89311127884894,-1.88746490656718,-1.46577486561273
"CM002239.1.561105.562105",-2.14265570058415,0,0,0,-1.92835675162504
"CM002239.1.569177.570177",-1.41899838353465,-0.60821276354047,0,0.973156419505775,0
"CM002239.1.575874.576874",-3.18525531599375,-2.00004179885445,-1.86902212029253,-2.4545701191,-2.39177463039321
"CM002239.1.580616.581616",-2.11118576826305,-2.34262365583869,-1.87490925632316,-1.88552750674687,-1.6100005164155
"CM002239.1.581995.582995",-2.40109240271767,-2.1463120104315,-1.88706302390153,-2.1136790615123,-1.4501155874868
"CM002239.1.583451.584451",-1.73064478289336,-1.83498850148931,-1.5480745143084,-1.92618136441382,-1.7359991155713
"CM002239.1.589543.590543",-2.47383172646415,-1.13637576940204,-0.779205495729598,0,-1.58292670197687
"CM002239.1.590010.591010",-2.43230303189334,-1.46639344058079,-1.08133063569741,-1.12055548191369,-1.61950301290485
"CM002239.1.595220.596220",-2.20025696446197,-0.783724645130922,-0.565864605617301,1.10304261026482,-1.56964835066569
"CM002239.1.597810.598810",-2.27661213279655,-2.22940491277076,-2.02731233179458,-2.20864801414677,-1.75547378391708
"CM002239.1.615341.616341",-2.47123060606078,-2.32376572766323,-2.05461887303233,-2.09413434967964,-1.99545879075311
"CM002239.1.619608.620608",-2.92668285051558,-2.68003945066146,-2.24992879090325,-2.57226894632383,-2.60497930766412
"CM002239.1.632771.633771",-3.18700562388003,-1.82609393557916,-2.24058320968481,-1.84408717560665,-2.45767349493909
"CM002239.1.638705.639705",-3.07684702395571,-2.57053364339778,-1.85308629606442,-2.25113616018996,-2.60914973840582
"CM002239.1.641006.642006",-2.1585744525723,-1.86724290087397,-1.66803057441574,-2.0575566704311,-1.82030873741756
"CM002239.1.643715.644715",-2.25383835593574,-2.15201699627714,-1.97845342024413,-2.06182005574468,-1.79040368628504
"CM002239.1.646200.647200",-2.1600153491231,-2.38224678748541,-1.87769605804456,-2.08244642649403,-1.51839345985147
"CM002239.1.648874.649874",-2.00904647409452,-2.28429795705118,-1.81093044700249,-1.84147998081918,-1.88433552800086
"CM002239.1.650096.651096",-2.08487549176469,-2.44971655723584,-1.86556637640766,-1.97015864679248,-1.48337115181036
"CM002239.1.651449.652449",-1.69453855663622,-1.95912845166577,-1.74087627005342,-2.03552612853263,-1.53392317542283
"CM002239.1.653554.654554",-2.00214574567895,-2.22316613544788,-1.63169787609853,-1.89084209808721,-2.22210143013744
"CM002239.1.656598.657598",-2.6970890199606,-2.88275967798546,-2.50789127113731,-2.43425384958579,-2.55338336381656
"CM002239.1.660725.661725",-1.53020709160084,-2.06152435633754,-1.8325371295237,-2.19827016967434,-1.41919299037538
"CM002239.1.673964.674964",-2.06000651525445,-1.87207163414485,-1.61116739138713,-1.84056023471961,-1.70619043602658
"CM002239.1.699081.700081",-1.10911696481546,-0.780356780886655,0,1.40727778192361,0
"CM002239.1.709996.710996",-2.67817659565073,-2.36836021095721,-1.69118640727905,-2.37865722785025,-2.04634702560434
"CM002239.1.718623.719623",-2.1471199273665,-2.34264285776587,-1.66638320445035,-2.18925894967787,-1.78401483470604
"CM002239.1.723916.724916",-2.39380499527776,-2.41081596213754,-1.99296172654534,-1.98088500373684,-1.27826299765099
"CM002239.1.727173.728173",-2.29214367519215,-2.46169271316202,-1.64375008153941,-1.93887298506606,-1.62331604284495
"CM002239.1.731674.732674",-2.42497034344799,-2.49910954418791,-1.96875777762745,-2.28526117426669,-1.76492209605612
"CM002239.1.735060.736060",-2.37059212635768,-2.67495854955201,-1.67382056643418,-2.18825216269465,-1.98306380994976
"CM002239.1.735338.736338",-2.50511333595231,-2.45447114130512,-1.77537709244417,-2.26033286924934,-2.11471609928103
"CM002239.1.741042.742042",-1.63459197672566,-1.40245749043639,-1.00622365708794,-1.05491297859564,-0.802258512016633
"CM002239.1.741597.742597",-1.93222671129862,-1.9447908498399,-1.642612086054,-1.85277183896202,-1.76596185029834
"CM002239.1.744736.745736",-2.30052063089589,-2.28797646064996,-1.69863452396024,-2.25936473892482,-2.17925321929
"CM002239.1.760596.761596",-2.20961075613804,-2.21848036065937,-1.97864065149672,-1.95748382996354,-1.59721878424531
"CM002239.1.762646.763646",-2.51513473389834,-2.39357904245397,-1.59844186932714,-2.08429525005984,-1.653296225832
"CM002239.1.773545.774545",-2.50308883278922,-2.08634383936292,-1.61069367255839,-2.06901252703145,-1.65031923220773
"CM002239.1.789409.790409",-1.95078986168046,-1.97105862818745,-2.14363945150159,-2.01144881947194,-1.64733645425953
"CM002239.1.800077.801077",-2.0247740943506,-2.04354517926254,-2.21459457097504,-2.03781838999228,-1.74068359151571
"CM002239.1.835957.836957",-1.89345837739897,-2.11891781022981,-1.75871855581015,-2.14273364348142,-1.56015273383871
"CM002239.1.837908.838908",-2.11250412555352,-2.1896690723789,-1.71994979359059,-2.16480239453624,-1.54672321016801
"CM002239.1.841980.842980",-1.85774026555962,-1.03253893930877,-0.76919229164977,0,-1.53946300831455
"CM002239.1.3026397.3027397",-1.6978817393537,-1.71585197426956,-1.50787712355335,-1.56156184666393,-1.21364623480903
"CM002239.1.5073498.5074498",-2.047141740747,-1.8822656150535,-1.58336618183344,-1.74395478240492,-1.47495415988175
"CM002239.1.5076422.5077422",-2.08177314388356,-2.26082087613708,-1.9838182967576,-2.0739121824275,-1.60779937288631
"CM002239.1.5079649.5080649",-2.36424119444031,-2.79122114818688,-1.75971748688384,-2.40397215212348,-1.73038283435407
"CM002239.1.5082593.5083593",-1.57170521975447,-1.83799639985202,-1.48896732450072,-1.83118107304133,-1.5652116833243
"CM002239.1.5085126.5086126",-1.77046669012639,-2.10487714456245,-1.68687635465454,-1.92141508687244,-1.44093867195832
"CM002239.1.5088749.5089749",-1.7959028473042,-2.05813004929326,-1.19258966174139,-1.78998849201427,-1.7405803839846
"CM002239.1.5096329.5097329",-2.02187129033074,-1.94714944916802,-1.68684079128834,-1.92156053855192,-1.87229162032051
"CM002239.1.5095649.5096649",-2.13115115687491,-1.99972467715401,-1.89030166603138,-1.98681395393398,-1.98447274430116
"CM002239.1.5097593.5098593",-2.06987169783715,-2.31680578350206,-1.68758021457512,-2.18523302543574,-1.61884624870913
"CM002239.1.5147854.5148854",-1.89455129116669,-2.22121774970878,-1.64504316206131,-2.03057857995621,-1.85098123039115
"CM002239.1.5151451.5152451",-1.98279581740831,-1.99968347539389,-1.62889224629355,-2.02344066139091,-1.68852209599428
"CM002239.1.5154699.5155699",-1.88213310333129,-2.11664857259459,-1.38692770616375,-1.90841660264738,-1.51716089400084
"CM002239.1.5154352.5155352",-1.98485814990494,-1.93917035523273,-1.6090097850855,-1.92895058138211,-1.4572802690009
"CM002239.1.5206008.5207008",-1.75807622520761,-2.41002829109188,-1.59856047230861,-2.13331939440814,-1.49887168913337
"CM002239.1.5206834.5207834",-1.70987094435172,-1.95723528469011,-1.80888381556393,-1.84951178970379,-1.71276762362879
"CM002239.1.5250952.5251952",-2.17168789394016,-1.92161441447418,-2.01471339977473,-2.00744736132446,-1.82376258400394
"CM002239.1.5821203.5822203",-1.61196106414689,-0.915843773194061,0,0,-0.694723505362353
"CM002239.1.5850702.5851702",-1.81155332911036,-1.86579389982165,-1.42990695538827,-1.46413981472776,-1.3809841523567
"CM002239.1.5850069.5851069",-1.82203202267995,-1.88240246390142,-1.75968658237305,-1.67821256702513,-1.49091778233033
"CM002239.1.5865625.5866625",-2.41526354038621,-2.31460885241679,-1.89903359671519,-2.12064812628301,-1.69200554497801
"CM002239.1.5867123.5868123",-2.52052574327305,-2.32135739595809,-2.4062978626647,-2.93200449386972,-2.5531047802633
"CM002239.1.5868809.5869809",-1.927857330253,-2.28662589415542,-1.39796168696496,-0.718505210479671,-1.29943819532387
"CM002239.1.5881084.5882084",-1.82359572383107,-1.86479735653609,-1.62902994109919,0,-1.55687094202149
"CM002239.1.5885111.5886111",-2.45083690273019,-2.2554997532951,-1.77113899855259,-0.53617282366822,-1.72927271595467
"CM002239.1.5886563.5887563",-2.29463450630075,-2.84628770365362,-2.07178948815759,-0.830077502008338,-2.02340875190219
"CM002239.1.5889980.5890980",-1.82385869556917,-1.8701999316946,-1.33701949362992,0,-0.610271909060482
"CM002239.1.5930117.5931117",-2.73952693446334,-2.43664576820089,-2.09111775996036,-2.24787588478831,-3.46346908551889
"CM002239.1.5937656.5938656",-2.04995220334487,-2.14722711140248,-1.48566036764551,-0.959018250069856,-1.86106224130769
"CM002239.1.5937999.5938999",-1.97664252583225,-2.54629816622177,-1.63758207993151,-1.08551184462354,-1.91068464476134
"CM002239.1.5940404.5941404",-2.05395192686676,-2.54789253381751,-1.9050707426441,-1.51078017669838,-1.57612528068474
"CM002239.1.5942562.5943562",-1.99080336568464,-1.95327729844707,-1.40339332457321,0,0
"CM002239.1.5945298.5946298",-2.444908015875,-2.00034965198503,-1.87594440058542,0,-1.86947593893469
"CM002239.1.5948690.5949690",-2.55031912005087,-2.73622934127651,-1.97760178069663,0,0
"CM002240.1.561578.562578",-2.12907799302354,-2.18259297194334,-1.76517989550884,-2.16804806541245,-1.48048309959239
"CM002240.1.564806.565806",-1.98371328665262,-2.4487631024057,-1.29950733979963,-1.8084079156841,-1.31324840686227
"CM002240.1.564371.565371",-2.1087518528297,-2.40175643973017,-1.45811572340425,-2.07118223654466,-1.18212640208416
"CM002240.1.568335.569335",-2.51522374152665,-2.47747741083681,-2.09296486631367,-2.26843045230417,-1.82000646580124
"CM002240.1.570751.571751",-2.18445040135546,-1.97340765221234,-1.87963994403394,-2.14046490655918,-1.82648875371154
"CM002240.1.574048.575048",-1.960603083911,-1.87662340571863,-1.92575295394305,-2.30867846482243,-1.44089351425301
"CM002240.1.637674.638674",-2.03929584172716,-2.40851382364481,-2.09429282677561,-2.30302531766374,-1.86296730098755
"CM002240.1.641662.642662",-2.01056493599671,-2.29405837526505,-1.48315990289714,-2.61767282535824,-1.73573483458787
"CM002240.1.641039.642039",-2.22883657164218,-2.01145240193905,-1.75580821532237,-2.2421202591084,-1.51903582418389
"CM002240.1.641903.642903",-1.95419803480905,-2.28991020700684,-1.514533823237,-2.3161905125036,-1.52039658707862
"CM002240.1.643542.644542",-2.09430543396439,-2.0466463488921,-1.46089837697568,-1.72639643858054,-1.68638869835441
"CM002240.1.646894.647894",-2.64784545127575,-2.3911803263503,-1.93468142457215,-1.90296142839811,-1.64894467532635
"CM002240.1.651639.652639",-1.54005014473888,-2.30706023127949,-1.59018795531991,-1.87177031609667,-1.43898453171165
"CM002240.1.656324.657324",-2.56773230262141,-2.37969418624476,-2.26465790615642,-2.35283460628311,-1.66383653531037
"CM002240.1.656737.657737",-2.32615890043154,-2.01798111639699,-1.96259522725249,-2.2975064311435,-1.50362890992448
"CM002240.1.661805.662805",-2.03385463558394,-2.1141125694,-1.93177563519975,-2.02160851706918,-2.33037692745022
"CM002240.1.677920.678920",-2.92533609313088,-2.29291070549592,-2.8336199079112,-3.22636121602063,-3.20688501501149
"CM002240.1.679539.680539",-1.7907609582589,-2.00976948443111,-1.91151486421646,-1.73459329026726,-2.31487631093467
"CM002240.1.682080.683080",-2.49572922281851,-2.22473919348807,-1.98805405676464,-2.23169219364572,-2.0996592937034
"CM002240.1.774595.775595",-2.08443828573618,-2.15614687165902,-1.6940522632096,-1.83060587256556,-1.95753990534216
"CM002240.1.776441.777441",-2.03208832285927,-2.27577634067044,-1.89293465441838,-2.05204694756826,-1.71006468276363
"CM002240.1.5974966.5975966",-2.03894179413897,-2.10448730259271,-1.8297308793952,-1.90493470294312,-1.74888098232777
"CM002240.1.5974681.5975681",-2.19141399792832,-2.00345495415932,-1.85400996624845,-1.8275553693157,-1.79319598862484
"CM002240.1.6022507.6023507",-2.32909122513513,-1.84205087315067,-1.92662914020705,-2.02711709083106,-1.98053665236878
"CM002240.1.6024495.6025495",-2.14034120001209,-2.24574817093684,-1.39028830924823,-1.94698594327256,-1.37340220335769
"CM002240.1.6028640.6029640",-2.02059920029613,-2.22112956519613,-1.77706633188075,-2.02145679348559,-1.76991555366291
"CM002240.1.6030256.6031256",-2.12185251831526,-2.32967354714852,-1.69010673456718,-2.12963696258328,-1.8521266934926
"CM002240.1.6031483.6032483",-2.09601992790757,-2.65381247123288,-1.89441417603007,-2.31218220485547,-1.9601014194848
"CM002240.1.6032868.6033868",-1.83683766701485,-2.03610570407652,-1.59298444262387,-1.89306172504972,-1.60104590349805
"CM002240.1.6034014.6035014",-2.3048381413268,-2.70600613535734,-1.81778730485701,-2.55041258407694,-2.12610678102496
"CM002240.1.6034120.6035120",-2.38543976622758,-2.85193998573516,-1.99335106042391,-2.55292744330966,-2.34137586059576
"CM002240.1.6037403.6038403",-1.91015137286933,-2.31944373729451,-1.62575282290399,-1.94922805816021,-1.5329460703753
"CM002240.1.6040266.6041266",-2.17646684021067,-2.15011093065563,-2.18819517242257,-2.6262137629349,-1.9324452317094
"CM002240.1.6045717.6046717",-2.35766201163949,-2.54851966694993,-1.48463908867394,-2.00970332587314,-1.62461887028164
"CM002240.1.6049161.6050161",0,-1.07710340381361,-0.957720576312768,-0.745059881753042,1.81445531469286
"CM002240.1.6051653.6052653",-2.27510354666385,-2.2059256157637,-1.81266565998404,-2.22991335726065,-1.77300937009238
"CM002240.1.6055244.6056244",-2.1967164240136,-2.05645016272598,-2.13407287290813,-2.2366082240561,-2.50585118276837
"CM002240.1.6057226.6058226",-2.19604275488996,-2.4761175688144,-1.66353638151266,-2.28738006514576,-1.39633885163582
"CM002240.1.6062353.6063353",-2.36536668994544,-2.42592342284818,-2.10225805278459,-1.99779276051351,-2.41802870456771
"CM002240.1.6066000.6067000",-1.89627727954315,-2.3849556048238,-1.6201608851146,-1.67984536355727,-1.07799666436953
"CM002240.1.6083258.6084258",-2.24500988783579,-2.14037052313565,-1.72179638897437,-1.88663097998541,0
"CM002240.1.6086068.6087068",-1.82767283597807,-2.00840548750563,-1.77865106451517,-1.68161285109529,0
"CM002240.1.6088614.6089614",-1.86540635857967,-2.04331897202604,-1.61750541291947,-1.91705973010116,0.847418955339455
"CM002240.1.6100997.6101997",-1.72654088995995,-2.42689887717141,-1.99874242559787,-2.13115002013932,-1.47082544851921
"CM002240.1.6118261.6119261",-2.07958472228322,-1.97589445797189,-1.65690999408728,-1.88706011979143,-1.36548726204634
"CM002240.1.6121372.6122372",-1.88067762245965,-2.25398330616647,-1.71706164895439,-1.86499163046991,-1.59529836523648
"CM002240.1.6124310.6125310",-2.20741366381247,-1.9339309914284,-1.91959865123847,-2.20057384559914,-1.62630052172957
"CM002240.1.6154249.6155249",-2.76183302393006,-2.53987521883408,-2.10007709392396,-2.29000182414873,-1.86977281353205
"CM002240.1.6159880.6160880",0,0,0,1.05560821866621,0.955171735446199
"CM002240.1.6161878.6162878",0,0,0,0,0
"CM002240.1.6164419.6165419",-2.57827011938349,-2.66206725917376,-2.44145728506544,-2.8183424099941,-2.62792102663754
"CM002240.1.6168117.6169117",-2.29034410215253,-1.97453334456028,-1.79176792045716,-2.07959867498601,-1.47599894961711
"CM002240.1.6172804.6173804",-2.19362684710723,-2.39082572397745,-1.65552349765641,-2.04351880106825,-1.66494582854038
"CM002240.1.6176260.6177260",-2.19153110337698,-2.4014250823248,-1.71994318048268,-2.27595767306904,-1.45810785182488
"CM002240.1.6191809.6192809",-2.13719663602741,-2.30607405143833,-2.10167525103477,-2.06217714227169,-1.97142510958539
"CM002240.1.6197388.6198388",-2.84624074392513,-2.17189151486574,-2.251160830441,-2.49447678999362,-2.16741673396956
"CM002240.1.6199980.6200980",-1.88090038296295,-2.19007352055999,-1.88653483978281,-1.97449720648496,-1.63509244805119
"CM002240.1.6213816.6214816",-2.26688246973726,-2.04572274818291,-1.7395577878261,-1.9559533669211,-2.1112345991479
"CM002240.1.6218940.6219940",-2.25716956458499,-2.87536383029679,-1.93891667828277,-2.92034292896163,-2.28111087653062
"CM002240.1.6220672.6221672",-2.09079645321601,-2.25662688508878,-1.79104658341842,-1.97599012682833,-1.49326682205438
"CM002240.1.6222909.6223909",-2.62960723536564,-1.92038862555374,-1.93120094970477,-1.96445899224004,-1.4834261425078
"CM002240.1.6224199.6225199",-2.17967040928011,-2.4088678192781,-1.92828650533784,-2.02359358241735,-1.74273793815923
"CM002240.1.6227238.6228238",-1.96654497327284,-2.2907586754549,-1.85766743760347,-2.20391128659813,-1.47346602582253
"CM002240.1.6229094.6230094",-1.98296504293286,-1.94730303593278,-1.70989314190171,-0.829823641803153,-1.351181094823
"CM002240.1.6230566.6231566",-1.88430430051653,-2.35520880063001,-1.89034451599195,-1.59753458195148,-1.42958353155948
"CM002240.1.6232580.6233580",-1.94929661152003,-2.18367086767525,-1.70657754926533,-0.581497379509718,0
"CM002240.1.6234598.6235598",-3.39552941421578,-2.31236757725071,-2.42979190707419,-1.81088265394126,-1.4148446349989
"CM002240.1.6236738.6237738",-2.19330366669239,-1.89804436953995,-1.66124671353494,-2.02773538040753,-1.30328516527273
"CM002240.1.6238634.6239634",-2.306162205932,-2.12985298859731,-1.54053369102569,-1.91025812414086,-1.642913920128
"CM002240.1.6241091.6242091",-2.50867812820972,-2.42805253228062,-1.86404733012157,-2.02999125824264,-2.10844112845217
"CM002240.1.6378931.6379931",-1.91660878483825,-1.84504982391918,-1.82305369178853,-1.73890396029989,-1.4129852173178
"CM002240.1.6412219.6413219",-2.16467388588801,-1.89477004802747,-1.55775225573873,0.964248309565861,0
"CM002240.1.6411875.6412875",-2.0559859715635,-2.04325748115807,-1.55515950453584,0.707320168383273,-0.810508535373914
"CM002240.1.6413592.6414592",-2.43383825715203,-1.97273858010239,-2.10325248270247,0,0
"CM002240.1.6416639.6417639",-2.33470805947292,-2.33265819044391,-1.94718336732927,2.06208051440934,1.40089295883167
"CM002240.1.6422165.6423165",-2.17691040492703,-1.89692066894582,-1.89188104215554,2.30454126725988,1.23031685698812
"CM002240.1.6421488.6422488",-2.02038835517215,-2.15462884637786,-1.81345664848295,2.26537189921495,1.44135366368759
"CM002240.1.6422833.6423833",-1.78606975822835,-1.95987841048766,-1.76102968569135,1.29643758460072,0
"CM002240.1.6427124.6428124",-2.27655489099995,-2.44913942943993,-1.88999161345447,-1.8109333037846,-0.942052184533909
"CM002240.1.6433447.6434447",-2.17542613784306,-2.30378822502172,-1.95212789821773,-1.96522970315412,-2.05135829622391
"CM002240.1.6434236.6435236",-2.18189633142891,-2.24657785422294,-1.96363074204417,-2.44271543495354,-2.15223600706927
"CM002241.1.3239.4239",0,0,0.69085685333358,1.9666673510995,1.44275692799507
"CM002241.1.2548.3548",-0.983729320167206,-1.14152298063139,0,1.78090265979658,1.58110498715517
"CM002241.1.19938.20938",-2.5009944096088,-2.41320774093293,-1.91750194410832,-1.17914742823309,-2.11163005840918
"CM002241.1.19385.20385",-2.63518332383735,-2.17214557808801,-1.95227071832438,0,-1.92635871439675
"CM002241.1.23457.24457",-2.02710248202513,-2.18007493891783,-1.75766428024671,-1.02278739526492,-1.46985432053407
"CM002241.1.28474.29474",-1.71353717888593,-2.02516216437252,-1.80145431578273,-1.69422789776073,-1.09910521270444
"CM002241.1.28374.29374",-1.90865266348565,-2.23802388981269,-1.94201907270436,-1.98486544330196,-1.35809728675586
"CM002241.1.39731.40731",-2.2792369841137,-1.93021566951897,-2.09728862261934,-2.30974887373275,-2.04396111523983
"CM002241.1.47619.48619",-1.09311889762846,-1.40410869177236,-1.5643469290453,-1.71413581292368,-1.0207026284187
"CM002241.1.128184.129184",-2.38789096740623,-1.80569326302484,-2.05857719014286,-1.7892580256286,-2.09274424083406
"CM002241.1.130900.131900",-2.67007768746789,-2.28068219039115,-1.26164150288275,-1.19892048774516,-1.36774970170419
"CM002241.1.144802.145802",-2.80818450586542,-2.06615377336741,-2.00816429520667,-2.24561321543332,-2.44439972456017
"CM002241.1.145529.146529",-2.1867288438078,-1.67789603388974,-1.4254126375667,-1.62414318007379,-1.77013563428263
"CM002241.1.148764.149764",1.72913890693736,1.85846559268239,2.3636881939112,2.28714617576434,2.86508217427577
"CM002241.1.150703.151703",-2.15614805532271,-2.1753866212625,-1.52829481107794,-2.04590596439239,-1.66181046480166
"CM002241.1.152549.153549",-2.09832984345815,-1.99260739498519,-1.26796249164053,-1.69523696432749,-1.4113904664363
"CM002241.1.154204.155204",-1.57892489598894,-2.141324593673,-1.67501825351971,-2.09048067745631,-1.38925660633474
"CM002241.1.158549.159549",-2.29136966263912,-2.19420812065404,-1.76633966377572,-2.29910609928823,-1.98794137890484
"CM002241.1.160757.161757",-2.14092074260129,-2.49976335936989,-1.76133097979404,-2.13748988327056,-1.51030027736175
"CM002241.1.160934.161934",-2.19985667093841,-2.56742856516285,-1.85908194246591,-2.08746834545981,-1.54271784034244
"CM002241.1.162915.163915",-2.13607266539774,-2.01919478987234,-1.81721799599435,-2.22190819729493,-1.67977068469131
"CM002241.1.183160.184160",-2.44186488638661,-2.4329071940665,-2.00487526991877,-2.45358670466805,-2.35283065496228
"CM002241.1.187110.188110",-2.65822797272593,-2.36088462501551,-1.78736572260327,-2.25186408238432,-1.54881437008356
"CM002241.1.188855.189855",-2.46822680298519,-2.37621870810759,-2.21209363387698,-2.28204464962821,-2.22061602627492
"CM002241.1.191354.192354",-2.1813179956221,-1.93179865760011,-1.85413436883812,-1.97247253475518,-1.40390811627543
"CM002241.1.194741.195741",-2.08157590742592,-2.82678486365573,-2.02269168603544,-2.46376244548864,-1.87204816728908
"CM002241.1.199028.200028",-2.0615816023355,-2.25579374439772,-2.2922082191238,-2.67864585293316,-1.88189059870418
"CM002241.1.199046.200046",-2.08672899626384,-2.24988196450911,-2.25123839680753,-2.72986423533416,-1.88941885450093
"CM002241.1.201270.202270",-2.56164504756599,-2.35756386700106,-2.26653813018721,-2.61226008935312,-1.88540727982204
"CM002241.1.204202.205202",-2.21285917066236,-2.2245207733955,-1.88989411612828,-2.05161511957456,-1.34824007628851
"CM002241.1.208139.209139",-2.00258773801227,-2.32124757362407,-2.14941314649303,-2.28852103341474,-1.7030217196495
"CM002241.1.208404.209404",-2.18406299091957,-2.18728856050187,-1.95099302951623,-2.09363793039269,-1.61678478688338
"CM002241.1.211907.212907",-2.06205759273427,-2.05328869609742,-2.14219869790181,-2.21093154093851,-1.7133899406254
"CM002241.1.217784.218784",-2.96256082392116,-2.08039531466496,-2.35859861933006,-2.02831816384306,-2.15360554217159
"CM002241.1.237338.238338",-2.64338765291518,-2.11504468441711,-1.78136714905399,-1.7226781227855,-1.74948057089994
"CM002241.1.344310.345310",-2.23828627383872,-2.18781031101387,-1.49669134408942,-1.85140101786862,-1.60507839557394
"CM002241.1.345217.346217",-2.34050807065701,-1.94230699245963,-1.35924042833102,-1.87081144017658,-1.86753679389846
"CM002241.1.349971.350971",-3.06019965223097,-2.1283443290613,-1.34540535339898,-1.56510075863808,-1.69972038851188
"CM002241.1.353170.354170",-2.2093608927577,-2.08606382221086,-1.59012760308087,-1.99828134640317,-2.08928397865926
"CM002241.1.354361.355361",-2.35306538068299,-1.98821262412179,-1.87395165044056,-2.13537420227383,-1.84998919152223
"CM002241.1.357461.358461",-2.42062538800952,-1.74405881679549,-1.18786198415827,-0.823982248339128,-1.55764321869985
"CM002241.1.392299.393299",0,0,0.594544867244333,0.803494944722485,0.938220014668883
"CM002241.1.395057.396057",-1.74843306741428,-1.14643459162869,-0.58962002491145,0,-0.944338330105237
"CM002241.1.413229.414229",-2.4164624122262,-2.34324146354761,-1.85820441727041,-1.99878900673662,-2.19432743995315
"CM002241.1.414556.415556",-2.18866996916461,-1.66313871772729,-1.87838818236203,-1.85863812902165,-1.60473793380359
"CM002241.1.420149.421149",-1.99580431402694,-2.52392307029276,-1.50281520093724,-2.05317029073316,-1.63747927910936
"CM002241.1.428843.429843",-1.68719430144791,-2.13238999561156,-1.61020368436221,-1.81096217664371,-1.67849809057242
"CM002241.1.431496.432496",-1.837916870009,-2.18123227521572,-1.5080604394808,-2.15715370928281,-1.60771327465918
"CM002241.1.445380.446380",-1.73986906919639,-2.12056348866061,-1.64730822900845,-1.87843018710341,-1.62034750223165
"CM002241.1.447719.448719",-2.39211853850873,-2.19694504316955,-1.68220702326669,-2.10734372459784,-1.89342276094505
"CM002241.1.451914.452914",-2.10834568481172,-2.44125204277401,-1.99441146632919,-2.54502482697484,-1.58365784063406
"CM002241.1.454628.455628",-2.26083171192952,-2.02240661074183,-1.7393093252212,-2.14422070459483,-1.80636419813723
"CM002241.1.456145.457145",-2.3173044686181,-2.10943155479053,-1.61822837091605,-2.0192998556241,-1.54751400882591
"CM002241.1.460121.461121",-2.34563753582148,-2.16773613100249,-1.69702393856667,-2.14770239427861,-1.41792915779892
"CM002241.1.464497.465497",-2.47408513456029,-2.38562317047576,-1.6586851556118,-2.14384910368521,-2.12824546229592
"CM002241.1.466364.467364",-2.0380634677131,-2.56418454785481,-1.9429471072442,-2.18089532437631,-1.73576757609972
"CM002241.1.467683.468683",-2.10628615599798,-1.76147383765369,-1.72366329684112,-2.10082641926318,-1.84704461828754
"CM002241.1.466742.467742",-1.97032490492237,-2.16534445713895,-1.59241145284497,-2.15329080251503,-1.68678247648789
"CM002241.1.472955.473955",-2.27361070789834,-2.10124770128172,-1.71163468989688,-2.4754445721059,-1.89353075115001
"CM002241.1.475939.476939",-2.37833703426187,-1.62005458679826,-1.35049355603624,-1.95787493784944,-1.59344952561563
"CM002241.1.480674.481674",-2.43968099927001,-2.34196244470343,-2.26618837320929,-2.80493953410027,-2.59945027012961
"CM002241.1.3474600.3475600",-0.72707170864362,-0.708698488350671,-0.838600023589907,0,0
"CM002241.1.3493310.3494310",-2.398389043697,-2.27609391218622,-2.04115854363978,-2.18960085718311,-2.28440150853716
"CM002241.1.3495260.3496260",-2.05396067842668,-2.26007737919981,-1.51390476309427,-1.77944885883567,-1.63105550002777
"CM002241.1.3496365.3497365",-2.11054244767154,-2.20910441368159,-1.67414935340137,-1.84584830426158,-1.74206870902831
"CM002241.1.3500461.3501461",-1.82646518717476,-2.26374169570023,-1.08580252753825,0,-1.03625474292414
"CM002241.1.3503078.3504078",-2.73504391164275,-2.49453115551321,-2.29026770066916,-2.21337951878323,-2.61799123012262
"CM002241.1.3504338.3505338",-2.41982495743193,-2.73084990125423,-2.17319301086273,-0.835697997795366,-1.01295233436242
"CM002241.1.3503972.3504972",-2.60744414998654,-2.45128329998593,-2.28267020428247,-2.04625483946828,-1.99325825391081
"CM002241.1.3540011.3541011",-2.01013985700205,-1.97296516413032,-2.02056447689412,-1.37426207366393,-1.47838319055211
"CM002241.1.3541965.3542965",-1.76634451792111,-1.26359689419072,0,0,0
"CM002241.1.3544826.3545826",-2.43865500539484,-2.20642287061166,-1.76476936717472,-1.7159364041063,-1.92489691216712
"CM002241.1.3548678.3549678",-2.41088041418541,-2.24807215351929,-2.11240755706885,-2.14394999619577,-1.9813565485515
"CM002241.1.3671157.3672157",-2.4141180977064,-2.7164267243248,-2.16763484572041,-2.44173951763241,-2.29905802784404
"CM002241.1.3701656.3702656",-2.42845058600834,-2.52392722447258,-2.1273232961571,-2.09069697445067,-2.15645031644209
"CM002241.1.3708016.3709016",-2.66696140780579,-2.15679643324528,-1.86972458513067,-2.6185439840589,-1.96640377949562
"CM002241.1.3710421.3711421",-2.00965037716228,-2.32865356055327,-1.70781606254889,-1.89724083030009,-1.53809925358227
"CM002241.1.3713470.3714470",-2.14620373680941,-2.21091092268823,-1.73050329752077,-1.88223293229523,-1.33917406958098
"CM002241.1.3714814.3715814",-1.94354961818764,-2.0356739903598,-1.64067205754594,-1.67424265426664,-1.34393766714579
"CM002241.1.3720585.3721585",-2.38024196613559,-2.53773874790474,-2.054122363603,0,-2.12603608233327
"CM002241.1.3720794.3721794",-2.24128134071018,-2.54039382269253,-2.09541321601098,0,-1.98313147355111
"CM002241.1.3724597.3725597",-2.04389061940202,-2.41484065498537,-1.91674277099141,-0.978299777628994,-1.88981459604408
"CM002241.1.3730288.3731288",-2.83701516665024,-2.29921419771671,-2.02220189688351,-1.62191729419974,-2.29427956099571
"CM002241.1.3731708.3732708",-2.17400256621072,-1.89432157217475,-1.62507485173567,-1.91495179196018,-1.15452740360365
"CM002241.1.3735077.3736077",-2.77424429860746,-2.46145739171675,-2.50394347733253,-2.59014217347914,-2.75692895354694
"CM002241.1.3735511.3736511",-0.601460371111666,-0.620034214721806,0,-0.64086133590691,0
"CM002241.1.3738644.3739644",-2.00839728030509,-2.06963044627452,-1.35370562475379,-0.694647446122419,-0.685755049902219
"CM002241.1.3741846.3742846",-2.19329669871281,-2.24502588753747,-1.68292357890663,-1.38543414364135,-1.56134078926578
"CM002241.1.3743486.3744486",-2.36709049459038,-1.97005035623867,-1.86831687568243,-1.74303552071224,-1.82066068589166
"CM002241.1.3747272.3748272",-2.41827181171868,-2.37130706239494,-2.10046930075759,-1.43182336505601,-1.28851772329967
"CM002241.1.3749657.3750657",-1.98992247268966,-1.99512535486873,-2.09812882098304,-0.603944867876845,0
"CM002241.1.3752463.3753463",-2.05502050318312,-2.18611716935006,-1.90226474952053,-1.95385276817646,-1.28868666406938
"CM002241.1.3761894.3762894",-2.45473503114902,-2.43500625340186,-1.71108284869384,-1.92957812359759,-2.00798197643401
"CM002241.1.3761870.3762870",-2.42254668770101,-2.4550269358091,-1.76008684284708,-1.93207260512206,-2.03920151584357
"CM002241.1.3763396.3764396",-1.63895158996546,-2.36229155733951,-1.48583508045372,-1.84384192471872,-1.96655944516445
"CM002241.1.3772990.3773990",-3.45159662850133,-2.6043667425345,-2.83877082360656,-2.97358153541774,-2.51798508956648
"CM002241.1.3776510.3777510",-2.64351435738978,-2.31690724110695,-1.64954905623492,-2.17542178372936,-1.68613724137369
"CM002241.1.3777133.3778133",-2.82769051420554,-2.66918866809908,-2.10586790708547,-2.59689745209832,-1.92288895237201
"CM002241.1.3796368.3797368",-2.27825369073397,-2.12688120307932,-1.53702914386923,-2.08720703164211,-2.01051930132795
"CM002241.1.3798208.3799208",-2.56376930898623,-2.26599868994778,-1.66441110340829,-2.26266933697214,-2.14642753868219
"CM002241.1.3799753.3800753",-2.02718021318155,-1.88001679012936,-1.98879633964258,-1.89462024016444,-1.43923911901193
"CM002241.1.3802482.3803482",-2.86412851191339,-2.24024472487167,-2.03793572888245,-2.46589025345392,-1.96424160244931
"CM002241.1.3803725.3804725",-2.31349833612553,-2.1530181629403,-1.69347401195163,-2.0615418042238,-1.25612410902018
"CM002241.1.3805934.3806934",-2.02103413589294,-1.93670238132287,-2.03691523459687,-2.14150974918848,-1.69136630232947
"CM002241.1.3807987.3808987",-2.35456191412167,-1.86737176038541,-2.16458070708228,-2.47321704408387,-2.00760194596559
"CM002241.1.3809013.3810013",-1.79132684116486,0,-1.36063114582483,-1.64535707899223,-0.991129795842435
"CM002241.1.3812281.3813281",-2.55324786436429,-1.56477429967427,-2.07671120461374,-2.47509270310183,-2.2044359151228
"CM002241.1.3827201.3828201",-2.08772543614412,-2.01258512249787,-1.65095395372394,-2.02977552932901,-1.94548159382287
"CM002241.1.3834102.3835102",-1.93113739807092,-2.17705389750478,-1.39858014545824,-1.86024643568447,-1.69384764380763
"CM002241.1.3835236.3836236",-2.70761621920825,-2.5022887418872,-2.07318787532251,-2.58828894781433,-2.19047949335128
"CM002241.1.3837296.3838296",-2.20074779907428,-2.05122513185592,-1.6260007770543,-1.64058383137389,-2.13608169380338
"CM002241.1.3888493.3889493",-1.83916252310535,-1.76498253495984,-1.92386807747915,-2.01262039474085,-1.89499793532494
"CM002241.1.3893455.3894455",-2.67526117984006,-2.08996982732515,-2.2436416287748,-2.07277838210934,-1.77963007927068
"CM002241.1.3898073.3899073",-2.63801196437381,-1.77154765285036,-1.95910818815993,-2.33747241566771,-1.77305285912658
"CM002241.1.3899721.3900721",-2.09423543995373,-2.14106948971046,-1.88087286148899,-2.25858112871131,-2.09390659019343
"CM002241.1.4057091.4058091",-2.09713180286717,-2.01918358942532,-1.99654896850953,-2.06070166722262,-1.480752398551
"CM002241.1.4143716.4144716",-2.60928786469661,-2.5026788991467,-2.26636311445705,-2.50573610983179,-2.65871941922982
"CM002241.1.4150053.4151053",-1.73068933379872,-2.2087261531464,-1.93206112927765,0,-1.3464005868885
"CM002241.1.4152567.4153567",-1.77881382465366,-1.72463507759798,-1.47066909786078,-1.13688478538593,-1.42837738919573
"CM002241.1.4162424.4163424",-1.9872330424268,-1.85572064690811,-1.96015753818488,-1.63780610907665,-1.35602359002373
"CM002242.1.2274.3274",-2.07416850067235,-1.65890676715303,-1.40503306019894,0,0
"CM002242.1.4931.5931",-2.41190033046709,-2.35263063656902,-2.25707990437655,-2.01802027938943,-1.73613956307691
"CM002242.1.6962.7962",-1.85208008082802,-1.70194992620387,-1.31745526207115,-1.19222230772222,-1.07525250799812
"CM002242.1.102087.103087",-2.07171957251919,-1.36225746960192,-0.764161678121069,0,-1.21759394170002
"CM002242.1.104745.105745",-2.120296683765,-1.80435505718838,-1.56235658389367,-1.20841409889982,-2.19154929483377
"CM002242.1.107396.108396",-2.79937458229389,-2.25683817903615,-2.22971877744129,-2.30202116694868,-2.10270954754385
"CM002242.1.109295.110295",-2.40332939370409,-2.55455237342149,-1.88581510069185,-2.01165034206433,-1.79966956649483
"CM002242.1.111417.112417",-2.57738309140495,-1.96706488296845,-2.08645347042065,-2.20556520368304,-1.86448878330977
"CM002242.1.241878.242878",-1.84962567063588,-2.06142472217862,-1.6813094893405,-1.76853597480175,-0.900521777384803
"CM002242.1.243276.244276",-1.94638471197575,-1.94873658049127,-1.74638451364353,-2.4899975271966,-1.81294268583133
"CM002242.1.251228.252228",-1.8043294716146,-2.09063950724361,-1.62980488427254,-1.74046849941383,-1.34539417358745
"CM002242.1.254203.255203",-2.33599420858323,-2.37160214732497,-2.09606225294184,-2.54643306031615,-1.96454600583209
"CM002242.1.307498.308498",-2.00083261865889,-2.04021124248683,-0.745615215146473,-0.917649719680361,-1.1771415969652
"CM002242.1.308581.309581",-2.33481843763342,-2.07191154326303,-1.54136075608657,-1.83341501999499,-1.87914856291151
"CM002242.1.308572.309572",-2.33921869177717,-2.06376113505576,-1.51509668090618,-1.80460696171873,-1.90109273789541
"CM002242.1.313727.314727",-2.01766607382546,-1.94434435710068,-1.9240856817702,-2.11732944510281,-1.56652026026041
"CM002242.1.316465.317465",-2.55051350019969,-2.31518544632743,-2.04563607300925,-2.21362949630989,-1.91045321945647
"CM002242.1.372111.373111",-2.00995879194072,-2.1748249067056,-1.74908017352829,-1.75898638321717,-1.5141167517707
"CM002242.1.662194.663194",-2.12831847285506,-1.88858635835229,-1.65479692641015,-2.07490045383662,-1.82738214468298
"CM002242.1.663824.664824",-2.0274635117303,-2.23735312335389,-1.73771215317783,-1.99796148422396,-1.90607310395264
"CM002242.1.666093.667093",-1.87324193061571,-1.92733211660407,-1.22851957966353,-1.93430299931846,-1.82277039041685
"CM002242.1.667654.668654",-2.29510091873261,-2.06630696912072,-1.71355501511207,-2.02483556251273,-1.48918296541183
"CM002242.1.672603.673603",-2.07430649617401,-2.06669737035018,-2.02591331902214,-2.27569511692674,-1.31967846774647
"CM002242.1.675441.676441",-2.35572432371757,-1.89832695074033,-1.34571857258663,-1.61052088589856,-1.38421400137407
"CM002242.1.696106.697106",-2.09407949891869,-1.88450065753373,-1.47948200903363,-1.98300991776216,-1.60153683685375
"CM002242.1.700578.701578",-1.46450614704169,-2.21722266348309,-1.58865399759315,-1.9141271719634,-1.62880099726322
"CM002242.1.700229.701229",-1.44637537270947,-2.06058327974911,-1.30647788130587,-1.84997010919423,-1.32467535024881
"CM002242.1.705040.706040",-2.08776227565892,-1.97211303248535,-1.92160637819245,-2.13212693959123,-1.6549585405528
"CM002242.1.705752.706752",-2.03253087644879,-1.67840559365023,-1.64478550418434,-2.16587688134334,-1.41494920335677
"CM002242.1.708743.709743",-1.80488743582114,-1.78561882419436,-1.72007247134327,-1.95970949081845,-1.53767841462287
"CM002242.1.712338.713338",-1.86751989122654,-1.87818682846543,-1.63250101170019,-1.88346127965454,-1.21425827457084
"CM002242.1.713756.714756",-2.10606864002798,-2.38247478326678,-1.66848667628066,-1.91852634163176,-1.32763621819199
"CM002242.1.715045.716045",-2.54921914984415,-2.098933191377,-1.91704464629266,-1.96161386508819,-1.6429677243365
"CM002242.1.717001.718001",-2.11777884456883,-2.26581345953655,-2.12211646269805,-2.25556756933472,-2.07700419301347
"CM002242.1.718121.719121",-2.34301184063229,-2.11060511312103,-2.02176297897486,-2.17277710215534,-1.47297797153708
"CM002242.1.885584.886584",-1.81568370272722,-2.46949366016737,-1.89839560283224,-2.24533072483722,-1.70202248269788
"CM002242.1.886935.887935",-2.29782571902611,-2.31468328213876,-2.08087498065407,-2.42353131497688,-1.55718079821873
"CM002242.1.888199.889199",-2.27672591584879,-2.16400980812025,-1.6341430871009,-2.10128638135026,-1.44300721121405
"CM002242.1.910010.911010",-2.17257627857253,-2.47942532788708,-1.79179007325119,-2.09681413428727,-1.83308068429602
"CM002242.1.911592.912592",-2.3861587356747,-2.31311701217744,-1.57369202924654,-2.04413539263661,-1.60583873079765
"CM002242.1.913085.914085",-2.36592510553051,-2.13063904751534,-1.75621232964161,-1.87742437995491,-1.35950267980797
"CM002242.1.916764.917764",-2.10267000684948,-2.20156358678944,-1.61606824528092,-2.00375305799659,-2.06144207599803
"CM002242.1.916314.917314",-1.65811747993255,-2.03105979438139,-1.68637314221226,-1.89784285514287,-1.52686629248709
"CM002242.1.920448.921448",-2.09817352712966,-2.56528411728721,-2.1231628154539,-2.20613524247075,-2.00916590790345
"CM002242.1.922793.923793",-1.92138247700082,-2.30514481220696,-1.8309516725061,-2.01098523894768,-1.45809944058613
"CM002242.1.922739.923739",-1.90076809784277,-2.35845555826124,-1.85122023868729,-1.98934707806846,-1.53912442646503
"CM002242.1.924044.925044",-1.7931797777445,-2.55079516963674,-1.96297647906366,-1.91127595274018,-1.99029690664028
"CM002242.1.927380.928380",-2.39872119908017,-2.2919747753712,-1.92693256894104,-1.99120883851218,-1.75529800007199
"CM002242.1.928690.929690",-1.80586951478422,-2.24783928485443,-1.54497666054808,-1.9143498340974,-1.60432436370839
"CM002242.1.931224.932224",-2.59023832757588,-2.47461038609423,-2.18279067386487,-2.44450832310523,-2.27459934439567
"CM002242.1.944454.945454",-2.59761401789298,-2.70180757895893,-2.01151395057461,-2.38588568860387,-1.76628081671486
"CM002242.1.946591.947591",-2.0993313505224,-2.17407313769718,-1.68424491411783,-1.96007290388918,-1.55321337204297
"CM002242.1.1345413.1346413",-1.5992998963752,-2.65948162633256,-1.66369806138199,-1.96836950914707,-1.71337301301755
"CM002242.1.1351307.1352307",-1.5903500116784,-2.14988737582768,-1.67401599579399,-1.85085890135794,-1.48215475627032
"CM002242.1.1352459.1353459",-1.73187397951045,-2.10037865063705,-1.85329324320833,-2.01622386419279,-1.54318248067135
"CM002242.1.1592855.1593855",-1.78373654630472,-1.91449875460765,-1.47518218793168,-2.10220648813403,-1.22862690020035
"CM002242.1.3651925.3652925",-2.07835335805975,-2.20213080996334,-1.78145798591742,-1.81383691385725,-1.6973729806246
"CM002242.1.3662387.3663387",-2.02620848009799,-1.92838248856754,-1.53716282473364,-1.56039127594973,-1.74085040846101
"CM002242.1.3672504.3673504",-1.78726076455998,-2.32226611527294,-1.44804423165637,-1.65362883917113,-1.51489765362973
"CM002242.1.3763243.3764243",-1.87959891275329,-2.29757362834508,-1.71219279925707,-2.02870174851879,-1.60282751680001
"CM002242.1.4108282.4109282",-1.97318048951849,-1.7740752023166,-1.82469447702374,-2.14573226563061,-1.90679681002302
"CM002242.1.4109658.4110658",-1.83864076965566,-2.29646750035775,-1.62111944242112,-2.12049114915444,-1.43547109986703
"CM002242.1.4170729.4171729",-1.74310494098423,-1.76465856869147,-1.70916558283538,-1.69164311366055,-1.33958545606867
"CM002242.1.4169811.4170811",-1.81487670095442,-1.52141622577942,-1.72051031918491,-1.45357879936454,-1.28000881418724
"CM002242.1.4196609.4197609",-1.58568347714892,-1.40589745984329,-1.63978320079598,-1.63758352818234,-1.30465531466046
"CM002242.1.4202741.4203741",-2.39149195407838,-1.59513829623453,-1.89999150145838,-1.87386912601162,-2.52190202980102
"CM002242.1.4233256.4234256",-2.18926084962364,-2.09469167853941,-1.77992595955167,-1.47474129762278,-1.74228662952173
