"","logFC_WT","logFC_cac1","logFC_cac2","logFC_cac3","logFC_set7","logFC_ash1"
"CM002236.1.2578.3378",3.47412773374078,4.05136425411685,3.84046525578988,0,0,2.14791005869782
"CM002236.1.2677.3477",3.24430429678305,3.78003216870965,3.59716467367021,0,0,1.86528712648667
"CM002236.1.15429.16229",3.12323813816663,4.19818627050163,3.38222029976605,0,0,2.05344520863036
"CM002236.1.16940.17740",1.20956566035721,1.81883538906783,0.741554896814526,-1.56850426059034,0,1.23088101352721
"CM002236.1.34480.35280",2.30210633278437,3.13340844548225,1.31947064303272,-0.984807426114417,0,1.90871492780158
"CM002236.1.42332.43132",3.78443935631718,3.02385552054333,2.88333909189573,-0.973427680111392,0,2.7019693680975
"CM002236.1.44251.45051",3.42568146307994,2.93627354675128,2.80505017544648,0,0,2.6940137334183
"CM002236.1.47854.48654",0.793547976862403,0.748516745253433,0,-1.24317315966113,0,0
"CM002236.1.58645.59445",2.53772142631408,2.78041147537044,2.67194881449091,0,0,2.60688640199569
"CM002236.1.90823.91623",3.55411726564276,3.67383712657118,3.49029610673072,0,0,2.77247766409531
"CM002236.1.180722.181522",2.12666321590487,0.885279323177026,0.989122697633694,0,0,1.72910263089132
"CM002236.1.184751.185551",3.87258639886308,2.57793341012808,3.13079991142942,1.79009668364443,0,3.39139344279278
"CM002236.1.185539.186339",3.20610851609318,1.87046723618285,2.46241701132463,0.825681933416669,0,2.82905610586903
"CM002236.1.189295.190095",4.05960465763822,2.08437350989923,2.51438707350663,1.29549901343036,0,3.11312387043208
"CM002236.1.189906.190706",3.94894651291204,1.96796447363918,2.29518387413016,0.801589646484342,0,2.9152201163541
"CM002236.1.193764.194564",1.94706394248048,0.67716871651104,0.811236403984375,0,0,1.67198189521217
"CM002236.1.195035.195835",3.45341827686898,1.11263973172689,1.08410216316562,0,0,2.87040900417813
"CM002236.1.195990.196790",3.75192835441379,1.45102843651192,1.39083521410273,0,0,3.09277398697257
"CM002236.1.197694.198494",4.23522676383015,2.91820062367601,2.96320793350343,0,0,3.23383003573437
"CM002236.1.209043.209843",3.85448815512124,2.89802319782306,2.84155961544614,0,0,2.64906705660129
"CM002236.1.209986.210786",3.82583762177674,2.23510088137896,2.68314636377593,0,0,2.5547736445772
"CM002236.1.214119.214919",4.15466394642842,2.72384436047655,3.05184969636725,2.48551050357854,0,2.71626119151321
"CM002236.1.216221.217021",4.3861044417781,3.24506295926206,3.53242584951342,3.63027950378769,0,2.912511639944
"CM002236.1.220679.221479",3.69743568893048,2.79049727087632,2.80824491697757,3.50059064742349,0,2.42450875188335
"CM002236.1.224161.224961",2.0394873766538,1.12649852434647,1.73175857753117,2.6614134605468,0,2.28219524031772
"CM002236.1.245948.246748",3.20255648003992,1.28678977905535,1.66296943753696,3.25148365714246,0,2.6837140762889
"CM002236.1.247178.247978",3.72591698799015,2.01864016219744,2.02102058677716,4.00288170001009,0,3.04757386731884
"CM002236.1.251644.252444",1.60512428879306,0,0,2.06634618946056,0,2.6469635412544
"CM002236.1.255394.256194",2.94527883449765,2.26244494645812,2.17863742137366,3.83696246578282,0,2.85540419768192
"CM002236.1.255665.256465",3.23560861803661,2.57738269092159,2.38999632751117,4.1404250273532,0,2.83198476438896
"CM002236.1.256992.257792",4.22217866829857,3.60220099729844,3.50833213425373,4.84687806784375,0,3.02776170797081
"CM002236.1.263087.263887",4.32231597471269,3.65006005583684,3.84001968301455,4.28449388958777,0,2.17572088397163
"CM002236.1.265088.265888",3.39659244072251,3.4861903044159,3.06895388459176,3.55470458014735,0,2.29329470371077
"CM002236.1.291132.291932",4.8266312179653,4.56248968244,4.63312995205517,4.96544004823293,0,3.18270306342261
"CM002236.1.292666.293466",4.54586316944758,4.33882194349398,4.26751712798021,5.03163766019981,0,3.35356654012471
"CM002236.1.297470.298270",4.79071666733765,4.29185443403067,4.34387537833833,4.96842434447731,0,3.45062212276227
"CM002236.1.301852.302652",4.2225733077686,3.62731443975686,3.60186446131029,4.58837201098485,0,2.55844480950416
"CM002236.1.8867349.8868149",1.83239412947538,0,0,1.14117391644138,0,1.86894567963123
"CM002236.1.9651209.9652009",2.19760940645739,2.81418469053177,2.78135368158709,0,0,0
"CM002236.1.9688432.9689232",2.57812133433297,3.21708344559939,2.93853810502834,-0.821608074372176,0,1.13554506461216
"CM002236.1.9690243.9691043",3.53929914791051,3.78453417634705,3.63947107130103,0,0,3.01210626074344
"CM002236.1.9689477.9690277",3.33824108655039,3.72551180179313,3.62751675005788,0,0,2.69203788391978
"CM002236.1.9693040.9693840",2.38841944922029,2.59015780017241,2.56132093853782,0,0,2.72627483310481
"CM002236.1.9694131.9694931",0,1.05616323963233,0.934116245753417,-1.49364094482942,0,0
"CM002236.1.9759096.9759896",4.03365275355482,4.90639250023145,4.68669669760007,0,0,2.47399083099048
"CM002236.1.9771869.9772669",4.10493366724425,5.01170779588491,4.29221399499926,0,0,2.62154033210683
"CM002237.1.10729.11529",4.94852759485761,4.88492707318638,4.99561211335562,-0.844754648889364,0,1.72966676174575
"CM002237.1.11141.11941",4.86645247491157,4.89839901765898,4.91838852578767,-1.30047404332892,0,0
"CM002237.1.13011.13811",3.90249191049643,4.85640040887504,4.33717284160258,0,0,2.35477655004646
"CM002237.1.17873.18673",3.0276279554116,3.33393820196592,2.85506257837513,-1.27751941086838,0,0.913855707025348
"CM002237.1.18541.19341",3.42283656197573,3.71371719098312,3.38688477319123,-0.939570727581229,0,2.02552696188288
"CM002237.1.35327.36127",3.64575376754693,4.06313009806309,3.7936543276825,0,0,2.5416102137127
"CM002237.1.37953.38753",0,0,0,-1.07888075146718,0,0
"CM002237.1.41101.41901",2.22140453508384,2.93627456868715,2.95433905011197,0,0,1.43444552086327
"CM002237.1.51442.52242",2.58654664198363,2.78829582864462,2.53663658893206,0,0,0
"CM002237.1.55703.56503",3.02013218884617,3.1768558846688,3.24478248901954,0,0,2.18321028977252
"CM002237.1.69944.70744",1.98259756198383,2.15031369723531,2.3576039758811,-0.780200298137791,0,0
"CM002237.1.74042.74842",2.96475625324916,3.39802915705171,3.22650756656084,0,0,0
"CM002237.1.75100.75900",2.14945649885177,2.74408380091532,2.57498924624024,-0.82441957497668,0,0
"CM002237.1.75924.76724",2.20174398492992,2.77355283120741,2.58907206136268,-0.817867404386322,0,0
"CM002237.1.106519.107319",3.37770607693539,3.50803327246037,3.79030890469555,0,0,1.24269427154473
"CM002237.1.148034.148834",2.80450554654792,2.65545073454508,2.66832484987023,0,0,0
"CM002237.1.562360.563160",2.30548246830231,0,0,4.36796039792388,0,0
"CM002237.1.563902.564702",2.84615160195807,0.772706981493267,0,4.89777656657727,0,0
"CM002237.1.567205.568005",2.80599475751416,1.08380296383408,0.707867822746726,4.98077947460998,0,0
"CM002237.1.570012.570812",2.67843332101345,1.30403708234825,0.689710668796696,5.06959955366686,0,0
"CM002237.1.584652.585452",1.37597024172567,0,0,4.42410643664507,0,0
"CM002237.1.1678293.1679093",3.26525302174527,1.18257403203902,2.11031315443675,3.11050145061978,0,1.24263928174722
"CM002237.1.1680016.1680816",2.87683153930149,0,1.5252016903641,3.59789181716055,0,0
"CM002237.1.1684246.1685046",2.39749773520599,-0.757731894938797,0,2.10911463924998,0,-0.939593152055058
"CM002237.1.1685413.1686213",2.32768516498862,-0.759445811980873,0,2.5935537842202,0,0
"CM002237.1.4045843.4046643",2.05985242872316,2.38129233836109,1.65293981489118,3.0750838914126,0,-0.926266922872556
"CM002237.1.4164974.4165774",1.8213783783782,2.40953292123737,2.3478204829259,4.22402054030349,0,0
"CM002237.1.4297962.4298762",1.92644946749249,0,0.653397990175343,0,0,2.37317328870207
"CM002237.1.4448562.4449362",3.57050508815025,3.55979773069311,3.41343106567116,0,0,1.97253027194689
"CM002237.1.4452064.4452864",3.3988411891301,3.54864438643084,3.47762307128847,0,0,1.45981488035053
"CM002237.1.4465817.4466617",3.70556539402545,3.57230945834696,3.35879604757109,0,0,2.33768842158879
"CM002237.1.4468112.4468912",2.03494408563681,2.33368689330754,2.10029073963761,-1.15662776649478,0,0
"CM002238.1.8756.9556",3.80798709220473,4.98155243475945,4.44494198256585,0,0,2.34948614671085
"CM002238.1.12370.13170",3.33727869700867,3.85683163390868,3.49365874839668,-1.17844427899072,0,2.05468677937374
"CM002238.1.28670.29470",2.26603343706504,1.98702182272453,1.56806043234097,0,0,1.8666371039149
"CM002238.1.31099.31899",2.82304385060827,2.90458624788599,2.75395887481027,-0.895166024510402,0,2.40574087086517
"CM002238.1.161104.161904",2.78994268217538,2.62524184122013,2.51002825373226,0,0,0
"CM002238.1.163382.164182",2.56812697438022,1.96984608679073,2.00264939603649,0,0,0
"CM002238.1.166707.167507",2.70567625888469,2.70894120813134,2.90273335022411,0,0,0.922018163896933
"CM002238.1.199869.200669",2.91899403098612,2.66062950636527,2.25737490305459,0,0,1.53397763453371
"CM002238.1.218938.219738",3.63307262142251,3.8111865901264,3.70528970665638,1.77913775698641,0,2.11954155746404
"CM002238.1.221318.222118",3.35806422113878,3.11029345060556,2.91591428081984,0,0,2.30313888419132
"CM002238.1.223609.224409",2.2230092765173,2.64039476142905,2.38867198201274,0,0,0
"CM002238.1.223865.224665",2.66061739621319,3.00147696577336,2.78681780255442,0,0,0.831426684766926
"CM002238.1.225208.226008",4.33006079721936,3.94872590646396,4.13890531527747,1.85543611523517,0,1.90825834864244
"CM002238.1.229158.229958",4.25132857399124,3.8909957990268,3.86356719755858,2.86674225551655,0,2.12035619319472
"CM002238.1.233668.234468",4.19746812587174,4.15542893370686,4.10781963128629,2.82907284530837,0,2.5939064991101
"CM002238.1.234420.235220",4.02689691493942,3.99096647909414,3.80490548206988,2.34200692190756,0,1.8031226608437
"CM002238.1.238077.238877",3.83873832511633,3.63605554453417,3.30416217058897,1.45989624876957,0,1.54187802843351
"CM002238.1.238907.239707",3.94750690498899,3.84333302664323,3.33607167669169,0.909966575702109,0,2.2563347520502
"CM002238.1.243448.244248",4.15369966371667,2.93711113788715,2.99637237748674,0,0,2.78723638332294
"CM002238.1.247105.247905",4.13419144391032,3.55713906285441,3.41385127517327,1.58350779796384,0,2.72160352890546
"CM002238.1.251898.252698",2.92007198633312,2.84916703784871,2.33438192435461,0,0,0.968355813700029
"CM002238.1.264122.264922",4.55267886180615,4.79748531182861,4.87498130336944,4.23038096679608,0,3.12318399255727
"CM002238.1.266239.267039",3.05176379976377,3.8892080513986,3.44430869752177,1.13111833372944,0,0
"CM002238.1.268561.269361",4.70693270003225,4.82158400999029,4.26205718461266,2.56152577194378,0,1.88292198313359
"CM002238.1.271606.272406",4.80713630819856,5.15066909452399,4.98103483925249,4.63602103029334,0,2.11839380786557
"CM002238.1.273174.273974",4.70900122427555,4.98759848837803,5.07046482117596,4.95003302103576,0,2.2884307288139
"CM002238.1.274358.275158",4.72703095746323,5.24270543306569,5.25945002176233,4.52932124608625,0,1.66348144951117
"CM002238.1.276272.277072",0,0,0,0,0,-1.67772402549723
"CM002238.1.278901.279701",3.56721180105225,3.71081352066403,3.68230449932273,0,0,0
"CM002238.1.280499.281299",4.53139038108852,4.55960809524259,4.91396255759634,3.30485193002999,0,2.89367920275344
"CM002238.1.284885.285685",1.85194648833245,2.21902355358916,2.11448574239418,0,0,0
"CM002238.1.284989.285789",1.98240490466411,2.38769930624005,2.36984217180673,0,0,0
"CM002238.1.290525.291325",3.74638938730069,4.04359993346401,3.82246635629096,3.20896829981011,0,1.33979663931965
"CM002238.1.291502.292302",2.07123953858766,2.27474049244378,1.78445178802897,1.7181253712013,0,-0.900033546923457
"CM002238.1.295050.295850",3.68834640263979,4.07522661578363,3.91059367804513,3.31891229567682,0,1.58946285221784
"CM002238.1.298261.299061",3.88205494781916,4.24285445473536,4.1982331733889,4.43716289815199,0,1.38625355698199
"CM002238.1.299435.300235",4.25888903893005,4.50361536992969,4.56183350770929,4.77790502297293,0,2.4550145232964
"CM002238.1.343283.344083",2.83393982974566,3.40973579610243,3.57354292329773,3.55832420411776,0,0
"CM002238.1.344337.345137",3.59251410406014,4.29286318077219,4.22556642662608,4.39817312856149,0,0
"CM002238.1.381726.382526",4.39043003605195,4.57221712796753,4.62056177105432,5.06863524030809,0,0
"CM002238.1.385739.386539",3.55110729857695,3.59261008034553,3.67879903758767,4.50994457878863,0,0
"CM002238.1.386520.387320",3.75849543550042,4.06999423084075,4.20027361539878,4.77416820132266,0,0
"CM002238.1.390036.390836",4.36201695995992,4.54452668090079,4.77246187923462,5.37086385251306,0,1.47785783823749
"CM002238.1.392753.393553",3.20617508532743,3.35641651251781,3.49899694606568,4.06235517140473,0,0
"CM002238.1.393903.394703",3.96787107268035,4.43363491266608,4.29078449750599,4.83112663256563,0,0
"CM002238.1.395810.396610",4.1170194459771,4.35100316262103,4.35301528685113,5.01450814647053,0,0
"CM002238.1.398676.399476",3.93960870063134,4.62386322836133,4.41895982444013,4.83609741452702,0,1.26528380565618
"CM002238.1.400670.401470",2.55185549158968,2.66978745217398,3.06535138919142,3.11902564286485,0,0
"CM002238.1.401680.402480",1.07353739013035,0.739403816183844,1.08313145932394,2.59377369658259,0,0
"CM002238.1.426275.427075",2.75003990702297,3.01459855439741,3.27356347407488,3.73449840883009,0,0
"CM002238.1.428247.429047",3.3549950927437,3.35448356345374,3.63121275486555,4.48637355018739,0,0
"CM002238.1.429824.430624",3.35833878402015,3.70504914708208,3.61800765410342,4.66343769560144,0,0
"CM002238.1.449158.449958",3.89549248381148,4.13355401971455,4.13981834873921,5.09912401798749,0,0
"CM002238.1.452295.453095",3.52880175582575,3.50412434519246,3.92629661824977,4.89925289145536,0,0
"CM002238.1.453978.454778",3.30556408892149,3.5916113122121,3.79018267878851,4.83194235801515,0,0
"CM002238.1.455157.455957",2.98880156482953,3.21640836567587,3.25658111722808,4.39091238133904,0,0
"CM002238.1.456678.457478",2.79771109601459,2.91858785893133,3.16973469773076,4.30804259838973,0,0
"CM002238.1.459170.459970",3.18690698781892,3.41515912139048,3.94769217462693,4.59186996959404,0,0
"CM002238.1.554778.555578",1.66732227731788,3.10988800674863,2.98497204691847,4.36112879362817,0,1.48222430417483
"CM002238.1.4575276.4576076",3.41260884257554,3.45303294071359,3.33634780352737,3.23420450521438,0,2.79966736996647
"CM002238.1.4605854.4606654",2.21555978012467,3.06761941390287,2.82146278591672,3.07570684012227,0,3.00485091171198
"CM002238.1.4626622.4627422",2.99912998253737,2.80299823336812,2.47223931355111,3.35227479422822,0,3.52983491229372
"CM002238.1.4631034.4631834",3.82152500091951,3.67846649950285,3.30503432849458,3.95772769938554,0,3.38707629702257
"CM002238.1.4635713.4636513",3.85010945541534,3.47088609083216,3.44937121236923,3.44160395203831,0,3.08052350772974
"CM002238.1.4638996.4639796",3.7871736588404,3.10566188358672,2.72511605330118,2.62438619156038,0,3.19097856124769
"CM002238.1.4639645.4640445",3.52686454971977,2.81939891276288,2.49833142298741,2.73238212478665,0,2.40448999285512
"CM002238.1.4645191.4645991",3.86127391224268,2.99942796921725,2.97758962163775,3.18199055828494,0,3.05784596360931
"CM002238.1.4646952.4647752",4.05880168515808,3.77537476963229,3.59338028193225,4.08262957817719,0,3.30780379972371
"CM002238.1.4648939.4649739",4.22754754245127,3.97060704269654,3.98775689998169,4.62577885385819,0,3.21551529679172
"CM002238.1.4651897.4652697",4.31097598632293,4.02531806847968,4.29863919333834,4.62986520611529,0,3.41138040452521
"CM002238.1.4654446.4655246",4.07156769427392,3.9980690880607,3.88192128459084,4.21462208775443,0,3.27426453858961
"CM002238.1.4655793.4656593",4.00106592162741,3.74525205394224,3.83101587111769,3.9842814602689,0,3.37615367972344
"CM002238.1.4658149.4658949",3.6621257995829,3.28068236989183,3.36939997521138,3.17940872383947,0,3.13818126767606
"CM002238.1.4673230.4674030",4.29521817049541,4.09238231722976,4.12945782543635,2.09294303685801,0,3.33327560902139
"CM002238.1.4676070.4676870",4.25468214413591,4.12448892114899,4.36818743451612,4.30249918740436,0,3.46687549454317
"CM002238.1.4677579.4678379",4.24145790006622,4.31802811241438,4.29187479267967,4.60078903549778,0,3.37404128859736
"CM002238.1.4679732.4680532",4.15193537482906,4.20201953386136,4.20052086069802,4.30546720010187,0,3.43874779911261
"CM002238.1.4684005.4684805",3.90957834293223,4.31420300793182,4.1646772209682,3.47959978488891,0,3.47705213663098
"CM002238.1.4723682.4724482",3.25611234590571,3.40262843589034,3.06900782771743,2.08189393306181,0,3.1276860224748
"CM002238.1.4726129.4726929",3.60273704383895,3.56857566519367,3.25150751291143,2.07551537829619,0,3.11868963393906
"CM002238.1.4726308.4727108",3.58296478750955,3.49447321003596,3.17238481907453,2.09846399369286,0,3.20161621330404
"CM002238.1.4732041.4732841",4.25972299494961,3.78448810210402,4.00752699321411,3.45075060065013,0,3.33318912868162
"CM002238.1.4735425.4736225",4.44185587290903,4.02375049191467,4.11543613231498,3.50972197709363,0,3.27217786496054
"CM002238.1.4742100.4742900",4.77084089212119,4.49858996400255,4.25992363777357,3.61395050570582,0,3.4530632880062
"CM002238.1.4742761.4743561",4.88725169791844,4.70618054686115,4.63969729897714,3.88133876064787,0,3.6707237239352
"CM002238.1.4745695.4746495",4.99471222708564,4.87565588833107,4.6011215346118,3.7227400544399,0,3.57263974778836
"CM002238.1.4749047.4749847",4.76160175466554,4.39921503242782,4.1399043260898,2.77441857543202,0,3.76283793975701
"CM002238.1.4751518.4752318",4.72762903818176,4.5251933184494,4.40919010334392,4.09971173172307,0,3.48693261129923
"CM002238.1.4754327.4755127",4.4859139362686,3.83427063268678,3.71776134700932,3.22565438849525,0,3.31918136596206
"CM002238.1.4757058.4757858",4.26164509109708,3.57496718470401,3.56342552399612,2.86737812617396,0,3.14602719447617
"CM002238.1.4759136.4759936",4.22378668008406,3.30821883484167,3.2752771382026,2.40523880762965,0,3.28734578076998
"CM002238.1.4764024.4764824",4.65728660414446,3.55017728225408,3.40483246318286,2.75504616268843,0,3.5206024581828
"CM002238.1.4765864.4766664",4.34720282386283,3.60667518228351,3.56531809692816,3.14941269893785,0,3.38292338391231
"CM002238.1.4768723.4769523",4.181956212559,4.00702898086615,4.03527551210629,3.88075825795717,0,3.20777916894691
"CM002238.1.4769436.4770236",4.27239176907357,3.81083414163429,4.00665990140243,4.0883189720436,0,3.26793555926263
"CM002238.1.4772142.4772942",4.52947060715697,4.24464555886797,4.36931826446902,4.22432904529869,0,3.54961213958592
"CM002238.1.4772653.4773453",4.39181268088665,4.28463615672994,4.14348198890601,4.04074086683331,0,3.4126219158436
"CM002238.1.4775445.4776245",4.15198382101464,4.4035719344797,4.12203032877056,3.73076851384075,0,3.48852073414363
"CM002238.1.4777522.4778322",3.99556843686512,4.13599784008175,3.72226381749888,3.20456701002162,0,2.95782463982254
"CM002238.1.4780090.4780890",4.5401741389953,4.29819552891582,4.43752077568114,4.57044095282651,0,3.44092585836984
"CM002238.1.4781847.4782647",4.49747894928489,4.12654945178466,4.02316060772532,4.12469450312925,0,3.70523365164898
"CM002238.1.4787313.4788113",4.60040661551988,4.06310510852016,4.06979507172624,3.52890812754549,0,3.40031220913012
"CM002238.1.4788157.4788957",4.73409386395226,4.17282848034247,4.09597138946835,3.81169895812218,0,3.36134918688039
"CM002238.1.4789887.4790687",4.92735196898326,4.61199615081444,4.69202116695075,4.47877883051845,0,3.72389602089092
"CM002238.1.4792071.4792871",4.7038927045614,4.60587960596936,4.44070713780892,4.34804480351871,0,3.37797774112841
"CM002238.1.4793603.4794403",4.58739982388803,4.64474929601821,4.23368332414687,4.14443687010818,0,3.94700477610132
"CM002238.1.4795515.4796315",4.51339966516405,4.66429159578194,4.52125400142569,3.17951373693407,0,3.58582877312287
"CM002238.1.4796719.4797519",4.87390043619897,4.70074720992734,4.51407238838537,2.99037178867396,0,4.01139350084341
"CM002238.1.4799660.4800460",4.81381974131626,4.38772100010959,4.46449905970418,4.45216637447696,0,3.62257251371139
"CM002238.1.4804459.4805259",4.34905031932564,3.94437523868047,3.8277386024999,4.0049177358319,0,3.27330990540132
"CM002238.1.4806535.4807335",4.40179866145782,3.93280219312436,3.94882990509574,3.49602997512414,0,3.16242296822158
"CM002238.1.4808622.4809422",4.70158545735891,4.36854918133374,4.36642518613721,4.36577825003202,0,3.59611977564755
"CM002238.1.4811105.4811905",4.36589096435836,4.13992151331715,4.14957455950262,4.49248705430048,0,3.29432998954979
"CM002238.1.4814560.4815360",4.62500514712873,4.40718869992021,4.55136109773578,4.68062035313769,0,3.30693496859573
"CM002238.1.4818472.4819272",4.16417342604354,4.06941677104134,4.12455059642191,3.99074402714266,0,3.25977531604114
"CM002238.1.4820392.4821192",4.36260326721656,3.91911315915063,3.9337520321266,4.1047558417198,0,2.98632364572253
"CM002238.1.4823195.4823995",4.28623550219263,4.15064827599336,4.10648694589478,4.21350835212673,0,3.27445958521576
"CM002238.1.4825546.4826346",4.74508908520709,4.34857576735445,4.41504254255203,4.62425724094562,0,3.45760852835147
"CM002238.1.4827077.4827877",4.61078965248376,4.6317574751563,4.64462198544801,5.1710250804398,0,3.23494050088767
"CM002238.1.4856981.4857781",4.11829888202921,4.68910423996319,4.19740249674254,4.51586512309004,0,2.68050710766608
"CM002238.1.4859525.4860325",4.45388450653479,4.32641425485025,4.46824752795151,4.53442336696434,0,3.42099056534126
"CM002238.1.4861081.4861881",4.67400711712982,4.72307176215439,4.4824194680193,4.85604412258835,0,3.13899703353943
"CM002238.1.4861938.4862738",4.22230317416925,4.32665832968416,4.30839560337706,4.29908624573228,0,2.73485723147274
"CM002238.1.4862426.4863226",4.0402188165069,4.09689816598511,4.16372721181449,4.26813825647531,0,2.72329746439664
"CM002238.1.4869640.4870440",3.62909790571082,3.592788446378,3.36450204122227,3.58433829362268,0,2.67807702374058
"CM002238.1.4869899.4870699",3.65432468707509,3.5550667884016,3.33332728399883,3.51536764737028,0,2.29056031230814
"CM002238.1.4872643.4873443",2.23501308679146,2.07091892468098,1.79882096206752,1.91046520673021,0,0
"CM002238.1.4873485.4874285",2.4494235809469,2.2666166169756,1.63435325429834,2.11405607758469,0,0.849312671299037
"CM002238.1.4875826.4876626",3.50925715226405,3.27094324455187,2.82929537194598,2.86487532173068,0,2.31193860152291
"CM002238.1.4926812.4927612",2.38571718251662,1.60286219169939,1.1344988604429,1.36643781159912,0,3.17198269443826
"CM002238.1.4962586.4963386",1.20864704007353,1.09764452495515,0,0,0,1.72203377994595
"CM002238.1.4965594.4966394",2.05764402090162,0,0,0,0,2.9561380417196
"CM002238.1.4968177.4968977",2.18447940243312,0.762226890414809,0,0,0,2.63121638497325
"CM002238.1.4968794.4969594",2.50224926812585,1.11911559932492,0.644005869123757,0.888115009583554,0,2.89503884702174
"CM002238.1.4982064.4982864",1.24839749233393,0,0,0,0,2.27227286241169
"CM002238.1.4984671.4985471",1.44905989959587,0.668968851478892,0,0,0,2.56199799453255
"CM002238.1.4987375.4988175",1.06810660853503,0.975567093341335,0,0,0,0.867807590763464
"CM002238.1.4991067.4991867",3.21587992911863,2.48310647934163,2.30459383925308,1.05739123543126,0,3.00030157678523
"CM002238.1.4993440.4994240",4.15091654285352,3.96472659241533,4.08333412222563,3.0790004267073,0,3.28599569620937
"CM002238.1.5017566.5018366",4.02353772077846,3.72189352215677,3.65763014636618,3.59280770400219,0,3.06270519835398
"CM002238.1.5019530.5020330",4.23849068156565,4.148833219281,4.02778737906823,4.17735669601479,0,3.39653306497055
"CM002238.1.5026608.5027408",4.25353401663361,3.78207121714174,3.66270902530504,3.76586773261379,0,3.01452287397914
"CM002238.1.5030961.5031761",3.58894982476432,3.17221441827798,3.36819659409781,3.00720887679081,0,3.15602603446747
"CM002238.1.5053124.5053924",1.07402249395749,0,0,-0.836205114996525,0,0
"CM002238.1.5056944.5057744",3.99084327670009,3.58531119460786,2.94845823407733,1.42836331091165,0,2.39693290695133
"CM002238.1.5057674.5058474",3.76370686895767,3.70951182764892,3.20671296550766,1.44735456575919,0,2.16181835688552
"CM002238.1.5061438.5062238",4.41242962680466,4.96271388261313,4.50996154013094,2.80923210329046,0,2.19432481580491
"CM002238.1.5089731.5090531",4.0763733926263,4.13469164756096,3.9787412039077,3.46152362203386,0,2.95928747006662
"CM002238.1.5093874.5094674",4.29602465961098,4.25483004605347,4.26614928593686,4.3192887176528,0,2.62257483231947
"CM002238.1.5116631.5117431",2.21783793556885,2.87566613719047,2.60016491918485,0,0,0
"CM002238.1.5118660.5119460",3.27326522845296,3.89930295966296,3.86663192096678,1.25294504431782,0,0
"CM002238.1.5130735.5131535",3.04371259730639,3.71101632291271,3.24567249106745,0,0,1.8291015314251
"CM002238.1.5145232.5146032",2.44812977281587,3.18456044984963,2.98242757134925,0,0,2.0419818215664
"CM002238.1.5204541.5205341",1.86143830877998,2.60685523059152,2.21089541794855,-0.7597528485512,0,0
"CM002238.1.5225493.5226293",2.81860224969724,2.8229401346208,3.30421850553084,0,0,1.2996384955039
"CM002238.1.5227300.5228100",3.78395685252037,3.93877930037165,4.13965883343558,0,0,1.59039012188302
"CM002238.1.5229213.5230013",3.37473726060707,3.65737319425978,3.44256817223464,0,0,1.88215509756255
"CM002238.1.5230622.5231422",1.77207067672992,1.95163283988504,1.71072683819153,-1.20141677804039,0,0
"CM002238.1.5248521.5249321",4.61599245083862,4.82155667726482,4.67652331098779,0,0,3.16739909493522
"CM002238.1.5251530.5252330",4.66162299024692,4.19432887301544,4.27524909653921,0,0,2.79403914420105
"CM002238.1.5253995.5254795",4.24472841315154,3.67763824237338,3.93122301286598,0,0,2.34232757853352
"CM002238.1.5258178.5258978",3.49151006045659,3.96639326320749,3.80410934199535,-0.993804831225704,0,1.75682295770498
"CM002238.1.5260075.5260875",3.77126904451877,4.28749070974921,4.11466540866802,0,0,2.3867444106909
"CM002238.1.5261267.5262067",4.90977746176976,5.08601316253858,4.94702950048786,0,0,3.06819619929517
"CM002238.1.5265128.5265928",3.52747736614982,2.70054668743303,2.21059850400306,-1.15343715365147,0,0
"CM002238.1.5269319.5270119",4.64773081332972,4.43345534888129,3.67366938436315,-1.4745019323628,0,1.51348452006314
"CM002238.1.5270639.5271439",3.95810218815095,3.96356396266789,2.37817872857134,-1.95241459327106,0,1.42271949738745
"CM002238.1.5271684.5272484",4.58953865948676,4.89165041474185,3.90968196041641,-0.909794427122654,0,2.88944965777441
"CM002239.1.1166.1966",5.31468006283531,5.94971763260209,5.59363677869154,4.17512885136293,0,3.49991069511205
"CM002239.1.5583.6383",4.9701562666517,5.15933182207256,4.85377331199766,2.05509255799373,0,2.89545815868788
"CM002239.1.5945.6745",5.12936582414156,5.2575696112721,5.03810815406101,2.31541548408665,0,3.00058441233353
"CM002239.1.19245.20045",1.9116869361007,2.13230618240701,1.93174576789563,-1.03662471588589,0,0
"CM002239.1.10574.11374",4.17109723071767,4.00776761060677,3.54920519774186,0,0,2.57858892457523
"CM002239.1.21454.22254",3.69312575810064,3.50068013578913,3.38528785572169,0,0,2.05790021665537
"CM002239.1.24129.24929",4.57585192255284,4.64540392670652,4.27964835300387,0,0,2.30749943169922
"CM002239.1.28677.29477",2.90019797944292,3.43165216982338,3.23115594292781,0,0,2.23008649707782
"CM002239.1.31367.32167",0,1.23477597029362,0,-1.29194418135435,0,0
"CM002239.1.55078.55878",2.80182584319131,2.67675302418333,2.93757766655429,0,0,2.97204623437378
"CM002239.1.67861.68661",3.46906528606998,3.47999848281747,3.25093336922624,0,0,3.13109649129647
"CM002239.1.70706.71506",2.56989166372345,2.44900107112325,1.82987887426818,0,0,1.95313372328384
"CM002239.1.70504.71304",2.4439615013036,2.40138262652311,1.63276745340526,0,0,1.70173179214099
"CM002239.1.101172.101972",2.90414709543178,2.58723646555042,2.22757497511642,0,0,2.35756060168756
"CM002239.1.103018.103818",3.57637283402384,3.18139123270123,2.40056294149459,0,0,0
"CM002239.1.106679.107479",0,0.696983841120521,0,0,0,0
"CM002239.1.109642.110442",3.98588383421934,3.95571053489646,3.89126493586923,3.10100288406405,0,3.05770988912585
"CM002239.1.112697.113497",4.2502341702859,4.33256683209112,4.17099806287662,3.57097376786154,0,2.94714571486197
"CM002239.1.142589.143389",4.10843337995294,4.47274648392132,4.20496668826209,2.7315038960956,0,3.15058405560743
"CM002239.1.176913.177713",4.02404745946038,4.01841374261914,4.08167647281774,4.09763831238202,0,3.29840059650954
"CM002239.1.177790.178590",4.21353055379385,4.09046512102809,4.11744678038102,4.17076841371049,0,3.02733053568157
"CM002239.1.183628.184428",4.23815014068194,4.09293251276179,4.3115608901194,4.40309431841925,0,3.11354232406957
"CM002239.1.184623.185423",4.37022577247758,4.3344947245463,4.45653374278315,4.3893117983149,0,3.03729680795403
"CM002239.1.188281.189081",4.02702030535817,4.17689923706676,4.01315990616269,3.34481525026974,0,2.64650018598928
"CM002239.1.191260.192060",2.04996563024005,1.70965792373323,1.94912413083774,0.970815201566496,0,0
"CM002239.1.191366.192166",1.65202906734701,1.26911757526043,1.49596826789915,0.694596291075788,0,0
"CM002239.1.195089.195889",3.13070968266703,1.98408484751093,2.01367809154349,1.23390907746134,0,1.70131933435061
"CM002239.1.195003.195803",3.12811509559955,1.8931008139601,2.0312980893209,1.35559656918687,0,1.58256158391361
"CM002239.1.197902.198702",3.32440469203952,2.80970433646497,3.0221584562042,3.09136078898463,0,2.79922901559279
"CM002239.1.199639.200439",4.40988371874355,4.24804471073735,4.37720512424008,4.60825742899243,0,3.31950086744587
"CM002239.1.202251.203051",4.17445820860315,4.28753062306354,4.32451178403516,4.22485558787208,0,3.04572285433813
"CM002239.1.204930.205730",3.80514594901034,3.99947678258546,3.91624837323117,3.12213897585457,0,3.00765930618235
"CM002239.1.206093.206893",4.49236675735881,4.62270811202842,4.65454816511819,4.63472627503129,0,3.47649031225729
"CM002239.1.209576.210376",4.04557998595782,3.86476676810625,3.91100616257058,3.96335781484929,0,3.65396133088013
"CM002239.1.218151.218951",1.67380089151993,0.828807158456665,0.793395938378871,0,0,2.58591634565528
"CM002239.1.225873.226673",3.11519190395237,3.38633563831507,3.39800663680745,3.83173874269897,0,3.24033055839214
"CM002239.1.248260.249060",2.05315347920647,1.38522207460581,1.50815687864869,0,0,2.51010871529225
"CM002239.1.251536.252336",3.49431389339768,2.77401355673971,3.25579187896484,3.28823886142226,0,3.10570616013837
"CM002239.1.254041.254841",3.65100569082819,3.46268376301902,3.53280729304072,3.89663828703384,0,3.01239589693372
"CM002239.1.283696.284496",0.822985782195602,0,0,0,0,2.50267791594046
"CM002239.1.294437.295237",2.78803717612676,2.56706608922834,2.85698644638984,1.03850009485703,0,3.05781504031769
"CM002239.1.307495.308295",3.96692492076144,2.26619855260297,1.48002691917196,0,0,2.94135203586316
"CM002239.1.312116.312916",3.62077111449184,1.02426223606287,0,0,0,2.02566526649462
"CM002239.1.314567.315367",4.05785741597051,1.08665268998762,1.35322114036609,0,0,3.38132888479496
"CM002239.1.317662.318462",3.18251672370323,2.12966230773127,2.20088300367678,0.692689898205495,0,2.337429914194
"CM002239.1.319938.320738",4.44524010243232,3.72081729429974,3.99355386140769,3.87413107475982,0,3.31308983112865
"CM002239.1.321755.322555",4.73771631889699,4.02008575971486,4.15735508821515,4.48421422467529,0,3.50165359208569
"CM002239.1.323348.324148",4.87712993007708,4.25861900764086,4.52697887796324,4.64353238600337,0,3.81286768454441
"CM002239.1.324967.325767",4.49287700831676,3.77648693758917,4.15470429024502,4.3460479620581,0,3.37800455079082
"CM002239.1.327513.328313",4.55006956994391,4.18405745159358,4.20390148317137,4.49732889831171,0,3.40258994006166
"CM002239.1.329586.330386",4.52647780652172,4.22899500356485,4.16027390947756,3.72703058400221,0,3.28287545179442
"CM002239.1.331520.332320",4.41485092519108,3.40723704605883,3.54153627133725,2.51870079613362,0,2.97752896258997
"CM002239.1.335388.336188",4.67065034140632,3.97148025579522,4.10492472463983,3.14937744091182,0,3.27056396828242
"CM002239.1.339641.340441",4.38638505084329,3.52330747851873,3.70098470299945,1.17113903963283,0,3.37622725837485
"CM002239.1.343437.344237",3.59283382944676,2.29622258616392,2.33241139119088,0,0,2.92353687150441
"CM002239.1.344745.345545",2.78801382086966,1.13036489465511,1.35475355084037,0,0,2.31140797391485
"CM002239.1.348539.349339",4.33672520744924,2.48323787253533,2.6695461963144,0,0,3.41688874304569
"CM002239.1.353474.354274",4.3783521475195,2.65653361054366,2.97449375500675,0,0,3.27424364073893
"CM002239.1.359809.360609",4.21264022418197,2.68305720004555,2.80732579428965,0,0,2.97828833291972
"CM002239.1.361133.361933",4.23327777780315,3.09201618175269,3.18915910081391,0,0,3.0056119028402
"CM002239.1.373691.374491",4.3886807679885,3.78127711711649,3.62816017477844,1.21196451328968,0,3.01190294014371
"CM002239.1.375897.376697",4.24434020968914,3.30471134729946,3.38969760131136,1.50030244580372,0,3.16818435558136
"CM002239.1.377480.378280",4.31746910620943,3.59059459698941,3.70580029329082,2.3945730547556,0,3.244904920686
"CM002239.1.380401.381201",4.41173624760657,3.93106558119142,3.97760882876947,3.19748279218713,0,3.14771531560132
"CM002239.1.387340.388140",4.62708364458901,4.18641422393796,4.24293679593376,3.67522915140302,0,3.29263788598833
"CM002239.1.389511.390311",4.19706909827814,3.17580467974377,3.32773876976064,2.93160106445612,0,3.54650642602549
"CM002239.1.391245.392045",4.17149526403905,2.40791880487599,2.66252638162693,1.70559834195228,0,3.22881060713961
"CM002239.1.392807.393607",3.99464771209528,1.97935551625307,2.50885120013896,1.09900378081886,0,3.06970366163328
"CM002239.1.409779.410579",3.18099301521814,1.683122160637,1.78184516436456,0,0,2.83612392987696
"CM002239.1.412968.413768",2.71278971840992,0.951806085663351,1.21604701581874,0,0,2.68353662614349
"CM002239.1.465427.466227",3.69885226292075,0.938548768532954,0.92681335782717,0,0,3.59165134337342
"CM002239.1.473986.474786",3.29580443604215,0,0.719456746897893,0,0,3.14235144456754
"CM002239.1.505512.506312",3.42102635316491,0,0,-0.759571980072637,0,3.1586036559802
"CM002239.1.507945.508745",3.56868913676116,0,0,-0.775425765209111,0,3.47528691335984
"CM002239.1.515721.516521",0.677263222003524,0,-1.02839686721867,-0.978287366866427,0,2.23725388243155
"CM002239.1.546059.546859",3.88756840016567,0,0,-1.15587273846755,0,3.68025276465862
"CM002239.1.548563.549363",4.20117712606445,1.3179488253063,1.59136258615236,0,0,3.70042999652295
"CM002239.1.548729.549529",4.14187332170227,1.15559089223686,1.52959735037504,0,0,3.48750570528868
"CM002239.1.555300.556100",4.32650305824005,1.97312592074296,2.00258548420473,0.942108984728629,0,3.38285501094265
"CM002239.1.557883.558683",4.01122158277595,1.23100346002493,1.28909852417431,0.902521916977432,0,3.30552394230075
"CM002239.1.558453.559253",3.75637648872225,0.964789637992546,0.847639760428509,0,0,3.13271826855025
"CM002239.1.560805.561605",3.68960512426312,0.844316465594276,0,0,0,3.3940328944594
"CM002239.1.568877.569677",2.65982726068028,0,0,0,0,3.3912216655923
"CM002239.1.576374.577174",0.976424917250342,0,0,-1.15276740712137,0,1.7259227628152
"CM002239.1.581116.581916",3.82600951709053,2.40683207002123,2.40178667187361,2.26327556704475,0,3.02370583633498
"CM002239.1.582495.583295",3.83626533100781,2.0923496304918,1.97930089161658,1.6004110476648,0,3.24968745496498
"CM002239.1.583951.584751",3.97292408326277,2.07627838187171,2.12583921422203,1.64894619506829,0,3.55391582451469
"CM002239.1.589243.590043",4.07236323656165,2.22243096089633,2.44241845522048,1.35429158682496,0,3.45210662766658
"CM002239.1.590510.591310",3.69351594219012,2.25178487800319,2.32582527889144,1.46963543950965,0,3.04182272851928
"CM002239.1.595720.596520",4.43013595903787,2.04018634301005,1.79305769203339,0,0,3.69225430227959
"CM002239.1.597510.598310",3.5008965542824,1.4777753744415,1.35729930312874,0,0,3.19364235717487
"CM002239.1.615841.616641",4.01689348939929,3.47713452902816,3.34200311932366,2.84111958825829,0,3.42216214451468
"CM002239.1.619308.620108",1.83707275022091,0.900412822853862,0,0,0,1.99838228890079
"CM002239.1.633271.634071",1.31580981390839,0,0,-0.746094718647079,0,1.56181647686955
"CM002239.1.638405.639205",2.63379958389582,1.05162417655638,0,0,0,0.804834329039677
"CM002239.1.640706.641506",4.17972517675141,3.85495231836033,3.60273308211773,3.90461314156173,0,3.18068811748978
"CM002239.1.643415.644215",4.20772309014171,3.58966287319144,3.40678565588847,4.05651217930486,0,3.4011129012028
"CM002239.1.645900.646700",4.12175113109436,3.69943686705221,3.79023769460122,4.07215123590311,0,3.16832851684121
"CM002239.1.648574.649374",4.04153743147449,3.66830886267508,3.74055146594808,4.21644752373822,0,3.10171165750975
"CM002239.1.649796.650596",4.29465681968896,4.03606015441761,3.96189247596042,4.35697385763241,0,3.26424912514349
"CM002239.1.651149.651949",4.49688138285758,4.17206293088265,4.16410115437787,4.36037951007069,0,3.45286528388449
"CM002239.1.653254.654054",4.43736282538488,4.01490267252599,4.29182842509809,3.72257489261753,0,3.31005884951129
"CM002239.1.656298.657098",1.75527376066255,1.74048398068439,1.4756600399789,0,0,1.66405514000286
"CM002239.1.660425.661225",3.63590912905343,2.94029860535932,2.67227442179548,1.10910204927333,0,2.72656831859124
"CM002239.1.673664.674464",3.25401837034955,3.28671781218898,2.73821349243071,2.7238676691608,0,3.10225830385528
"CM002239.1.698781.699581",1.90575912508126,2.07021787988555,1.50397284934994,1.02837250769573,0,1.90308457605445
"CM002239.1.709696.710496",3.72541984140844,3.58616017864779,3.44863891067272,4.23718123339195,0,2.82681984783853
"CM002239.1.719123.719923",4.20970303546302,4.11881849975058,4.18256955507069,5.0891246845093,0,3.11946759226425
"CM002239.1.723616.724416",3.95533707025745,3.43807439710294,3.54257995176532,4.47954457581514,0,2.91459227002537
"CM002239.1.726873.727673",3.78207855281587,3.24454272988172,3.15074834068239,4.2048720811646,0,2.71239320533361
"CM002239.1.731374.732174",4.04282633956348,3.92571611772328,4.0283892852978,4.8434760239933,0,2.94688336185661
"CM002239.1.734760.735560",3.95344216033879,3.35759279339292,3.46624383937085,3.61420173537741,0,2.83368256803845
"CM002239.1.735838.736638",3.45842954998458,2.46839072133634,2.54074872363969,2.51470902263881,0,2.28067265558814
"CM002239.1.740742.741542",0,0,0,0,0,0
"CM002239.1.742097.742897",2.30201352199314,1.91503064388717,1.90196535004637,1.75982601552323,0,2.38878476527085
"CM002239.1.745236.746036",3.45282225028457,3.02834265577877,2.78357310362129,2.92704055719524,0,2.853749195427
"CM002239.1.760296.761096",3.612134344636,3.32286284954977,3.34438880728126,2.55095573100675,0,3.27856051426137
"CM002239.1.763146.763946",3.86442601054337,3.80201872276737,3.90495283011213,3.52205265646198,0,3.35977109737726
"CM002239.1.773245.774045",1.86182917453122,1.64474970446302,0.926252674541919,0,0,2.2979536629549
"CM002239.1.789109.789909",2.07704038661924,1.05690698874802,1.12983509312478,1.92199900507998,0,2.96721882344346
"CM002239.1.799777.800577",2.38168542731503,1.75559299598248,1.0062507175181,1.00081941910572,0,2.1236485841701
"CM002239.1.835657.836457",1.92000143904051,1.25138267959858,0,0,0,2.25226927000126
"CM002239.1.838408.839208",1.4390824889998,1.32846569830873,0,0,0,0.976728488056048
"CM002239.1.841680.842480",1.42354666907453,1.16171585062275,0,0,0,1.17619706788189
"CM002239.1.3026097.3026897",1.74519535731579,-0.748652406429202,0,5.03121953599633,0,3.26955206869677
"CM002239.1.5073998.5074798",2.02694262601166,-0.733888066263503,0,4.45675035902762,0,-1.05749762583009
"CM002239.1.5076922.5077722",2.62038512711496,-0.75303619579053,0,4.80253141980939,0,0
"CM002239.1.5080149.5080949",3.26731821451108,0,0,4.94635217623502,0,-0.899591306637745
"CM002239.1.5083093.5083893",3.35967298636492,-0.834194618126565,0,4.80840702416573,0,0
"CM002239.1.5085626.5086426",3.52395867476541,0,0,5.04698055132566,0,0
"CM002239.1.5089249.5090049",2.74397009126845,-1.11894028735736,0,4.59843500399959,0,0
"CM002239.1.5096029.5096829",2.84863922609003,-1.00786020483651,-0.72861422628615,4.43326579994113,0,0
"CM002239.1.5096149.5096949",2.80021054743264,-1.00248317474585,0,4.40202918489195,0,0
"CM002239.1.5098093.5098893",2.44940127169891,-0.87486467061777,0,4.46467336557176,0,0
"CM002239.1.5148354.5149154",1.96339305790753,0.791823582596562,0,4.23496953482108,0,0
"CM002239.1.5151151.5151951",2.19860932401883,0,0,4.47125952554116,0,-0.988711190188899
"CM002239.1.5154399.5155199",1.77996309794674,0,0,4.38957445309553,0,-0.894905311471697
"CM002239.1.5154852.5155652",1.6171192193316,0,0,4.07522659242998,0,-0.847008300864908
"CM002239.1.5205708.5206508",2.18666230721442,1.28352006289895,1.61623088843201,4.63009697918491,0,0
"CM002239.1.5207334.5208134",2.40467100680761,2.34398464292281,2.05242472846576,4.81943188291086,0,0
"CM002239.1.5250652.5251452",2.76791206880948,2.72956020579981,2.53890147777252,4.43751527756902,0,0
"CM002239.1.5821703.5822503",1.80912945373083,1.11133715284886,0,0,0,0
"CM002239.1.5850402.5851202",4.33627772526311,4.32330037130691,4.49579163366893,0.771895603849939,0,1.55262799469843
"CM002239.1.5850569.5851369",4.43242544197261,4.41461056578908,4.60790824944124,0.819406497171118,0,1.66412057857352
"CM002239.1.5866125.5866925",3.70194841418665,4.39358284258582,3.42924284708052,-0.888997402499237,0,1.61404721231752
"CM002239.1.5867623.5868423",2.49643890775513,2.80264385990223,1.81124497426433,-1.7332474191838,0,0
"CM002239.1.5869309.5870109",3.96296361680479,3.70744734468995,3.18514051155787,0,0,1.71869372258246
"CM002239.1.5880784.5881584",3.85413224461045,3.55793079708287,3.37889384702586,-1.02947272904145,0,1.05058372998084
"CM002239.1.5884811.5885611",2.77272108041418,2.99286993877837,2.73901427451848,-1.03950177108783,0,0
"CM002239.1.5887063.5887863",2.6988549557326,2.74362562005857,1.69702287258349,-1.41245990248578,0,0
"CM002239.1.5889680.5890480",2.59589646916675,4.02707401976019,3.32375783719709,-1.18099499297672,0,0
"CM002239.1.5929817.5930617",2.22296703292476,3.6536241986446,2.93944945310327,0,0,1.08861863173746
"CM002239.1.5937356.5938156",2.1914297040011,3.26374283256296,2.31709922851184,-0.761701199554027,0,1.86447943570188
"CM002239.1.5938499.5939299",2.03081243196489,2.61992097073194,1.92779177541013,-1.00180754086305,0,0.849191133729694
"CM002239.1.5940904.5941704",3.56890522419386,3.56297020475141,3.40737711388925,0,0,1.51200123754132
"CM002239.1.5943062.5943862",3.35255870677611,3.34439799016578,3.03497240159543,0,0,1.78009782462769
"CM002239.1.5945798.5946598",4.1325507480796,2.45958428638418,2.22034177460579,-0.808364146752096,0,2.317956418723
"CM002239.1.5949190.5949990",4.26569020488679,4.06895181202564,3.71598182220285,0,0,2.36328387839718
"CM002240.1.561278.562078",3.48668938428166,0,1.36621221539605,3.14985212321022,0,2.92933049363436
"CM002240.1.564506.565306",3.99901790482072,1.80570554178985,2.7381095979471,3.9980755287088,0,2.55090939847145
"CM002240.1.564871.565671",4.07170901427623,1.80151087679175,2.74440265527457,3.98056628622405,0,2.68158894800534
"CM002240.1.568035.568835",3.49832972482303,1.82663517551798,2.70359133295325,3.35328181111039,0,1.52132763790503
"CM002240.1.571251.572051",3.87001764276377,3.04668582715157,3.60606561078676,4.64151590984778,0,2.95357359164669
"CM002240.1.574548.575348",3.64924218158731,2.50437812894638,3.39972910776535,4.02502325151049,0,2.76726844208844
"CM002240.1.638174.638974",2.74048176473595,1.26469727609598,1.93385397791604,2.19375546172159,0,1.88189936684552
"CM002240.1.641362.642162",3.78137665382324,1.81218184812339,2.42121360447987,3.03337462834184,0,2.55668890603376
"CM002240.1.641539.642339",3.75362458497035,1.73401552982609,2.39019045046517,3.03949949437196,0,2.62852208791335
"CM002240.1.642403.643203",3.86706480852738,1.69776525109621,2.61892727781815,2.81178659434797,0,2.78828950548231
"CM002240.1.644042.644842",3.72906561739627,2.27408933249337,2.94626435710953,3.57391706258582,0,2.42211810824343
"CM002240.1.647394.648194",4.66908842288545,4.22698597990411,4.4538611399663,5.08580764881725,0,3.18741139514971
"CM002240.1.652139.652939",4.68288659823456,4.04553750357408,4.42853396279175,4.01465098525053,0,3.53760029161075
"CM002240.1.656024.656824",4.51758554340296,4.0048723083904,4.30691622294197,5.10517250155796,0,3.46785285890533
"CM002240.1.657237.658037",4.54759138829031,3.888466678017,4.36238082700666,5.04654159428242,0,3.35339180525947
"CM002240.1.662305.663105",4.00091282474663,2.8189634991185,3.50964297632655,4.21966641282844,0,2.86197802989748
"CM002240.1.678420.679220",0.746344531958792,0,0,0,0,0.992341298575565
"CM002240.1.680039.680839",1.86929622172289,1.02603159764501,1.54504539039556,2.26033503843198,0,1.69112878743832
"CM002240.1.681780.682580",3.06580604328118,1.56730428555311,2.78158273703629,3.60627340358738,0,2.83003553726471
"CM002240.1.774295.775095",2.60145347907519,2.9100867727417,3.21464620950007,0.905955764817688,0,2.00104122487781
"CM002240.1.776941.777741",2.77144345185506,3.03371985507192,3.46104813439932,0.852501792068124,0,2.17757930829322
"CM002240.1.5974666.5975466",2.6505384303982,3.00858764985008,2.52991688743305,2.78333046467362,0,1.52436026721487
"CM002240.1.5975181.5975981",2.97515638346184,3.29744506188164,2.91822733773368,3.40295432387892,0,1.94219606080528
"CM002240.1.6023007.6023807",3.36740995768626,4.37571701950366,4.08454711290867,4.12191199808947,0,2.67014001677141
"CM002240.1.6024995.6025795",4.10539188231926,4.57372634406832,4.67365705936606,4.85539544401646,0,2.86039203363937
"CM002240.1.6028340.6029140",4.1418439107015,4.44448678409549,4.38803107470681,4.99450523735257,0,2.60574534250275
"CM002240.1.6029956.6030756",4.00029826190553,4.41391437827161,4.22718396549495,5.19535630712496,0,2.50600143790276
"CM002240.1.6031183.6031983",4.05617767099851,4.0784964532537,4.2016652104987,4.88748004340929,0,3.10513631879702
"CM002240.1.6032568.6033368",3.69516333007386,4.05711181919243,3.97282816269122,4.84435191292582,0,2.59425483482769
"CM002240.1.6033714.6034514",2.80250655630115,3.57909468954055,3.50208163603205,4.11766220068597,0,2.17516838376948
"CM002240.1.6034620.6035420",1.0393422033425,1.89600987102526,1.71151036016637,2.42675013520699,0,0.805404628511512
"CM002240.1.6037903.6038703",3.01663907128805,3.38537037553909,3.38347159693347,4.05579565074661,0,2.71579254865929
"CM002240.1.6040766.6041566",3.33501367304737,3.48344494945094,3.33814436464193,3.90064931871722,0,2.71431254985637
"CM002240.1.6045417.6046217",3.66768550276574,3.93658361270985,4.04749506416629,4.82659752689956,0,2.59506073273775
"CM002240.1.6048861.6049661",1.51424646309559,2.26586426879203,1.9782796191565,2.31765212309826,0,1.90366140397243
"CM002240.1.6052153.6052953",3.83781272713243,4.24628180542771,4.34347263931884,4.82140041720369,0,2.9640673616817
"CM002240.1.6054944.6055744",2.55451096192958,3.45689394765159,3.33540401843882,4.12934847370459,0,2.38222794676589
"CM002240.1.6057726.6058526",2.54624168083217,2.57426149573883,2.57726441644415,1.93916850331197,0,2.66503555043685
"CM002240.1.6062053.6062853",4.43327580318554,5.13957496254424,5.00671509116916,5.3130169558472,0,1.87730580843544
"CM002240.1.6065700.6066500",4.22399782584877,4.5803735065616,4.52870885352383,4.96821549272405,0,1.6114177787772
"CM002240.1.6082958.6083758",4.17867726345222,4.30527065418828,4.50656991917793,4.69212666832457,0,0.914091189521093
"CM002240.1.6085768.6086568",3.60878175007094,4.3809966164249,4.30754299851383,4.84596457187021,0,1.22940594951505
"CM002240.1.6088314.6089114",3.29813767566136,3.57470298249033,3.80357961921212,3.38634369402064,0,1.977808846993
"CM002240.1.6100697.6101497",3.73068288036644,4.03859191094559,4.02689861282223,3.83823733631738,0,2.75802504717588
"CM002240.1.6118761.6119561",4.42506605878724,4.35077512476144,4.5081771001272,4.91325489663004,0,3.26630483439049
"CM002240.1.6121072.6121872",4.24538632981771,4.30182175004944,4.4555773341645,4.73430129779042,0,2.99719451564175
"CM002240.1.6124010.6124810",2.71052515854756,3.33051506319698,3.34490959898676,2.82945113648849,0,2.38590898502476
"CM002240.1.6154749.6155549",3.47475108795078,3.40986443606351,3.40127251177792,2.5875783640415,0,2.85359641735888
"CM002240.1.6159580.6160380",1.64019298999776,1.28979248219428,1.11994645418421,0,0,1.29140965099783
"CM002240.1.6161578.6162378",1.018047003089,1.10194434215252,0.681053955454764,0,0,0
"CM002240.1.6164119.6164919",1.4425081125157,1.94322855130971,1.5837270926808,0.750681422534961,0,0
"CM002240.1.6167817.6168617",1.66283364616577,3.06944187513721,2.80719735893721,0.798704527385975,0,1.84633951807234
"CM002240.1.6173304.6174104",2.58206971864267,3.73034989469973,3.38441953795424,2.42458590204633,0,1.93997438047569
"CM002240.1.6176760.6177560",4.69912474082838,4.92811783906208,4.89339023533285,4.53091357596064,0,3.46699179736148
"CM002240.1.6192309.6193109",4.42816931722633,4.39895210041799,4.25545940289595,1.95986587897197,0,3.21754990954779
"CM002240.1.6197088.6197888",3.75274996077176,3.59214952010637,3.46559008203156,1.04944283048693,0,2.3857674993224
"CM002240.1.6199680.6200480",4.06607594237494,3.75300892564292,3.61913850193283,0.818377526066732,0,2.85213948509598
"CM002240.1.6214316.6215116",4.41765288962315,4.63335144140675,4.68716969599273,3.00787363542799,0,2.86496004119252
"CM002240.1.6218640.6219440",3.95164760872312,3.74136482210847,3.61819446998703,1.24759891138719,0,1.44072550433902
"CM002240.1.6220372.6221172",4.42513799108299,3.84886186877193,3.89429066684454,1.68748878996657,0,2.93329855745416
"CM002240.1.6222609.6223409",4.25513659651083,4.06698614828292,4.04514744710458,2.89645098892872,0,2.82895988029949
"CM002240.1.6223899.6224699",4.00274358985366,3.61448071597004,3.88788090169669,2.6914597549365,0,2.53667071897651
"CM002240.1.6226938.6227738",4.08415923809076,3.86879471559744,3.72994286920701,2.4991972586361,0,2.75668196078489
"CM002240.1.6228794.6229594",3.90238653592503,3.27773279435801,3.31950006708259,1.39077592097845,0,2.42780925847824
"CM002240.1.6230266.6231066",3.95492529194243,3.51915485567491,3.70514080688845,1.31268060355839,0,2.67173145535023
"CM002240.1.6232280.6233080",3.84331529850933,3.65074157402388,3.60366952526483,1.30248848842462,0,2.18927289750136
"CM002240.1.6234298.6235098",2.21305794106433,2.82672878157823,2.65334167833974,0,0,0
"CM002240.1.6236438.6237238",3.35444751708668,3.43241767546155,3.532663262467,1.45435395829002,0,2.20636191569456
"CM002240.1.6238334.6239134",2.89094646495095,2.95268762489742,3.18604036177955,0,0,2.44739892439531
"CM002240.1.6240791.6241591",2.38829766108767,3.11581468147892,2.99564956037422,0,0,1.56226752780577
"CM002240.1.6379431.6380231",2.04231209952181,2.31013597252859,2.11040875286723,0,0,0
"CM002240.1.6411919.6412719",3.52328545080926,3.94553720510197,3.79797689714187,0,0,0
"CM002240.1.6412375.6413175",3.65066218353533,4.32715575424501,4.02425746327538,-0.959539867703576,0,0
"CM002240.1.6414092.6414892",4.18026396650124,4.5554731191633,4.35880599882761,-0.977245451434562,0,0
"CM002240.1.6417139.6417939",4.44304592669232,3.94221064532623,3.89810022842733,0,0,2.42083751342406
"CM002240.1.6421865.6422665",4.6856587534466,4.3144203523462,4.08758996983528,0,0,2.85715200783564
"CM002240.1.6421988.6422788",4.89581228791711,4.48141359872795,4.25193400789343,0,0,3.18020134820501
"CM002240.1.6423333.6424133",5.15462109998196,4.94544364372482,4.97566649927386,0,0,3.44858957492335
"CM002240.1.6427624.6428424",5.12643273214412,5.15311221047085,4.97039523651428,0.886249542459912,0,3.4721429473804
"CM002240.1.6433147.6433947",5.21827604916211,4.87364268575672,4.49956839347721,0,0,3.35224082430746
"CM002240.1.6434736.6435536",5.33445594957203,5.81297329527418,5.07152960888849,0,0,3.64605795849889
"CM002241.1.2939.3739",3.48526440915704,3.73488084009154,3.69771297116161,-0.859954473184703,0,1.59943454279025
"CM002241.1.3048.3848",3.42817617978514,3.60055186738716,3.61260980524787,-0.834463525517159,0,1.63866093800164
"CM002241.1.19638.20438",2.87527795317353,3.16204942539084,3.01029231402476,-0.898900083335236,0,1.41485412134868
"CM002241.1.19885.20685",2.6527718712162,2.99995439116396,2.83579362432265,-1.06950636250792,0,1.17313308254213
"CM002241.1.23957.24757",3.66173152012094,4.05030730148407,4.07943373265209,0,0,2.9504922406957
"CM002241.1.28174.28974",2.00845587922952,2.35872329708349,2.07635956080717,-1.23222003862798,0,1.12904415915225
"CM002241.1.28874.29674",2.76743255475281,3.62078194910401,3.08477709502129,0,0,2.66327929309756
"CM002241.1.39431.40231",0,1.54478900513808,0.812805656119391,-0.813683792723776,0,0
"CM002241.1.48119.48919",2.70205508031901,2.50614456631785,2.51266516103694,0,0,2.49010147269449
"CM002241.1.127884.128684",3.51889433942693,2.79716587556074,1.96225019276158,2.31993995589902,0,0
"CM002241.1.130600.131400",2.99522116059932,1.98289544173543,1.01903383736325,1.74426711138791,0,0
"CM002241.1.144502.145302",2.33810329302965,1.74662724234188,0.956894266961944,1.53063807863387,0,1.12978851640432
"CM002241.1.145229.146029",2.99044223915142,2.02729213734824,1.47842554095902,1.83418572185433,0,1.67574535757469
"CM002241.1.149264.150064",2.33151626097916,1.73086749447001,0.65723937239977,1.85280059567065,0,0
"CM002241.1.151203.152003",3.26386512245742,2.7706090261772,1.70787652224547,3.49175701330437,0,0
"CM002241.1.153049.153849",3.73553670838525,3.1600559156034,2.23182317119182,4.17471529996378,0,0
"CM002241.1.154704.155504",3.84957238235108,2.87880654234545,2.07208737470224,4.37284031874453,0,0
"CM002241.1.158249.159049",3.99823901147917,2.79118716183497,2.16678629692677,4.60047924566697,0,0
"CM002241.1.160457.161257",3.76563668788685,2.42651984865401,1.79249781494798,4.33820532030958,0,0
"CM002241.1.161434.162234",3.6441596145848,2.37192104408948,1.84526765795017,4.04245300245085,0,0
"CM002241.1.163415.164215",4.07476820607943,3.11667966863093,2.5275908077566,4.64062575302039,0,0
"CM002241.1.183660.184460",3.15156102983418,2.00766825947801,1.01679540902012,2.80539567927598,0,-0.913818769012785
"CM002241.1.186810.187610",3.03050717907445,1.41564910736778,0.92879659897292,3.17351142087514,0,0
"CM002241.1.189355.190155",2.89415232707358,2.04130126015147,1.41016065413363,2.41868246156865,0,0
"CM002241.1.191854.192654",4.34956123729754,3.33031896220034,2.96748899893868,4.40324475160365,0,1.39694965310812
"CM002241.1.195241.196041",3.59743344427655,1.26440963741703,0,1.36824883666211,0,0
"CM002241.1.198728.199528",3.43071818400895,0,0,0,0,0
"CM002241.1.199546.200346",3.24287100633964,0,0,0,0,0
"CM002241.1.201770.202570",2.42227470476435,0,0,0,0,0
"CM002241.1.203902.204702",3.17939793497848,0,0,0,0,0
"CM002241.1.207839.208639",3.6774497657333,0,0,0.837120535233732,0,0
"CM002241.1.208904.209704",3.73184802381082,1.36172267933005,0,1.03692020923624,0,0
"CM002241.1.212407.213207",3.97914377035173,1.55411690180588,0,1.23686680971774,0,0
"CM002241.1.217484.218284",1.6593917085578,0,-0.759151150435195,0,0,0
"CM002241.1.237838.238638",2.7980457915669,0,0,0,0,0
"CM002241.1.344010.344810",3.43070261276393,1.24438529957236,0,0.788469241101776,0,0
"CM002241.1.345717.346517",3.14650951262844,0,0,0,0,0
"CM002241.1.349671.350471",2.4525382654972,0,-1.10995921227441,0,0,-0.967891058766044
"CM002241.1.352870.353670",3.50380545124548,1.66307784364829,0,1.21216759510929,0,0
"CM002241.1.354861.355661",3.26250357410684,1.48960211886034,0.700769156546478,0.945616519651896,0,0
"CM002241.1.357961.358761",2.5235563140064,0,0,0.950624298204883,0,-1.21150061755906
"CM002241.1.391999.392799",3.53176602037317,3.47267087415121,2.54619709180808,1.61519229082225,0,0
"CM002241.1.395557.396357",2.0987532446285,1.58568621010071,0,0,0,0
"CM002241.1.412929.413729",3.16696254933774,2.90574184184268,0.933006070278217,4.24795312897837,0,0
"CM002241.1.415056.415856",3.03918476591931,2.64947718182125,0.799508099084858,4.37119700815905,0,0
"CM002241.1.420649.421449",2.76945495563503,2.01491443871595,0,4.42037768028936,0,0
"CM002241.1.429343.430143",3.78546543690391,3.26217688723883,2.08825801072767,4.5404587674291,0,0
"CM002241.1.431996.432796",3.77327342294098,3.08696009434912,1.92172406513713,3.71628097928376,0,0
"CM002241.1.445880.446680",3.92149680739947,3.61736022377093,2.87905845411425,4.65250172919928,0,0
"CM002241.1.448219.449019",3.50841757370031,2.68515793228491,1.80668025957331,3.98090410888815,0,-1.01625170868215
"CM002241.1.452414.453214",3.78182940967182,3.08202485285529,1.77743691897139,4.11129294342711,0,0
"CM002241.1.454328.455128",4.03717504870593,3.42836608267642,2.37084069527028,4.62272194663189,0,0
"CM002241.1.456645.457445",4.01455310004497,3.25040807757003,2.36167902994335,4.34564461653686,0,0
"CM002241.1.460621.461421",4.36980194770939,3.38973454976764,2.51220588030277,3.91906943812906,0,0
"CM002241.1.464197.464997",3.82682200516225,3.03773450563131,1.80540650209834,3.52409031713107,0,0
"CM002241.1.466064.466864",4.00173987980313,2.69562011221119,1.70977202811428,3.46269900627013,0,0
"CM002241.1.467383.468183",4.19969423720325,3.47105934722718,2.41486727102486,4.09883215714869,0,0
"CM002241.1.467242.468042",4.19839865603175,3.53227257727053,2.41176504997023,4.19145577962241,0,0
"CM002241.1.473455.474255",3.82298058598747,1.8252123182108,0.711906991116789,0,0,0
"CM002241.1.476439.477239",4.05559727896342,2.71012969502801,1.86445465772285,1.89990101956537,0,0
"CM002241.1.480374.481174",3.10879606574795,2.7105342081221,1.57454106140105,1.67613368458271,0,-0.956502290664994
"CM002241.1.3474300.3475100",0.907382001153216,1.85762828232297,1.76315287135996,0,0,0
"CM002241.1.3493810.3494610",4.44368990069521,4.64084563144877,4.50650715212016,3.64291180946336,0,2.01527048708165
"CM002241.1.3495760.3496560",4.22567508555371,4.39514537424263,4.36363665144902,3.58724447313371,0,1.18430856774197
"CM002241.1.3496865.3497665",3.97124716305337,4.34996244827401,4.13796960170018,3.27669297767074,0,1.47192030275798
"CM002241.1.3500161.3500961",2.27201986565251,2.73363388406607,1.96612092768379,0,0,0
"CM002241.1.3502778.3503578",1.16431651149937,2.33685352565977,1.50373635855984,-1.02930962093506,0,0
"CM002241.1.3504038.3504838",2.4972740274056,3.6177263064492,2.79356414770687,0,0,0.884823840117317
"CM002241.1.3504472.3505272",2.67456354797491,3.57943911732926,3.02680254282516,0,0,0
"CM002241.1.3540511.3541311",3.06382140877476,3.23384916652731,3.09728363964131,0,0,2.09188554776178
"CM002241.1.3542465.3543265",1.41169371632123,1.6175912301382,1.33054507421523,-0.895816329416719,0,0
"CM002241.1.3545326.3546126",2.63823942734813,2.38854867696808,2.4485548588631,0,0,2.00361988618643
"CM002241.1.3548378.3549178",3.65128929393887,3.8379608499312,3.45640631203513,0,0,2.07266052250178
"CM002241.1.3702156.3702956",2.51086039379196,3.01135605159746,2.80069383834814,0,0,2.12203140083792
"CM002241.1.3707716.3708516",2.91240395204019,3.08474279212771,3.15440062225111,0.765936942626119,0,2.77015184971055
"CM002241.1.3710921.3711721",4.03976288644819,4.12771615574197,4.20816715637409,3.06278217121837,0,2.97936100219176
"CM002241.1.3713170.3713970",3.78556716964592,3.74238283250208,3.85957862283954,2.44658682081862,0,2.9743044746651
"CM002241.1.3715314.3716114",4.54640866549988,4.3639080668903,4.40465455941537,4.00085459051865,0,3.09709983823116
"CM002241.1.3720285.3721085",4.09813799613002,4.14319586585656,4.27600432013279,1.46354828290357,0,2.85727218635395
"CM002241.1.3721294.3722094",3.74717894290438,3.69737278566958,3.7259029665896,0,0,2.54088517453707
"CM002241.1.3725097.3725897",4.18420900662236,3.22917491073569,3.11651886216625,0,0,2.41469337826775
"CM002241.1.3729988.3730788",3.52147233829332,3.22009065560335,3.23302936196167,0,0,2.03509665635238
"CM002241.1.3732208.3733008",4.87953612211734,4.93867809315344,4.76178265674598,0,0,3.61110032817425
"CM002241.1.3734777.3735577",2.03887169749785,2.64153558295641,1.68416929056353,-0.912651656805063,0,0
"CM002241.1.3736011.3736811",3.18038094056928,3.66094120576774,2.96992476450041,0,0,0
"CM002241.1.3739144.3739944",3.96203889159521,4.22089792451721,3.88691908046543,0,0,1.14326240767244
"CM002241.1.3742346.3743146",4.71322800486401,4.72427133123974,4.79732080835138,2.66349456841666,0,2.92425062300005
"CM002241.1.3743986.3744786",4.80248771651507,4.61129938106557,4.55883751942821,3.55710388162083,0,3.4460677266506
"CM002241.1.3746972.3747772",4.68311950740921,4.39120962064932,4.38583042786418,1.86549752022704,0,3.29599823501015
"CM002241.1.3749357.3750157",4.53888793508729,3.17402835970915,3.22025701801156,0,0,2.05599321160426
"CM002241.1.3752163.3752963",5.22512910570391,4.50244376803857,4.60690727300254,0,0,3.74488750533417
"CM002241.1.3761594.3762394",4.01549904328217,4.14926394423025,4.2746576048942,2.23320764910575,0,3.14948389168939
"CM002241.1.3762370.3763170",4.09979059957735,4.09499757807892,4.35404338435065,2.938738147699,0,2.87651678064029
"CM002241.1.3763896.3764696",4.88055801463761,4.34079801558977,4.50085828185429,3.75117864577651,0,3.34108973085726
"CM002241.1.3772690.3773490",1.85998109452313,1.59157366792208,1.65099613593143,0.831213557092789,0,0
"CM002241.1.3777010.3777810",4.20846940070761,4.15701929973019,4.10085990715372,3.88287810044793,0,3.00655101356013
"CM002241.1.3777633.3778433",4.25095759012938,4.03469923870079,3.84000678943644,3.13409976766639,0,2.93254876703516
"CM002241.1.3796068.3796868",4.83663300146588,4.71202094518428,4.81397099114021,4.95792807604071,0,3.56653627059114
"CM002241.1.3797908.3798708",4.45928464486246,4.52179073528012,4.61199882456403,4.78487166479554,0,2.99190304076194
"CM002241.1.3799453.3800253",4.49826866105416,4.69494459906937,4.71462279151454,4.94692019998697,0,3.03544510722567
"CM002241.1.3802182.3802982",3.48490004348822,3.83047485751909,3.66398087259101,3.25298434886526,0,1.86385675211983
"CM002241.1.3803425.3804225",3.96744194303554,4.37355570307872,4.24563701910467,3.6842910405845,0,2.5662927450829
"CM002241.1.3805634.3806434",4.24777491938664,4.58993811941305,4.26512534927616,4.6574493616691,0,2.66858869568974
"CM002241.1.3807687.3808487",3.97125370673934,4.2952005798665,4.25192858299468,4.10147650898117,0,3.01530251887128
"CM002241.1.3808713.3809513",3.74675273461785,3.49593805250736,3.4966714414183,2.98053295543124,0,3.38217810451515
"CM002241.1.3811981.3812781",1.02647879210254,0.885367409977481,0.844197595942372,0,0,0
"CM002241.1.3827701.3828501",4.14449445908997,4.05220306962806,4.2959731817908,4.87966716519267,0,3.23776006930475
"CM002241.1.3833802.3834602",3.28867835371501,2.84922118174209,3.1907936068658,2.07531710768728,0,3.42396676709303
"CM002241.1.3835736.3836536",2.0167239526332,1.77840094471089,2.26687972349104,0,0,1.99857956343016
"CM002241.1.3837796.3838596",3.16995058737213,2.43412775913856,2.98693148486523,1.48696819976433,0,2.9672261665425
"CM002241.1.3888993.3889793",3.37807410396119,2.87926043530587,3.03742800794652,3.76745259506317,0,2.71900224953686
"CM002241.1.3893955.3894755",2.47660206460777,1.41885552165375,1.71673625347302,1.48297154830537,0,2.7618146685605
"CM002241.1.3897773.3898573",3.25090277358774,1.52402099296639,1.77720064925706,2.31253054545411,0,2.54720795756708
"CM002241.1.3899421.3900221",3.28981234521168,0.773346938168201,1.39511301077283,1.76008518346703,0,2.68492344918305
"CM002241.1.4056791.4057591",2.95221902780978,3.1664634903248,3.08983553516753,0,0,1.17785670234467
"CM002241.1.4144216.4145016",2.10476974674529,2.30781338990634,1.98236959524302,-0.894300065835618,0,2.70734551378554
"CM002241.1.4149753.4150553",0.743025292525225,0,0,-1.07510992091702,0,0
"CM002241.1.4153067.4153867",1.41913576414925,1.45035286156122,1.00237297181013,0,0,1.77602303457816
"CM002241.1.4162124.4162924",3.85953160605563,4.27478231654238,4.52272464035562,0,0,2.73724769966601
"CM002242.1.1974.2774",4.81740536103166,5.1860689839695,5.10051782639499,0,0,2.76021797765895
"CM002242.1.4631.5431",1.19615639447983,2.0128589732635,1.29724938086204,-1.66093252324153,0,0
"CM002242.1.6662.7462",3.79229332293002,4.01442809252951,3.77267753564055,0,0,2.65227151492315
"CM002242.1.102587.103387",1.30860677870314,0,0,0,0,0
"CM002242.1.105245.106045",2.42196185409585,0,0,-0.998556191776393,0,0
"CM002242.1.107096.107896",2.35246150051925,0.789658008185528,0,-0.805251737995667,0,0.945822516968908
"CM002242.1.108995.109795",3.30893658700037,1.84598500432871,2.1004070502246,0,0,1.54488866729265
"CM002242.1.111117.111917",3.00390071890147,0.888728229582235,1.09757966170913,0,0,0.922634705587156
"CM002242.1.241578.242378",2.60579127662178,0,0,1.64954701533926,0,0
"CM002242.1.242976.243776",2.62395045086479,0,0,1.53723114440115,0,0
"CM002242.1.250928.251728",3.98597980339607,2.80697684477601,2.78016345194286,3.72191145464808,0,0
"CM002242.1.254703.255503",2.87493779410867,1.19395990802153,1.62592208315523,2.80828146488483,0,0
"CM002242.1.307198.307998",2.94081988652426,1.19841268383733,1.37791673457991,0.790082086956934,0,0
"CM002242.1.308281.309081",1.53797885380182,0,0,-0.83094465602352,0,0
"CM002242.1.309072.309872",1.30654491918675,0,0,-0.840050793986207,0,0
"CM002242.1.313427.314227",3.07224522162266,1.00120315968893,0,1.06603662580393,0,0
"CM002242.1.316165.316965",0.991970701009664,0,0,0,0,0
"CM002242.1.371811.372611",2.21664520840856,0,0,0,0,1.67322631697694
"CM002242.1.661894.662694",3.23407016089713,0,0,3.5542434759927,0,0
"CM002242.1.663524.664324",3.2853987599785,0,0,3.66309431480084,0,0
"CM002242.1.665793.666593",3.74096696662835,0,0,4.09094809041197,0,0
"CM002242.1.667354.668154",3.69076321604636,0,0,4.14956926977815,0,0
"CM002242.1.672303.673103",3.65902471154314,0,0,3.99327070538686,0,0
"CM002242.1.675141.675941",2.91269054578312,-0.831835321191236,0,3.41124041602169,0,0
"CM002242.1.695806.696606",3.99193157920064,0,0,3.76867149701978,0,0
"CM002242.1.700278.701078",4.11903929610363,0,0,3.38540928170673,0,0
"CM002242.1.700729.701529",3.91573244764055,0,0,3.16045574647518,0,0
"CM002242.1.704740.705540",4.21011871715776,1.66739703539117,0.883042198374451,4.27825165273136,0,0
"CM002242.1.706252.707052",4.00705002163521,0,0,2.96134368685783,0,-1.00396856070909
"CM002242.1.709243.710043",3.88262052943962,0,0,2.71440973015526,0,0
"CM002242.1.712838.713638",4.23250314321648,0.910547550875264,0.816686956628121,3.86507474271336,0,0
"CM002242.1.714256.715056",3.85654803354517,0,0,3.28830361760173,0,0
"CM002242.1.715545.716345",3.40830587731018,0,0,3.08683045786834,0,0
"CM002242.1.717501.718301",3.07810684164891,-0.714277119259822,0,2.41191865486452,0,0
"CM002242.1.718621.719421",3.22785131481618,-0.735338463646324,0,2.62685742755437,0,-0.971364330645788
"CM002242.1.886084.886884",3.88429542780619,3.67203830488532,3.86478765774383,5.13947204581332,0,2.45099387970346
"CM002242.1.887435.888235",3.89611768954836,3.89863167608644,3.89290594217978,5.25387251265652,0,2.75970553040358
"CM002242.1.888699.889499",4.2750838233131,4.17058082852934,4.31722442311817,5.39633631256182,0,2.88016521528684
"CM002242.1.910510.911310",4.0797985315797,4.00274772613254,4.3474113022813,5.27705148910112,0,2.31905395511589
"CM002242.1.912092.912892",4.28944698159933,4.21935157498334,4.46143623742023,5.46240167153394,0,2.93175774800639
"CM002242.1.913585.914385",4.26895679200948,3.93285728987255,4.13256322681814,5.19661884131678,0,2.80227228175093
"CM002242.1.916464.917264",3.69772318601461,3.12016177673133,3.44443922419443,4.94245594182171,0,2.61558175266521
"CM002242.1.916814.917614",3.65302953266233,2.91714856214851,3.39654862912293,4.74864751572978,0,2.55519780096186
"CM002242.1.920148.920948",4.12180880413858,3.23710286989824,3.55025426736055,4.63453982294528,0,2.76488554570917
"CM002242.1.922493.923293",4.15248475020934,3.59725667500341,3.94110888137535,4.94101381756552,0,3.07127409226168
"CM002242.1.923239.924039",4.36318884301356,3.93251389717486,4.0376333571033,5.22363831557849,0,3.54593958179144
"CM002242.1.924544.925344",4.34435649678546,3.95446269767794,4.2826450064501,5.14610678304991,0,3.56711797298551
"CM002242.1.927880.928680",4.26592780385428,4.27548117713135,4.22693534418895,5.46681094516711,0,3.49263846190431
"CM002242.1.929190.929990",3.78252996893563,3.1681095646436,3.58663201884856,4.88308056524613,0,3.3520505417847
"CM002242.1.931724.932524",1.1234853840912,0.807407153548276,0,2.563556016763,0,2.07452386191471
"CM002242.1.944154.944954",3.76045948273,3.00815412082114,3.29071662970688,4.64864737744607,0,3.09520527495087
"CM002242.1.946291.947091",4.18075524807776,4.11182365122031,4.30063908205535,5.15838940262081,0,3.03553995578457
"CM002242.1.1345913.1346713",3.41488660544106,1.39849630522534,2.01712992013547,1.63636511588466,0,2.7299274302301
"CM002242.1.1351007.1351807",3.91182047350085,2.55075014420959,3.35896533967207,2.43382844673318,0,3.46898943264932
"CM002242.1.1352959.1353759",3.91617699906156,2.80500303928185,3.27044197524342,2.2456494026643,0,3.53646742150162
"CM002242.1.1592555.1593355",1.82661077138667,0,0.677393320112673,2.47196078248277,0,0
"CM002242.1.3651625.3652425",2.24302613486663,0,0.911501213974618,2.84553708616688,0,0
"CM002242.1.3662887.3663687",1.78445410674083,1.3038236910966,0.646796161348639,1.3092829071782,0,0
"CM002242.1.3673004.3673804",1.90794500369426,0.975867408931756,0.95746201700695,2.07916067717044,0,0
"CM002242.1.3762943.3763743",2.57530332420533,0,0.752310094239815,0,0,0.777459571306266
"CM002242.1.4108782.4109582",2.9747295581638,2.90303999809547,2.85951084023509,4.50676996542175,0,3.24752418508207
"CM002242.1.4110158.4110958",2.37379932214449,2.2409119337163,2.31202873814962,3.90703824256261,0,3.24138258687969
"CM002242.1.4170429.4171229",1.36424697396839,0.74306286098063,0.993916855173369,-0.723725655649276,0,1.69881503990513
"CM002242.1.4170311.4171111",1.46908725271693,0.82846683813256,1.09125049122597,0,0,1.79423335272134
"CM002242.1.4197109.4197909",2.93297703504827,3.24329572449911,3.04955499848364,0,0,1.97864566199386
"CM002242.1.4202441.4203241",1.73865329299941,3.10601307850388,2.38990070362574,0,0,1.91335813675014
"CM002242.1.4233756.4234556",4.38235256285931,4.43086179849194,4.47796114857035,0,0,2.95143672762405
