"","logFC_cac1","logFC_cac2","logFC_cac3","logFC_set7","logFC_ash1"
"CM002236.1.2701.3000",0,0,0,0,0
"CM002236.1.3001.3300",0,0,0,0,0
"CM002236.1.15601.15900",0,0,0,0,0
"CM002236.1.15901.16200",0,0,0,0,0
"CM002236.1.17101.17400",0,0,0,0,3.30377856740082
"CM002236.1.17401.17700",0,0,0,0,0
"CM002236.1.34501.34800",0,0,0,0,0
"CM002236.1.34801.35100",0,0,0,0,0
"CM002236.1.42601.42900",0,0,0,0,-1.68542955951599
"CM002236.1.44401.44700",0,0,0,0,-1.88685143671892
"CM002236.1.44701.45000",0,0,0,0,0
"CM002236.1.48001.48300",0,0,0,0,0
"CM002236.1.48301.48600",0,0,0,0,1.9374135529801
"CM002236.1.58801.59100",0,0,0,0,0
"CM002236.1.59101.59400",0,0,0,0,0
"CM002236.1.90901.91200",0,0,-1.56724666849796,0,-2.3817304445381
"CM002236.1.91201.91500",0,0,-1.64874329657403,0,-2.7266084554086
"CM002236.1.180901.181200",0,0,0,0,-1.73692247230862
"CM002236.1.181201.181500",0,0,0,0,-2.14547387339189
"CM002236.1.184801.185100",0,0,0,0,-1.76475539744574
"CM002236.1.185101.185400",0,0,0,0,-1.86628826645817
"CM002236.1.185701.186000",0,0,0,0,0
"CM002236.1.186001.186300",0,0,0,0,0
"CM002236.1.189301.189600",0,0,0,0,-1.48032799112693
"CM002236.1.189601.189900",0,0,-1.66557445638213,0,-1.73023026678108
"CM002236.1.190201.190500",0,0,-1.85110554031217,0,-1.9842644301609
"CM002236.1.193801.194100",0,0,0,0,0
"CM002236.1.194101.194400",0,0,0,0,0
"CM002236.1.195301.195600",0,-2.12525038825168,-2.09905026444295,0,0
"CM002236.1.196201.196500",0,0,-1.83213956461069,0,0
"CM002236.1.197701.198000",0,0,-1.8297797870469,0,0
"CM002236.1.198001.198300",0,0,0,0,0
"CM002236.1.209101.209400",0,0,0,0,0
"CM002236.1.209401.209700",0,0,0,0,0
"CM002236.1.210001.210300",0,0,0,0,0
"CM002236.1.210301.210600",0,0,-1.74815319376893,0,0
"CM002236.1.214201.214500",0,0,-2.03072159781554,0,0
"CM002236.1.214501.214800",0,0,0,0,0
"CM002236.1.216301.216600",0,0,0,0,-1.99344153809808
"CM002236.1.216601.216900",0,0,0,0,-2.62154201476748
"CM002236.1.220801.221100",0,0,0,0,0
"CM002236.1.221101.221400",0,0,0,0,-1.97832602846696
"CM002236.1.224401.224700",0,0,0,0,0
"CM002236.1.246001.246300",0,0,0,0,-2.01053616808292
"CM002236.1.246301.246600",0,0,0,0,-2.13688704933811
"CM002236.1.247201.247500",0,0,0,0,-2.32438349739606
"CM002236.1.247501.247800",0,0,0,0,-1.80923764242009
"CM002236.1.251701.252000",0,0,0,0,0
"CM002236.1.252001.252300",0,0,0,0,0
"CM002236.1.255601.255900",0,0,0,0,0
"CM002236.1.255901.256200",0,0,0,0,0
"CM002236.1.257101.257400",0,0,0,0,-1.36058246786074
"CM002236.1.257401.257700",0,0,0,0,-2.23779054111364
"CM002236.1.263101.263400",0,0,0,0,0
"CM002236.1.263401.263700",0,0,0,0,-1.44126250798758
"CM002236.1.265201.265500",0,0,0,0,0
"CM002236.1.265501.265800",0,0,0,0,0
"CM002236.1.291301.291600",0,0,-2.09928741998735,0,-2.04476105015782
"CM002236.1.291601.291900",0,0,-2.08723760451646,0,-1.50055270188712
"CM002236.1.292801.293100",0,0,0,0,-2.14652786332532
"CM002236.1.293101.293400",0,0,0,0,-1.55540740529398
"CM002236.1.297601.297900",0,0,0,0,0
"CM002236.1.297901.298200",0,0,0,0,-2.09412483127673
"CM002236.1.302101.302400",0,0,-1.47940022153473,0,-2.53251446930272
"CM002236.1.8867401.8867700",0,0,0,0,-1.97819981281851
"CM002236.1.8867701.8868000",0,0,0,0,-3.04079906719775
"CM002236.1.9651301.9651600",0,0,0,0,-2.24519185028994
"CM002236.1.9651601.9651900",0,0,0,0,0
"CM002236.1.9688501.9688800",0,0,0,0,0
"CM002236.1.9688801.9689100",0,0,0,0,0
"CM002236.1.9689701.9690000",0,0,0,0,0
"CM002236.1.9690301.9690600",0,0,0,0,0
"CM002236.1.9690601.9690900",0,0,0,0,0
"CM002236.1.9693301.9693600",0,0,0,0,0
"CM002236.1.9694201.9694500",0,0,0,0,0
"CM002236.1.9694501.9694800",0,0,0,0,0
"CM002236.1.9759301.9759600",0,0,0,0,0
"CM002236.1.9771901.9772200",0,0,0,0,0
"CM002236.1.9772201.9772500",0,0,0,0,0
"CM002237.1.10801.11100",0,0,0,0,0
"CM002237.1.11101.11400",0,0,0,0,0
"CM002237.1.11401.11700",0,0,-1.86937365206344,0,0
"CM002237.1.13201.13500",0,0,0,0,0
"CM002237.1.13501.13800",0,0,0,0,0
"CM002237.1.18001.18300",0,0,0,0,0
"CM002237.1.18301.18600",0,0,0,0,0
"CM002237.1.18601.18900",0,0,0,0,0
"CM002237.1.18901.19200",0,0,0,0,0
"CM002237.1.35401.35700",0,0,0,0,-1.41952007619807
"CM002237.1.35701.36000",0,0,0,0,0
"CM002237.1.38101.38400",0,0,0,0,0
"CM002237.1.38401.38700",0,0,0,0,0
"CM002237.1.41101.41400",0,0,0,0,0
"CM002237.1.41401.41700",0,0,0,0,0
"CM002237.1.51601.51900",0,0,-1.75868644844887,0,-1.51601606911548
"CM002237.1.51901.52200",0,0,0,0,-2.16349762816151
"CM002237.1.55801.56100",0,0,0,0,-1.82760590934566
"CM002237.1.56101.56400",0,0,0,0,0
"CM002237.1.70201.70500",0,0,0,0,-1.55314457827673
"CM002237.1.74101.74400",0,0,0,0,0
"CM002237.1.74401.74700",0,0,0,0,0
"CM002237.1.75301.75600",0,0,0,0,-1.75074784749337
"CM002237.1.75601.75900",0,0,-2.25767114563704,0,-2.6166638634119
"CM002237.1.76201.76500",0,0,-1.763930916319,0,-1.39192010735912
"CM002237.1.106801.107100",0,0,0,0,-2.39397705359566
"CM002237.1.148201.148500",0,0,0,0,-1.94494445361266
"CM002237.1.148501.148800",0,0,0,0,-2.01226729629823
"CM002237.1.562501.562800",0,0,0,0,-1.58603683682944
"CM002237.1.562801.563100",0,0,0,0,0
"CM002237.1.564001.564300",0,0,0,0,0
"CM002237.1.564301.564600",0,0,0,0,-1.59119810148651
"CM002237.1.567301.567600",0,0,0,0,-1.92145049942138
"CM002237.1.567601.567900",0,0,0,0,-2.3838458584812
"CM002237.1.570301.570600",0,0,0,0,0
"CM002237.1.584701.585000",0,0,0,0,-2.2722769954813
"CM002237.1.585001.585300",0,0,0,0,-2.01085835887309
"CM002237.1.1678501.1678800",0,0,0,0,-1.79788478480152
"CM002237.1.1680301.1680600",0,0,0,0,-2.12259107060392
"CM002237.1.1684501.1684800",0,0,0,0,-1.98468231102298
"CM002237.1.1685701.1686000",0,0,0,0,0
"CM002237.1.4046101.4046400",0,0,0,0,-1.81616327602523
"CM002237.1.4165201.4165500",0,0,0,0,-1.37834645117935
"CM002237.1.4298101.4298400",0,0,-1.98076085309263,0,0
"CM002237.1.4298401.4298700",0,0,-1.73021332302956,0,-1.87723249519152
"CM002237.1.4448701.4449000",0,0,0,0,-2.17637235930015
"CM002237.1.4449001.4449300",0,0,0,0,-2.54902562066439
"CM002237.1.4452301.4452600",0,0,0,0,0
"CM002237.1.4466101.4466400",0,0,0,0,0
"CM002237.1.4468201.4468500",0,0,0,0,0
"CM002237.1.4468501.4468800",0,0,0,0,0
"CM002238.1.9001.9300",0,0,0,0,0
"CM002238.1.12601.12900",0,0,0,0,0
"CM002238.1.28801.29100",0,0,0,0,0
"CM002238.1.29101.29400",0,0,0,0,0
"CM002238.1.31201.31500",0,0,0,0,0
"CM002238.1.31501.31800",0,0,0,0,0
"CM002238.1.161401.161700",0,0,0,0,-1.95569417356449
"CM002238.1.163501.163800",0,0,-1.93397408121851,0,-2.10149454967629
"CM002238.1.163801.164100",0,0,0,0,-1.50657484008647
"CM002238.1.166801.167100",0,0,0,0,-1.96122932117102
"CM002238.1.167101.167400",0,0,0,0,-1.43572029371252
"CM002238.1.200101.200400",0,0,-2.25801407566952,0,0
"CM002238.1.219001.219300",0,0,0,0,-2.17894981885211
"CM002238.1.219301.219600",0,0,0,0,0
"CM002238.1.221401.221700",0,0,0,0,-1.7335985589418
"CM002238.1.221701.222000",0,0,0,0,-2.41975501548126
"CM002238.1.223801.224100",0,0,0,0,-1.78013634011372
"CM002238.1.224101.224400",0,0,0,0,0
"CM002238.1.225301.225600",0,0,-2.03752402278911,0,-2.19095794141861
"CM002238.1.225601.225900",0,0,0,0,-1.53324319097212
"CM002238.1.229201.229500",0,0,0,0,-1.58219427022654
"CM002238.1.229501.229800",0,0,0,0,-1.60548933480116
"CM002238.1.233701.234000",0,0,0,0,-1.83208225073287
"CM002238.1.234001.234300",0,0,0,0,-1.53785179585231
"CM002238.1.234601.234900",0,0,0,0,-1.70560151967316
"CM002238.1.234901.235200",0,0,0,0,-1.76888226757001
"CM002238.1.238201.238500",0,0,0,0,0
"CM002238.1.238501.238800",0,0,-2.95717032073887,0,0
"CM002238.1.239101.239400",0,0,0,0,0
"CM002238.1.239401.239700",0,0,0,0,0
"CM002238.1.243601.243900",0,-1.7284120937169,-2.58831103284299,0,-2.68468692480627
"CM002238.1.243901.244200",-1.8021232121994,-2.09959868190851,-2.99677778899093,0,-2.10293023091907
"CM002238.1.247201.247500",0,0,0,0,-1.47399366965705
"CM002238.1.247501.247800",0,0,0,0,-1.78828595633534
"CM002238.1.252001.252300",0,0,-1.60064909341227,0,0
"CM002238.1.252301.252600",0,0,0,0,0
"CM002238.1.264301.264600",0,0,0,0,-2.08503045787649
"CM002238.1.264601.264900",0,0,0,0,-2.24258939573211
"CM002238.1.266401.266700",0,0,0,0,0
"CM002238.1.266701.267000",0,0,0,0,0
"CM002238.1.268801.269100",0,0,0,0,0
"CM002238.1.271801.272100",0,0,0,0,-1.46307977004554
"CM002238.1.272101.272400",0,0,0,0,-2.14429278472613
"CM002238.1.273301.273600",0,0,0,0,-1.9642454041763
"CM002238.1.273601.273900",0,0,0,0,-2.27614086906692
"CM002238.1.274501.274800",0,0,0,0,0
"CM002238.1.274801.275100",0,0,0,0,-1.92836531519752
"CM002238.1.276301.276600",0,0,0,0,0
"CM002238.1.276601.276900",0,0,0,0,0
"CM002238.1.279001.279300",0,0,0,0,0
"CM002238.1.279301.279600",0,0,0,0,0
"CM002238.1.280501.280800",0,0,0,0,-1.53775329665914
"CM002238.1.280801.281100",0,0,0,0,-2.01080645087865
"CM002238.1.285001.285300",0,0,0,0,0
"CM002238.1.285301.285600",0,0,0,0,0
"CM002238.1.290701.291000",0,0,0,0,-1.85159103116907
"CM002238.1.291001.291300",0,0,0,0,0
"CM002238.1.291601.291900",0,0,0,0,0
"CM002238.1.291901.292200",0,0,0,0,0
"CM002238.1.295201.295500",0,0,0,0,-1.68850436228543
"CM002238.1.295501.295800",0,0,0,0,-1.76394461545469
"CM002238.1.298501.298800",0,0,0,0,-2.03814977909186
"CM002238.1.299701.300000",0,0,0,0,-2.68856383167385
"CM002238.1.343501.343800",0,0,0,0,-2.47322365015369
"CM002238.1.344401.344700",0,0,0,0,-2.53931884170215
"CM002238.1.344701.345000",0,0,0,0,-2.54181208026706
"CM002238.1.381901.382200",0,0,0,0,-2.0677703272671
"CM002238.1.382201.382500",0,0,0,0,-2.48710387402943
"CM002238.1.385801.386100",0,0,0,0,-1.92796695830466
"CM002238.1.386101.386400",0,0,0,0,-1.49085935658605
"CM002238.1.386701.387000",0,0,0,0,-2.44014781846789
"CM002238.1.387001.387300",0,0,0,0,-1.60839105037141
"CM002238.1.390301.390600",0,0,0,0,0
"CM002238.1.393001.393300",0,0,0,0,-1.73836166063867
"CM002238.1.394201.394500",0,0,0,0,-2.64408217081749
"CM002238.1.396001.396300",0,0,0,0,-2.42774851162374
"CM002238.1.396301.396600",0,0,0,0,-2.09385143217013
"CM002238.1.398701.399000",0,0,0,0,-1.94373992103859
"CM002238.1.399001.399300",0,0,0,0,-2.25014000571538
"CM002238.1.400801.401100",0,0,0,0,0
"CM002238.1.401101.401400",0,0,0,0,0
"CM002238.1.401701.402000",0,0,0,0,0
"CM002238.1.402001.402300",0,0,0,0,0
"CM002238.1.426301.426600",0,0,0,0,0
"CM002238.1.426601.426900",0,0,0,0,0
"CM002238.1.428401.428700",0,0,0,0,-2.0340686788237
"CM002238.1.428701.429000",0,0,0,0,-1.74133393178446
"CM002238.1.429901.430200",0,0,0,0,-1.89330253265368
"CM002238.1.430201.430500",0,0,0,0,-1.62841526881861
"CM002238.1.449401.449700",0,0,0,0,-2.10236072618706
"CM002238.1.452401.452700",0,0,0,0,-1.7161918695813
"CM002238.1.452701.453000",0,0,0,0,-1.60053093456592
"CM002238.1.454201.454500",0,0,0,0,0
"CM002238.1.455401.455700",0,0,0,0,0
"CM002238.1.456901.457200",0,0,0,0,-1.27059148011331
"CM002238.1.459301.459600",0,0,0,0,-2.33292199311631
"CM002238.1.459601.459900",0,0,0,0,-2.13852620966405
"CM002238.1.555001.555300",0,0,0,0,-1.97574638497437
"CM002238.1.4575301.4575600",0,0,0,0,-2.29924225499865
"CM002238.1.4575601.4575900",0,0,0,0,-1.77144375167763
"CM002238.1.4605901.4606200",0,0,0,0,0
"CM002238.1.4606201.4606500",0,0,0,0,-1.44069455126965
"CM002238.1.4626901.4627200",0,0,0,0,0
"CM002238.1.4631101.4631400",0,0,0,0,-2.56014844567378
"CM002238.1.4631401.4631700",0,0,0,0,-1.82476331624767
"CM002238.1.4635901.4636200",0,0,0,0,-2.9013409339676
"CM002238.1.4636201.4636500",0,0,0,0,-2.13748395052079
"CM002238.1.4639201.4639500",0,0,0,0,-1.51435648819237
"CM002238.1.4639801.4640100",0,0,-1.79265422214788,0,-1.72298540384502
"CM002238.1.4640101.4640400",0,0,0,0,-2.22505770937997
"CM002238.1.4645201.4645500",0,0,-1.96733679226458,0,-2.86026984274605
"CM002238.1.4645501.4645800",0,0,-1.66922994783277,0,-1.94305744766295
"CM002238.1.4647001.4647300",0,0,0,0,-2.83950938632532
"CM002238.1.4647301.4647600",0,0,0,0,-1.43208051470315
"CM002238.1.4649101.4649400",0,0,0,0,-2.74041650213094
"CM002238.1.4649401.4649700",0,0,0,0,-2.64510978288426
"CM002238.1.4652101.4652400",0,0,0,0,-2.18151818909587
"CM002238.1.4654501.4654800",0,0,0,0,-2.09749682346903
"CM002238.1.4654801.4655100",0,0,0,0,-2.1941714547345
"CM002238.1.4656001.4656300",0,0,0,0,-2.15067062203951
"CM002238.1.4658401.4658700",0,0,0,0,-1.9865596647122
"CM002238.1.4673401.4673700",0,0,0,0,0
"CM002238.1.4673701.4674000",0,0,0,0,-1.46263005997559
"CM002238.1.4676101.4676400",0,0,0,0,-2.13708405728491
"CM002238.1.4676401.4676700",0,0,0,0,-1.70975011277592
"CM002238.1.4677601.4677900",0,0,0,0,-1.84341159601981
"CM002238.1.4677901.4678200",0,0,0,0,-1.98711600538452
"CM002238.1.4680001.4680300",0,0,0,0,-2.09910375364309
"CM002238.1.4684201.4684500",0,0,0,0,-2.2023806149256
"CM002238.1.4684501.4684800",0,0,0,0,0
"CM002238.1.4723801.4724100",0,0,0,0,0
"CM002238.1.4724101.4724400",0,0,0,0,0
"CM002238.1.4726201.4726500",0,0,0,0,-2.02815592566911
"CM002238.1.4726501.4726800",0,0,0,0,-1.92482067150435
"CM002238.1.4726801.4727100",0,0,0,0,-2.41315143480184
"CM002238.1.4732201.4732500",0,0,-1.56783999860063,0,-2.48565939857614
"CM002238.1.4732501.4732800",0,0,0,0,-1.75421348310454
"CM002238.1.4735501.4735800",0,0,0,0,-1.6799757716954
"CM002238.1.4735801.4736100",0,0,-1.84516519167057,0,-1.68189282635577
"CM002238.1.4742101.4742400",0,0,-2.01850066364044,0,-2.24053010573654
"CM002238.1.4742401.4742700",0,0,-2.25154307237448,0,-2.54428019121312
"CM002238.1.4743001.4743300",0,0,-2.14797563889981,0,-1.92763235951683
"CM002238.1.4745701.4746000",0,0,-2.82140950028749,0,-1.78003657024519
"CM002238.1.4746001.4746300",0,0,-3.05055701928752,0,-1.9638895104973
"CM002238.1.4749301.4749600",0,0,-1.58057194011419,0,-2.78154876212627
"CM002238.1.4751701.4752000",0,0,0,0,-1.763282762642
"CM002238.1.4752001.4752300",0,0,0,0,-2.79055418672027
"CM002238.1.4754401.4754700",0,0,-1.85812322032004,0,-2.36768032533163
"CM002238.1.4754701.4755000",0,0,-1.93932981363512,0,-2.14719980280839
"CM002238.1.4757101.4757400",0,0,-1.90271423464808,0,-1.84114619234611
"CM002238.1.4757401.4757700",0,0,0,0,-1.95743750417257
"CM002238.1.4759201.4759500",0,0,0,0,-2.47950094445765
"CM002238.1.4759501.4759800",0,0,-1.7260537579995,0,-2.11793654779474
"CM002238.1.4764301.4764600",0,0,-2.1361536726251,0,-1.77357107219263
"CM002238.1.4766101.4766400",0,0,0,0,-1.8227530916583
"CM002238.1.4768801.4769100",0,0,0,0,-2.53745536456542
"CM002238.1.4769101.4769400",0,0,0,0,-3.17363464320732
"CM002238.1.4769701.4770000",0,0,0,0,-1.81848443551086
"CM002238.1.4772401.4772700",0,0,0,0,-1.76204205558538
"CM002238.1.4772701.4773000",0,0,0,0,-1.82073248023612
"CM002238.1.4773001.4773300",0,0,0,0,-2.19964519345935
"CM002238.1.4775701.4776000",0,0,0,0,-2.76365152211333
"CM002238.1.4777801.4778100",0,0,0,0,-1.64558993271665
"CM002238.1.4780201.4780500",0,0,0,0,-2.69706097631049
"CM002238.1.4780501.4780800",0,0,0,0,-2.69412687515915
"CM002238.1.4782001.4782300",0,0,0,0,-1.68848161500934
"CM002238.1.4782301.4782600",0,0,-1.95276978308418,0,-2.02087698296067
"CM002238.1.4787401.4787700",0,0,-1.84993907867266,0,-2.38635464117278
"CM002238.1.4787701.4788000",0,0,-1.83323234325432,0,-2.1017873087021
"CM002238.1.4788301.4788600",0,0,-2.13223741818556,0,-2.45772818721858
"CM002238.1.4788601.4788900",0,0,-1.69270549248226,0,-2.44446926831344
"CM002238.1.4790101.4790400",0,0,-2.00091956231848,0,-2.82909426568274
"CM002238.1.4792201.4792500",0,0,0,0,-2.48700782079483
"CM002238.1.4792501.4792800",0,0,0,0,-2.1477898372059
"CM002238.1.4793701.4794000",0,0,0,0,0
"CM002238.1.4794001.4794300",0,0,-1.74803669402523,0,-1.46411104651468
"CM002238.1.4795801.4796100",0,0,0,0,-2.03279501496307
"CM002238.1.4797001.4797300",0,0,-2.46349967147561,0,-1.53683617360846
"CM002238.1.4799701.4800000",0,0,0,0,-2.06929739788596
"CM002238.1.4800001.4800300",0,0,0,0,-1.65735903107805
"CM002238.1.4804501.4804800",0,0,0,0,-1.62655213267331
"CM002238.1.4804801.4805100",0,0,0,0,-2.01102249201222
"CM002238.1.4806601.4806900",0,0,-1.78245834817898,0,-1.92203508171583
"CM002238.1.4806901.4807200",0,0,0,0,-2.28414407509388
"CM002238.1.4808701.4809000",0,0,0,0,-2.40644828656605
"CM002238.1.4809001.4809300",0,0,0,0,-2.44049011435875
"CM002238.1.4811401.4811700",0,0,0,0,-3.01163431901413
"CM002238.1.4814701.4815000",0,0,0,0,-1.7080165435819
"CM002238.1.4815001.4815300",0,0,0,0,-1.70154005970642
"CM002238.1.4818601.4818900",0,0,0,0,0
"CM002238.1.4818901.4819200",0,0,0,0,-1.75738698424825
"CM002238.1.4820401.4820700",0,0,0,0,-2.99239625356182
"CM002238.1.4820701.4821000",0,0,0,0,-2.43165218346987
"CM002238.1.4823401.4823700",0,0,0,0,-2.74841634823893
"CM002238.1.4825801.4826100",0,0,0,0,-2.43801768397783
"CM002238.1.4827301.4827600",0,0,0,0,-2.08647716164321
"CM002238.1.4857001.4857300",0,0,0,0,-1.87455585870033
"CM002238.1.4857301.4857600",0,0,0,0,-2.1800044729171
"CM002238.1.4859701.4860000",0,0,0,0,-1.63931181384855
"CM002238.1.4860001.4860300",0,0,0,0,0
"CM002238.1.4861201.4861500",0,0,0,0,-2.20819542849258
"CM002238.1.4861501.4861800",0,0,0,0,-2.12104032007874
"CM002238.1.4862101.4862400",0,0,0,0,-2.01864071697865
"CM002238.1.4862401.4862700",0,0,0,0,-1.77095973398221
"CM002238.1.4862701.4863000",0,0,0,0,-1.99908225865906
"CM002238.1.4869901.4870200",0,0,0,0,0
"CM002238.1.4870201.4870500",0,0,0,0,-1.96505927899889
"CM002238.1.4872901.4873200",0,0,0,0,-1.91499274284233
"CM002238.1.4873501.4873800",0,0,0,0,-1.40222736512502
"CM002238.1.4873801.4874100",0,0,0,0,0
"CM002238.1.4875901.4876200",0,0,0,0,0
"CM002238.1.4876201.4876500",0,0,0,0,-1.34950733739682
"CM002238.1.4926901.4927200",0,0,0,0,-2.22557475404779
"CM002238.1.4927201.4927500",0,0,0,0,-1.81419746302932
"CM002238.1.4962601.4962900",0,0,0,0,0
"CM002238.1.4962901.4963200",0,0,0,0,0
"CM002238.1.4965601.4965900",0,0,-1.72413554577903,0,-1.64409542312295
"CM002238.1.4965901.4966200",0,0,0,0,0
"CM002238.1.4968301.4968600",0,0,0,0,-2.20534463843261
"CM002238.1.4968601.4968900",0,0,0,0,-2.8457412418567
"CM002238.1.4968901.4969200",0,0,0,0,-2.29949277793614
"CM002238.1.4969201.4969500",0,0,0,0,-1.85498826046712
"CM002238.1.4982101.4982400",0,0,0,0,-2.06457231420088
"CM002238.1.4982401.4982700",0,0,0,0,-2.01254950689339
"CM002238.1.4984801.4985100",0,0,0,0,-2.30298575218197
"CM002238.1.4985101.4985400",0,0,0,0,-2.44278810764237
"CM002238.1.4987501.4987800",0,0,0,0,2.76305998255717
"CM002238.1.4987801.4988100",0,0,0,0,0
"CM002238.1.4991101.4991400",0,0,-1.55144812547533,0,-2.25302131823072
"CM002238.1.4991401.4991700",0,0,-1.50461119190868,0,-2.36712129553914
"CM002238.1.4993501.4993800",0,0,0,0,-1.3800883828515
"CM002238.1.4993801.4994100",0,0,0,0,-2.16758856674607
"CM002238.1.5017801.5018100",0,0,0,0,-2.1952411201701
"CM002238.1.5019601.5019900",0,0,0,0,-2.30517815829554
"CM002238.1.5019901.5020200",0,0,0,0,-2.44324788191492
"CM002238.1.5026801.5027100",0,0,0,0,-1.7504732370213
"CM002238.1.5027101.5027400",0,0,0,0,-1.51745369501234
"CM002238.1.5031001.5031300",0,0,0,0,-2.19687503628127
"CM002238.1.5031301.5031600",0,0,0,0,-1.38251442357446
"CM002238.1.5053201.5053500",0,0,0,0,0
"CM002238.1.5053501.5053800",0,0,0,0,0
"CM002238.1.5057101.5057400",0,0,0,0,0
"CM002238.1.5057401.5057700",0,0,0,0,0
"CM002238.1.5057701.5058000",0,0,0,0,-1.66034782774981
"CM002238.1.5058001.5058300",0,0,0,0,0
"CM002238.1.5061601.5061900",0,0,0,0,-1.46051134192072
"CM002238.1.5061901.5062200",0,0,0,0,0
"CM002238.1.5089801.5090100",0,0,0,0,-1.83159444250466
"CM002238.1.5090101.5090400",0,0,0,0,-2.76896773226413
"CM002238.1.5094001.5094300",0,0,0,0,-1.97515073510002
"CM002238.1.5094301.5094600",0,0,0,0,-1.71115941867341
"CM002238.1.5116801.5117100",0,0,0,0,-1.33291049118763
"CM002238.1.5117101.5117400",0,0,0,0,0
"CM002238.1.5118901.5119200",0,0,0,0,-2.26293342741367
"CM002238.1.5130901.5131200",0,0,0,0,-1.61099090141089
"CM002238.1.5131201.5131500",0,0,0,0,-1.4103708472907
"CM002238.1.5145301.5145600",0,0,0,0,-1.44921944820488
"CM002238.1.5145601.5145900",0,0,0,0,-1.33147829605481
"CM002238.1.5204701.5205000",0,0,0,0,0
"CM002238.1.5205001.5205300",0,0,0,0,-1.4653230128513
"CM002238.1.5225701.5226000",0,0,0,0,0
"CM002238.1.5227501.5227800",0,0,0,0,-2.03994740171475
"CM002238.1.5227801.5228100",0,0,0,0,-1.5162632672154
"CM002238.1.5229301.5229600",0,0,0,0,-1.73243521245339
"CM002238.1.5229601.5229900",0,0,0,0,-1.3817579253094
"CM002238.1.5230801.5231100",0,0,0,0,0
"CM002238.1.5231101.5231400",0,0,0,0,0
"CM002238.1.5248801.5249100",0,0,0,0,-1.49179462725804
"CM002238.1.5251801.5252100",0,0,0,0,-1.61571508900508
"CM002238.1.5254201.5254500",0,0,-1.73704458172206,0,-1.7906799756008
"CM002238.1.5258401.5258700",0,0,0,0,0
"CM002238.1.5260201.5260500",0,0,0,0,0
"CM002238.1.5260501.5260800",0,0,0,0,0
"CM002238.1.5261401.5261700",0,0,0,0,-2.11863264323054
"CM002238.1.5261701.5262000",0,0,0,0,-1.36929974761376
"CM002238.1.5265301.5265600",0,0,0,-4.26368279027949,0
"CM002238.1.5265601.5265900",0,0,0,0,0
"CM002238.1.5269501.5269800",0,0,0,0,0
"CM002238.1.5269801.5270100",0,0,0,0,0
"CM002238.1.5270701.5271000",0,0,0,0,0
"CM002238.1.5271001.5271300",0,0,0,0,2.32432195755449
"CM002238.1.5271901.5272200",0,0,-2.29711672614725,-3.45564008020145,0
"CM002239.1.1201.1500",0,0,0,0,0
"CM002239.1.1501.1800",0,0,0,0,0
"CM002239.1.5701.6000",0,0,0,0,0
"CM002239.1.6001.6300",0,0,0,0,0
"CM002239.1.6301.6600",0,0,0,0,0
"CM002239.1.10801.11100",0,0,0,0,0
"CM002239.1.19501.19800",0,0,0,0,2.31208101827088
"CM002239.1.21601.21900",0,0,0,0,0
"CM002239.1.21901.22200",0,0,0,0,0
"CM002239.1.24301.24600",0,0,0,0,-2.05080946494518
"CM002239.1.24601.24900",0,-1.8643557983532,-2.00821856674917,-2.40966380293396,-1.67420954888136
"CM002239.1.28801.29100",0,0,0,0,0
"CM002239.1.29101.29400",0,0,0,0,0
"CM002239.1.31501.31800",0,0,0,0,0
"CM002239.1.31801.32100",0,0,0,0,0
"CM002239.1.55201.55500",0,0,0,0,0
"CM002239.1.55501.55800",0,0,0,0,-2.08734984189125
"CM002239.1.68101.68400",0,0,0,0,0
"CM002239.1.70801.71100",0,0,0,0,0
"CM002239.1.71101.71400",0,0,0,0,0
"CM002239.1.101401.101700",0,0,0,0,-1.7064995576873
"CM002239.1.103201.103500",0,-2.02725812579966,-4.36782554046362,-2.56205162455103,-2.08007193012095
"CM002239.1.103501.103800",0,0,-2.4111792695665,-2.39719995059771,-1.93833921102102
"CM002239.1.106801.107100",0,0,0,0,0
"CM002239.1.107101.107400",0,0,0,0,0
"CM002239.1.109801.110100",0,0,0,0,-1.55567562198574
"CM002239.1.110101.110400",0,0,0,0,0
"CM002239.1.112801.113100",0,0,0,0,-1.68805394931013
"CM002239.1.113101.113400",0,0,0,0,0
"CM002239.1.142801.143100",0,0,0,0,0
"CM002239.1.177001.177300",0,0,0,0,-2.28868645856171
"CM002239.1.177301.177600",0,0,0,0,-2.34441428089541
"CM002239.1.177901.178200",0,0,0,0,-1.59985810351202
"CM002239.1.178201.178500",0,0,0,0,-1.78202491579515
"CM002239.1.183901.184200",0,0,0,0,-2.58300161774495
"CM002239.1.184801.185100",0,0,0,0,-1.60248975313222
"CM002239.1.185101.185400",0,0,0,0,-2.38086828687063
"CM002239.1.188401.188700",0,0,0,0,-1.69980507728589
"CM002239.1.188701.189000",0,0,0,0,-2.24056377245334
"CM002239.1.191401.191700",0,0,0,0,0
"CM002239.1.191701.192000",0,0,0,0,0
"CM002239.1.195301.195600",0,0,-1.80390855313339,0,0
"CM002239.1.198001.198300",0,0,0,0,0
"CM002239.1.198301.198600",0,0,0,0,-2.42166431772994
"CM002239.1.199801.200100",0,0,0,0,-2.44539616025785
"CM002239.1.200101.200400",0,0,0,0,-2.2176309556386
"CM002239.1.202501.202800",0,0,0,0,-3.21487814757078
"CM002239.1.205201.205500",0,0,0,0,-1.70505129573951
"CM002239.1.206101.206400",0,0,0,0,-2.38303338306819
"CM002239.1.206401.206700",0,0,0,0,-1.97015363988025
"CM002239.1.209701.210000",0,0,0,0,-1.92856884102964
"CM002239.1.210001.210300",0,0,0,0,-2.50883418642566
"CM002239.1.218401.218700",0,0,0,0,0
"CM002239.1.225901.226200",0,0,0,0,-1.76458318190052
"CM002239.1.226201.226500",0,0,0,0,-3.06438041872884
"CM002239.1.248401.248700",0,0,0,0,-1.45732351334704
"CM002239.1.248701.249000",0,0,0,0,-1.6600314397615
"CM002239.1.251701.252000",0,0,0,0,-2.1616315608682
"CM002239.1.252001.252300",0,0,0,0,-1.78811843704927
"CM002239.1.254101.254400",0,0,0,0,-1.43004872154332
"CM002239.1.254401.254700",0,0,0,0,-1.38878017949646
"CM002239.1.283801.284100",0,0,0,0,0
"CM002239.1.284101.284400",0,0,0,0,1.73511365852092
"CM002239.1.294601.294900",0,0,0,0,-2.18141828524239
"CM002239.1.294901.295200",0,0,0,0,-1.81134874404047
"CM002239.1.307501.307800",0,0,-1.71884841696512,0,-1.88740944176897
"CM002239.1.307801.308100",0,0,0,0,0
"CM002239.1.312301.312600",-2.55602873487157,-2.45039263990642,-4.15941591902292,0,0
"CM002239.1.312601.312900",0,0,0,0,-1.57348418930953
"CM002239.1.314701.315000",0,-1.70596027164132,0,0,-1.46847581000822
"CM002239.1.315001.315300",0,0,0,0,0
"CM002239.1.317701.318000",0,0,0,0,0
"CM002239.1.318001.318300",0,0,0,0,0
"CM002239.1.320101.320400",0,0,0,0,-2.86930251442559
"CM002239.1.320401.320700",0,0,0,0,-2.99840501491931
"CM002239.1.321901.322200",0,0,0,0,-2.62997326969975
"CM002239.1.322201.322500",0,0,0,0,-2.39866458254933
"CM002239.1.323401.323700",0,0,0,0,-2.5381275885594
"CM002239.1.323701.324000",0,0,0,0,-2.05636978591934
"CM002239.1.325201.325500",0,0,0,0,-2.04656447215297
"CM002239.1.327601.327900",0,0,0,0,-2.28688392481381
"CM002239.1.327901.328200",0,0,0,0,-2.06842257856456
"CM002239.1.329701.330000",0,0,0,0,-2.52464872500159
"CM002239.1.330001.330300",0,0,-2.10738459319724,0,-2.2581160778971
"CM002239.1.331801.332100",0,0,-2.3623581598007,0,-2.07665170054382
"CM002239.1.335401.335700",0,0,-1.69641159701003,0,-2.42031932912521
"CM002239.1.335701.336000",0,0,0,0,-2.20803109429657
"CM002239.1.339901.340200",0,0,-1.58100735586479,0,-2.55349212846474
"CM002239.1.343501.343800",0,0,0,0,-2.5508768217406
"CM002239.1.343801.344100",0,0,0,0,-2.21043361004234
"CM002239.1.345001.345300",0,0,0,0,0
"CM002239.1.348601.348900",0,-1.74748073577213,-2.78282484081904,0,-1.8226444516792
"CM002239.1.348901.349200",-1.85006203270844,-2.20350137139182,-2.90970060925746,0,-2.51990849358102
"CM002239.1.353701.354000",0,-1.68317495338562,-2.07577851819838,0,-1.92403968453223
"CM002239.1.360001.360300",0,0,-2.15687790309036,0,-2.28716468046718
"CM002239.1.360301.360600",0,0,0,0,-2.10074351072356
"CM002239.1.361201.361500",0,-1.85009047055849,-2.95532400610887,0,-1.62992596072432
"CM002239.1.361501.361800",0,0,-2.36843944432135,0,-2.57928197015049
"CM002239.1.373801.374100",0,0,-2.52638738726934,0,0
"CM002239.1.374101.374400",0,0,-2.12010392152104,0,-2.33294919449561
"CM002239.1.375901.376200",0,0,0,0,-1.45643957754953
"CM002239.1.376201.376500",0,0,0,0,-1.74860877088232
"CM002239.1.377701.378000",0,0,0,0,-2.22194378140419
"CM002239.1.380401.380700",0,0,0,0,-2.1640413796023
"CM002239.1.380701.381000",0,0,0,0,-2.48318435802026
"CM002239.1.387601.387900",0,0,0,0,-2.02369603946972
"CM002239.1.389701.390000",0,0,0,0,0
"CM002239.1.390001.390300",0,0,0,0,-1.68178079824734
"CM002239.1.391501.391800",0,0,0,0,-2.2455485488393
"CM002239.1.393001.393300",0,0,0,0,-2.1412773632786
"CM002239.1.393301.393600",0,0,0,0,-2.24057099515219
"CM002239.1.409801.410100",0,0,0,0,-1.68839630420601
"CM002239.1.410101.410400",0,0,0,0,-1.55033477860119
"CM002239.1.413101.413400",0,0,0,0,-2.32135523685067
"CM002239.1.413401.413700",0,0,0,0,-1.84579497103177
"CM002239.1.465601.465900",0,0,-1.75174626392045,0,-1.77468258691555
"CM002239.1.465901.466200",0,0,-1.51746732430247,0,-2.63646057294159
"CM002239.1.474001.474300",0,0,0,0,-2.03638959765408
"CM002239.1.474301.474600",0,0,0,0,0
"CM002239.1.505801.506100",-2.14174678257317,-2.64584682585355,-3.46979436274586,0,-1.44760859971086
"CM002239.1.508201.508500",0,-2.21996926155813,-3.21348284270302,0,-1.60773606434008
"CM002239.1.516001.516300",0,0,0,0,0
"CM002239.1.546301.546600",-2.85467872730316,-2.99709650206718,-3.80578140900904,0,0
"CM002239.1.548701.549000",0,0,-1.962915354214,0,-2.08476571956605
"CM002239.1.549001.549300",0,-1.73837928416638,-3.56115884686502,0,-1.52814197393858
"CM002239.1.555301.555600",0,0,-2.23371436227134,0,-2.13823967499144
"CM002239.1.555601.555900",0,-1.83151290671521,-3.03431141238017,0,-2.35887748860953
"CM002239.1.558001.558300",0,0,-1.71301856916477,0,-2.43037571402303
"CM002239.1.558301.558600",0,-1.65305227464132,-1.95420091913761,0,-2.37252729803973
"CM002239.1.558601.558900",0,0,-2.53637435622682,0,-3.11005482650969
"CM002239.1.558901.559200",0,0,-2.26297205852739,0,-2.4256714415531
"CM002239.1.561001.561300",0,0,0,0,-1.48334076715143
"CM002239.1.561301.561600",0,0,0,0,-2.06903602875112
"CM002239.1.569101.569400",0,0,0,0,-2.27872822107871
"CM002239.1.576601.576900",0,0,0,0,0
"CM002239.1.581401.581700",0,0,0,0,0
"CM002239.1.582601.582900",0,0,0,0,-1.81198243407653
"CM002239.1.582901.583200",0,0,0,0,-2.4526668707146
"CM002239.1.584101.584400",0,0,0,0,-1.70423851208102
"CM002239.1.584401.584700",0,0,0,0,-1.57773742133247
"CM002239.1.589501.589800",0,0,0,0,-2.34231424296908
"CM002239.1.590701.591000",0,0,0,0,-1.83350628966742
"CM002239.1.591001.591300",0,0,0,0,-2.01999444343856
"CM002239.1.595801.596100",0,0,0,0,-1.86141135077204
"CM002239.1.596101.596400",0,0,0,0,0
"CM002239.1.597601.597900",0,0,-2.4645927370898,0,-1.48971349202731
"CM002239.1.597901.598200",0,0,-2.1501426697791,0,-2.21251917456577
"CM002239.1.615901.616200",0,0,0,0,-2.11788259285254
"CM002239.1.616201.616500",0,0,0,0,-1.84356654888578
"CM002239.1.619501.619800",0,0,0,0,0
"CM002239.1.619801.620100",0,0,0,0,0
"CM002239.1.633301.633600",0,0,0,0,2.23708312219221
"CM002239.1.633601.633900",0,0,0,0,2.42182765991175
"CM002239.1.638701.639000",0,0,-2.31262009199978,0,-1.39873431061056
"CM002239.1.640801.641100",0,0,0,0,-1.89242221069856
"CM002239.1.641101.641400",0,0,0,0,-1.96458126792904
"CM002239.1.643501.643800",0,0,0,0,-1.76441416810543
"CM002239.1.643801.644100",0,0,0,0,-2.56991859941924
"CM002239.1.645901.646200",0,0,0,0,-2.54650286133893
"CM002239.1.646201.646500",0,0,0,0,-1.85309714208655
"CM002239.1.648601.648900",0,0,0,0,-2.92487879473905
"CM002239.1.648901.649200",0,0,0,0,-1.96826303773682
"CM002239.1.649801.650100",0,0,0,0,-1.83997147481582
"CM002239.1.650101.650400",0,0,0,0,-1.96096895287098
"CM002239.1.651301.651600",0,0,0,0,-2.53321845102124
"CM002239.1.651601.651900",0,0,0,0,-2.47089871926794
"CM002239.1.653401.653700",0,0,0,0,-2.09903263779655
"CM002239.1.653701.654000",0,0,0,0,-2.01332114288417
"CM002239.1.656401.656700",0,0,0,0,0
"CM002239.1.656701.657000",0,0,0,0,0
"CM002239.1.660601.660900",0,0,-1.75349038942572,0,-1.6618959483427
"CM002239.1.660901.661200",0,0,0,0,-1.71248883473294
"CM002239.1.673801.674100",0,0,0,0,-1.72361757148182
"CM002239.1.674101.674400",0,0,0,0,-2.16220068302078
"CM002239.1.699001.699300",0,0,0,0,2.75116947948954
"CM002239.1.709801.710100",0,0,0,0,-1.95054935687912
"CM002239.1.710101.710400",0,0,0,0,-2.61012348844829
"CM002239.1.719401.719700",0,0,0,0,-1.71249568452542
"CM002239.1.723901.724200",0,0,0,0,-2.43223700494617
"CM002239.1.726901.727200",0,0,0,0,-2.19176063181939
"CM002239.1.727201.727500",0,0,0,0,-1.9350155905908
"CM002239.1.731401.731700",0,0,0,0,-2.37763959698355
"CM002239.1.731701.732000",0,0,0,0,-3.04698149695495
"CM002239.1.735001.735300",0,0,0,0,-2.87699966165194
"CM002239.1.735901.736200",0,0,-1.79516545748633,0,-1.37898135710549
"CM002239.1.736201.736500",0,0,0,0,-2.14325764645152
"CM002239.1.741001.741300",0,0,0,0,4.29184113699325
"CM002239.1.742201.742500",0,0,0,0,-1.48188540151953
"CM002239.1.742501.742800",0,0,0,0,-2.12836779321747
"CM002239.1.745501.745800",0,0,0,0,-1.66300972201583
"CM002239.1.760501.760800",0,0,0,0,-1.71567067949752
"CM002239.1.763201.763500",0,0,0,0,-2.2494628609043
"CM002239.1.763501.763800",0,0,0,0,-1.63184399050055
"CM002239.1.773401.773700",0,0,0,0,-1.76026689562185
"CM002239.1.773701.774000",0,0,0,0,-2.25113687644855
"CM002239.1.789301.789600",0,0,0,0,-1.47699870276898
"CM002239.1.789601.789900",0,0,0,0,0
"CM002239.1.799801.800100",0,0,0,0,-1.666575051634
"CM002239.1.800101.800400",0,-1.87324790832984,-1.71320191085939,0,-1.67444971839458
"CM002239.1.835801.836100",0,0,0,0,0
"CM002239.1.836101.836400",0,0,0,0,0
"CM002239.1.838501.838800",0,0,0,0,-1.80405115901727
"CM002239.1.838801.839100",0,0,0,0,-2.03387433585056
"CM002239.1.841801.842100",0,0,0,0,0
"CM002239.1.842101.842400",0,0,0,0,0
"CM002239.1.3026101.3026400",0,0,0,0,-2.12403257107522
"CM002239.1.3026401.3026700",0,0,0,0,-2.3476606218135
"CM002239.1.5074201.5074500",0,0,0,0,-2.40571832325962
"CM002239.1.5077201.5077500",0,0,0,0,-1.68513112863957
"CM002239.1.5080201.5080500",0,0,0,0,-1.68580929021781
"CM002239.1.5080501.5080800",0,0,0,0,-1.38255342230127
"CM002239.1.5083201.5083500",0,0,0,0,0
"CM002239.1.5083501.5083800",0,0,0,0,-1.87393214198469
"CM002239.1.5085901.5086200",0,0,0,0,-1.92324409358991
"CM002239.1.5089501.5089800",0,0,0,0,-1.63435908104807
"CM002239.1.5096101.5096400",0,0,0,0,0
"CM002239.1.5096401.5096700",0,0,0,0,0
"CM002239.1.5098201.5098500",0,0,0,0,-1.67441541386576
"CM002239.1.5098501.5098800",0,0,0,0,-1.84996716899381
"CM002239.1.5148601.5148900",0,0,0,0,-2.01761787921469
"CM002239.1.5151301.5151600",0,0,0,0,-1.89639486698535
"CM002239.1.5151601.5151900",0,0,0,0,-1.9805012661777
"CM002239.1.5154601.5154900",0,0,0,0,-1.95045886184918
"CM002239.1.5154901.5155200",0,0,0,0,-2.37496822149561
"CM002239.1.5155201.5155500",0,0,0,0,-1.74936016236983
"CM002239.1.5205901.5206200",0,0,0,0,-1.77724131138834
"CM002239.1.5206201.5206500",0,0,0,0,-2.05170152672684
"CM002239.1.5207401.5207700",0,0,0,0,-1.94327190400623
"CM002239.1.5207701.5208000",0,0,0,0,-2.47127031787551
"CM002239.1.5250901.5251200",0,0,0,0,-1.82922032498121
"CM002239.1.5821801.5822100",0,0,0,0,0
"CM002239.1.5822101.5822400",0,0,0,0,0
"CM002239.1.5850601.5850900",0,0,0,0,-1.78572439612861
"CM002239.1.5850901.5851200",0,0,0,0,-2.23500335172778
"CM002239.1.5866201.5866500",0,0,0,0,0
"CM002239.1.5866501.5866800",0,0,0,0,0
"CM002239.1.5867701.5868000",0,0,0,0,0
"CM002239.1.5868001.5868300",0,0,0,0,0
"CM002239.1.5869501.5869800",0,0,0,0,0
"CM002239.1.5869801.5870100",0,0,0,0,0
"CM002239.1.5880901.5881200",0,0,-2.49061693532616,0,-2.11017155370133
"CM002239.1.5881201.5881500",0,0,-1.81674609678001,0,0
"CM002239.1.5885101.5885400",0,0,0,0,0
"CM002239.1.5887201.5887500",0,0,-2.33481051724359,0,0
"CM002239.1.5887501.5887800",0,0,0,0,0
"CM002239.1.5889901.5890200",0,0,0,0,0
"CM002239.1.5930101.5930400",0,0,0,0,0
"CM002239.1.5937601.5937900",0,0,0,0,0
"CM002239.1.5938501.5938800",0,0,0,0,0
"CM002239.1.5938801.5939100",0,0,0,0,0
"CM002239.1.5941201.5941500",0,0,0,0,0
"CM002239.1.5943301.5943600",0,0,0,0,0
"CM002239.1.5946001.5946300",0,0,0,0,0
"CM002239.1.5949301.5949600",0,0,0,0,0
"CM002239.1.5949601.5949900",0,0,0,0,0
"CM002240.1.561301.561600",0,0,0,0,-2.26654349621056
"CM002240.1.561601.561900",0,0,0,0,-1.48289042105971
"CM002240.1.564601.564900",0,0,0,0,-2.33340288672444
"CM002240.1.564901.565200",0,0,0,0,-1.70578343693752
"CM002240.1.565201.565500",0,0,0,0,-2.14551370602803
"CM002240.1.568201.568500",0,0,0,0,-3.15479006354734
"CM002240.1.568501.568800",0,0,0,0,0
"CM002240.1.571501.571800",0,0,0,0,-2.2753733259046
"CM002240.1.574801.575100",0,0,0,0,0
"CM002240.1.638401.638700",0,0,0,0,0
"CM002240.1.641401.641700",0,0,0,0,-1.59161433167021
"CM002240.1.641701.642000",0,0,0,0,-2.01740553304007
"CM002240.1.642001.642300",0,0,0,0,-1.58048919616944
"CM002240.1.642601.642900",0,0,0,0,-2.12436917556975
"CM002240.1.642901.643200",0,0,0,0,-2.01819519940208
"CM002240.1.644101.644400",0,0,0,0,-1.75977133144457
"CM002240.1.644401.644700",0,0,0,0,-2.06098863045516
"CM002240.1.647401.647700",0,0,0,0,-2.16018698337077
"CM002240.1.647701.648000",0,0,0,0,-2.7325966528746
"CM002240.1.652201.652500",0,0,0,0,-2.44199500868214
"CM002240.1.652501.652800",0,0,0,0,-1.71135270317637
"CM002240.1.656101.656400",0,0,0,0,-2.42933508022678
"CM002240.1.656401.656700",0,0,0,0,-2.49224266572479
"CM002240.1.657301.657600",0,0,0,0,-2.45832515476154
"CM002240.1.657601.657900",0,0,0,0,-1.64052572491043
"CM002240.1.662401.662700",0,0,0,0,-1.92830553719859
"CM002240.1.662701.663000",0,0,0,0,-2.091932143891
"CM002240.1.678601.678900",0,0,0,0,0
"CM002240.1.678901.679200",0,0,0,0,0
"CM002240.1.680101.680400",0,0,0,0,0
"CM002240.1.680401.680700",0,0,0,0,-2.4240074530881
"CM002240.1.681901.682200",0,0,0,0,-2.19676321596399
"CM002240.1.682201.682500",0,0,0,0,-2.16422891435148
"CM002240.1.774301.774600",0,0,0,0,-1.48805674012196
"CM002240.1.774601.774900",0,0,0,0,-1.67781799642136
"CM002240.1.777001.777300",0,0,0,0,-2.10112189917045
"CM002240.1.777301.777600",0,0,0,0,-1.8346377675146
"CM002240.1.5974801.5975100",0,0,0,0,-1.60114849442496
"CM002240.1.5975101.5975400",0,0,0,0,0
"CM002240.1.5975401.5975700",0,0,0,0,-1.35313057055833
"CM002240.1.6023101.6023400",0,0,0,0,-1.55368404342785
"CM002240.1.6023401.6023700",0,0,0,0,-2.53459263892934
"CM002240.1.6025201.6025500",0,0,0,0,-2.36083373920444
"CM002240.1.6028501.6028800",0,0,0,0,-2.34038418191237
"CM002240.1.6028801.6029100",0,0,0,0,-2.17357465832711
"CM002240.1.6030001.6030300",0,0,0,0,-2.55283521067079
"CM002240.1.6030301.6030600",0,0,0,0,-2.44363363478196
"CM002240.1.6031201.6031500",0,0,0,0,0
"CM002240.1.6031501.6031800",0,0,0,0,-2.52591322377489
"CM002240.1.6032701.6033000",0,0,0,0,-2.30792890009097
"CM002240.1.6033001.6033300",0,0,0,0,-1.87998501614682
"CM002240.1.6033901.6034200",0,0,0,0,-2.49656512824705
"CM002240.1.6034201.6034500",0,0,0,0,-1.56679871272448
"CM002240.1.6034801.6035100",0,0,0,0,0
"CM002240.1.6035101.6035400",0,0,0,0,1.94104217252031
"CM002240.1.6038101.6038400",0,0,0,0,0
"CM002240.1.6038401.6038700",0,0,0,0,0
"CM002240.1.6040801.6041100",0,0,0,0,-1.51223127100341
"CM002240.1.6041101.6041400",0,0,0,0,0
"CM002240.1.6045601.6045900",0,0,0,0,-2.0628537452127
"CM002240.1.6045901.6046200",0,0,0,0,-1.71864790796218
"CM002240.1.6048901.6049200",0,0,0,0,0
"CM002240.1.6049201.6049500",0,0,0,0,0
"CM002240.1.6052201.6052500",0,0,0,0,-2.94968357699079
"CM002240.1.6052501.6052800",0,0,0,0,-2.06947094268822
"CM002240.1.6055201.6055500",0,0,0,0,-1.85366897156489
"CM002240.1.6057901.6058200",0,0,0,0,-2.18435175871163
"CM002240.1.6058201.6058500",0,0,0,0,-2.62289235928168
"CM002240.1.6062101.6062400",0,0,0,0,-1.72398876036229
"CM002240.1.6062401.6062700",0,0,0,0,-1.92109708927477
"CM002240.1.6065701.6066000",0,0,0,0,-2.27090858499509
"CM002240.1.6066001.6066300",0,0,0,0,-2.24415543708333
"CM002240.1.6083101.6083400",0,0,0,0,-2.1985823426839
"CM002240.1.6083401.6083700",0,0,0,0,-2.01429923472919
"CM002240.1.6085801.6086100",0,0,0,0,-1.73186552130689
"CM002240.1.6086101.6086400",0,0,0,0,0
"CM002240.1.6088501.6088800",0,0,0,0,0
"CM002240.1.6088801.6089100",0,0,0,0,0
"CM002240.1.6100801.6101100",0,0,-1.75501860577091,0,0
"CM002240.1.6101101.6101400",0,0,0,0,0
"CM002240.1.6118801.6119100",0,0,0,0,-2.08738536443899
"CM002240.1.6119101.6119400",0,0,0,0,-2.66276676743765
"CM002240.1.6121201.6121500",0,0,0,0,-2.94165581392732
"CM002240.1.6121501.6121800",0,0,0,0,-1.71521949893062
"CM002240.1.6124201.6124500",0,0,0,0,0
"CM002240.1.6124501.6124800",0,0,0,0,0
"CM002240.1.6154801.6155100",0,0,0,0,-1.67757532771152
"CM002240.1.6155101.6155400",0,0,0,0,-1.45297795495447
"CM002240.1.6159601.6159900",0,0,0,0,0
"CM002240.1.6159901.6160200",0,0,0,0,0
"CM002240.1.6161701.6162000",0,0,0,0,0
"CM002240.1.6162001.6162300",0,0,0,0,0
"CM002240.1.6164401.6164700",0,0,0,0,0
"CM002240.1.6168001.6168300",0,0,0,0,0
"CM002240.1.6168301.6168600",0,0,0,0,0
"CM002240.1.6173401.6173700",0,0,0,0,0
"CM002240.1.6173701.6174000",0,0,0,0,0
"CM002240.1.6177001.6177300",0,0,0,0,-1.8977828475556
"CM002240.1.6192601.6192900",0,0,-2.46488715522627,0,-1.84228829925094
"CM002240.1.6197101.6197400",0,0,0,0,-1.76241390932909
"CM002240.1.6197401.6197700",0,0,-1.68729232549158,0,0
"CM002240.1.6199801.6200100",0,0,-1.7722793459424,0,-1.5099366317461
"CM002240.1.6200101.6200400",0,0,-2.34596372272726,0,0
"CM002240.1.6214501.6214800",0,0,0,0,-1.58576353197662
"CM002240.1.6214801.6215100",0,0,-1.8713093997142,0,-1.99836018106907
"CM002240.1.6218701.6219000",0,0,-2.43394207262188,-2.3648568614007,-1.96331536706707
"CM002240.1.6219001.6219300",0,0,-2.60653803933794,0,0
"CM002240.1.6220501.6220800",0,0,0,0,-2.51904054225989
"CM002240.1.6220801.6221100",0,0,0,0,-1.39268948315009
"CM002240.1.6222901.6223200",0,0,0,0,-2.04633066201778
"CM002240.1.6224101.6224400",0,0,-1.53816622767168,0,-2.66922207983795
"CM002240.1.6227101.6227400",0,0,0,0,-1.99682137396875
"CM002240.1.6227401.6227700",0,0,0,0,-1.63005912959553
"CM002240.1.6228901.6229200",0,0,0,0,-2.38898253471914
"CM002240.1.6229201.6229500",0,0,-1.6551202971585,0,-1.41931153466821
"CM002240.1.6230401.6230700",0,0,-1.78557328482983,0,-2.17671091742622
"CM002240.1.6230701.6231000",0,0,-1.67316970900135,0,-1.64477068584447
"CM002240.1.6232501.6232800",0,0,0,0,-1.70554013097245
"CM002240.1.6234301.6234600",0,0,0,0,0
"CM002240.1.6234601.6234900",0,0,0,0,0
"CM002240.1.6236701.6237000",0,0,0,0,-2.6018896230397
"CM002240.1.6238501.6238800",0,0,0,0,-2.65883960607928
"CM002240.1.6238801.6239100",0,0,0,0,-2.65647559657594
"CM002240.1.6240901.6241200",0,0,0,0,-2.28960638296552
"CM002240.1.6241201.6241500",0,0,0,0,-2.3727455635226
"CM002240.1.6379501.6379800",0,0,0,0,0
"CM002240.1.6379801.6380100",0,0,0,0,0
"CM002240.1.6412201.6412500",0,0,0,0,-2.52515675988252
"CM002240.1.6412501.6412800",0,0,-2.18835896112584,0,-2.40376894791088
"CM002240.1.6412801.6413100",0,0,0,0,-2.26111008896034
"CM002240.1.6414301.6414600",0,0,-2.21498901558513,-3.68139676658604,-1.93235623973232
"CM002240.1.6417301.6417600",0,0,0,0,0
"CM002240.1.6417601.6417900",-1.98108105655328,-1.73780870566807,0,0,-2.21530402725175
"CM002240.1.6422101.6422400",0,0,0,0,0
"CM002240.1.6422401.6422700",0,0,0,0,-1.50030370775548
"CM002240.1.6423601.6423900",0,0,0,0,-2.33259934446953
"CM002240.1.6427801.6428100",0,0,0,0,-2.08652919279596
"CM002240.1.6428101.6428400",0,0,0,0,-2.06866514919076
"CM002240.1.6433201.6433500",0,0,0,0,0
"CM002240.1.6433501.6433800",0,0,0,0,0
"CM002240.1.6435001.6435300",0,0,0,0,0
"CM002241.1.3001.3300",0,0,0,0,0
"CM002241.1.3301.3600",0,0,0,0,0
"CM002241.1.19801.20100",0,0,0,0,0
"CM002241.1.20101.20400",0,0,0,0,0
"CM002241.1.24001.24300",0,0,0,0,0
"CM002241.1.24301.24600",0,0,0,0,-1.89411755862944
"CM002241.1.28201.28500",0,0,0,0,0
"CM002241.1.28501.28800",0,0,0,0,0
"CM002241.1.29101.29400",0,0,0,0,0
"CM002241.1.39601.39900",0,0,0,0,0
"CM002241.1.39901.40200",0,0,0,0,0
"CM002241.1.48301.48600",0,0,0,0,-2.59680800861564
"CM002241.1.48601.48900",0,0,0,0,-2.36051092824995
"CM002241.1.128101.128400",0,0,0,0,-1.85425204665396
"CM002241.1.130801.131100",0,0,0,0,-1.7754161265749
"CM002241.1.131101.131400",0,0,0,0,-1.30822059046651
"CM002241.1.144601.144900",0,0,0,0,0
"CM002241.1.144901.145200",0,0,0,0,0
"CM002241.1.145501.145800",0,0,0,0,-2.24594081313909
"CM002241.1.149401.149700",0,0,0,0,0
"CM002241.1.149701.150000",0,0,0,0,-1.37678218699012
"CM002241.1.151501.151800",0,0,0,0,-1.80964750508165
"CM002241.1.153301.153600",0,0,0,0,0
"CM002241.1.154801.155100",0,0,0,0,-1.49171967189078
"CM002241.1.155101.155400",0,0,0,0,-2.15537332687499
"CM002241.1.158401.158700",0,0,0,0,-2.1203163459519
"CM002241.1.158701.159000",0,0,0,0,-2.22228924457992
"CM002241.1.160501.160800",0,0,0,0,-2.18261692701144
"CM002241.1.160801.161100",0,0,0,0,-1.3527957101337
"CM002241.1.161701.162000",0,0,0,0,-2.60563076045411
"CM002241.1.163501.163800",0,0,0,0,-2.35001782716723
"CM002241.1.163801.164100",0,0,0,0,-2.40701731796912
"CM002241.1.183901.184200",0,0,0,0,-2.11631223564989
"CM002241.1.186901.187200",0,0,0,0,-1.9340890835828
"CM002241.1.187201.187500",0,0,0,0,-1.86954947564658
"CM002241.1.189601.189900",0,0,0,0,0
"CM002241.1.192001.192300",0,0,0,0,-2.10203230117377
"CM002241.1.192301.192600",0,0,0,0,-1.89802955208469
"CM002241.1.195301.195600",0,0,-2.58799403427429,0,-2.34469027443764
"CM002241.1.195601.195900",0,-2.02347830085602,-3.14122023189956,0,-1.50960998910659
"CM002241.1.198901.199200",0,-1.69704578121547,-2.87674800398139,0,-2.08073514572426
"CM002241.1.199201.199500",0,-2.46075792317723,-2.89819731788737,0,-1.39305023507253
"CM002241.1.199801.200100",-2.11929539594789,-2.51694221647131,-3.20599886469366,0,-1.49222879315476
"CM002241.1.201901.202200",0,0,0,0,0
"CM002241.1.202201.202500",0,0,-1.66055681739589,0,-1.70688174599919
"CM002241.1.204001.204300",0,-1.84365909647314,-1.80948338994824,0,-1.28475105187344
"CM002241.1.204301.204600",0,0,0,0,0
"CM002241.1.207901.208200",0,0,-2.07024641972716,0,-2.30573839652942
"CM002241.1.208201.208500",0,0,-2.15820830279558,0,-2.26033334228147
"CM002241.1.209101.209400",0,0,0,0,-1.73055226093952
"CM002241.1.209401.209700",0,0,0,0,-2.6114407757334
"CM002241.1.212701.213000",0,0,0,0,-2.15335584779106
"CM002241.1.217501.217800",0,0,0,0,0
"CM002241.1.217801.218100",0,0,0,0,0
"CM002241.1.237901.238200",0,0,0,0,-2.09782895835094
"CM002241.1.238201.238500",0,0,0,0,0
"CM002241.1.344101.344400",0,0,0,0,0
"CM002241.1.344401.344700",0,0,0,0,0
"CM002241.1.345901.346200",0,0,0,0,0
"CM002241.1.346201.346500",0,0,0,0,0
"CM002241.1.349801.350100",0,0,-1.79494352883983,0,0
"CM002241.1.350101.350400",0,0,0,0,1.42510150204018
"CM002241.1.353101.353400",0,0,0,0,0
"CM002241.1.354901.355200",0,0,0,0,0
"CM002241.1.355201.355500",0,0,0,0,0
"CM002241.1.358201.358500",0,0,0,0,0
"CM002241.1.392101.392400",0,0,0,0,-1.54631407572765
"CM002241.1.392401.392700",0,0,0,0,-2.11554011950249
"CM002241.1.395701.396000",0,0,0,0,-1.45599443505763
"CM002241.1.396001.396300",0,0,0,0,-1.37530990617087
"CM002241.1.413101.413400",0,0,0,0,-1.39945010835022
"CM002241.1.413401.413700",0,0,0,0,0
"CM002241.1.415201.415500",0,0,0,0,0
"CM002241.1.415501.415800",0,0,0,0,0
"CM002241.1.420901.421200",0,0,0,0,-1.66528297645174
"CM002241.1.429601.429900",0,0,0,0,-1.61931374283025
"CM002241.1.432001.432300",0,0,0,0,0
"CM002241.1.432301.432600",0,0,0,0,0
"CM002241.1.446101.446400",0,0,0,0,-1.64439432834691
"CM002241.1.448501.448800",0,0,0,0,-2.61971048327896
"CM002241.1.452701.453000",0,0,0,0,-2.35252948968348
"CM002241.1.454501.454800",0,0,0,0,-2.62702240954653
"CM002241.1.454801.455100",0,0,0,0,-1.72210803436777
"CM002241.1.456901.457200",0,0,0,0,0
"CM002241.1.460801.461100",0,0,0,0,-1.64305750207248
"CM002241.1.461101.461400",0,0,-1.80520218148028,0,-1.94563574883227
"CM002241.1.464401.464700",0,0,0,0,-1.81294760317321
"CM002241.1.466201.466500",0,0,0,0,-2.12081562344911
"CM002241.1.466501.466800",0,0,0,0,-1.67519639233537
"CM002241.1.467401.467700",0,0,0,0,-1.35745414907402
"CM002241.1.467701.468000",0,0,0,0,-1.41294267074665
"CM002241.1.473701.474000",0,0,-2.21822344558132,0,-1.98851285574846
"CM002241.1.476701.477000",0,0,0,0,-1.47238920343769
"CM002241.1.480601.480900",0,0,-1.83108333487071,0,0
"CM002241.1.3474301.3474600",0,0,0,0,0
"CM002241.1.3474601.3474900",0,0,0,0,0
"CM002241.1.3494101.3494400",0,0,0,0,-1.60184390396037
"CM002241.1.3495901.3496200",0,0,0,0,-1.98712715711169
"CM002241.1.3496201.3496500",0,0,0,0,-2.06142929969252
"CM002241.1.3497101.3497400",0,0,0,0,-1.43997495617864
"CM002241.1.3500401.3500700",0,0,-2.84160715459581,0,-1.3429105030006
"CM002241.1.3502801.3503100",0,0,0,0,0
"CM002241.1.3503101.3503400",0,0,0,0,0
"CM002241.1.3504301.3504600",0,0,0,0,0
"CM002241.1.3504601.3504900",0,0,-1.79679335090621,0,0
"CM002241.1.3504901.3505200",0,0,0,0,0
"CM002241.1.3540601.3540900",0,0,0,0,-1.80086704479923
"CM002241.1.3540901.3541200",0,0,0,0,-1.9373498040818
"CM002241.1.3542701.3543000",0,0,0,0,0
"CM002241.1.3545401.3545700",0,0,0,0,-1.78213924005343
"CM002241.1.3545701.3546000",0,0,0,0,0
"CM002241.1.3548401.3548700",0,0,0,0,0
"CM002241.1.3548701.3549000",0,0,0,0,0
"CM002241.1.3702301.3702600",0,0,0,0,0
"CM002241.1.3702601.3702900",0,0,0,0,-1.77939830245722
"CM002241.1.3708001.3708300",0,0,0,0,0
"CM002241.1.3711001.3711300",0,0,0,0,-2.38379466671936
"CM002241.1.3711301.3711600",0,0,0,0,-1.97377809843059
"CM002241.1.3713401.3713700",0,0,0,0,-2.45465061972201
"CM002241.1.3715501.3715800",0,0,0,0,-2.72464570115403
"CM002241.1.3715801.3716100",0,0,0,0,-2.33393388247174
"CM002241.1.3720301.3720600",0,0,0,0,-2.43183662104707
"CM002241.1.3720601.3720900",0,0,0,0,-2.25010439757844
"CM002241.1.3721501.3721800",0,0,0,0,0
"CM002241.1.3725101.3725400",0,0,-2.4896770370388,0,-2.14282273966565
"CM002241.1.3725401.3725700",0,0,-1.71914201066411,0,-2.50693069491485
"CM002241.1.3730201.3730500",0,0,0,0,0
"CM002241.1.3732301.3732600",0,0,0,0,-1.93140971117182
"CM002241.1.3732601.3732900",0,0,0,0,-2.27886220149525
"CM002241.1.3735001.3735300",0,0,0,0,0
"CM002241.1.3736201.3736500",0,0,0,0,0
"CM002241.1.3736501.3736800",0,0,0,0,0
"CM002241.1.3739201.3739500",0,0,0,0,0
"CM002241.1.3739501.3739800",0,0,0,0,0
"CM002241.1.3742501.3742800",0,0,0,0,-1.63212713557404
"CM002241.1.3742801.3743100",0,0,0,0,-1.55689992688015
"CM002241.1.3744001.3744300",0,0,0,0,-3.06620278496774
"CM002241.1.3744301.3744600",0,0,0,0,-1.5075867552356
"CM002241.1.3747001.3747300",0,0,-2.39279121903722,0,-2.16005203976344
"CM002241.1.3747301.3747600",0,0,-1.64189450843062,0,-2.09245490015066
"CM002241.1.3749401.3749700",0,0,-2.12630467453936,0,-1.47256546101906
"CM002241.1.3749701.3750000",0,0,-2.21454741881791,0,0
"CM002241.1.3752401.3752700",-2.37745252300274,-1.83900991350552,0,0,0
"CM002241.1.3761701.3762000",0,0,0,0,0
"CM002241.1.3762001.3762300",0,0,0,0,0
"CM002241.1.3762601.3762900",0,0,0,0,0
"CM002241.1.3764101.3764400",0,0,-1.63144757279758,0,-2.36934046150475
"CM002241.1.3772801.3773100",0,0,0,0,0
"CM002241.1.3773101.3773400",0,0,0,0,0
"CM002241.1.3777301.3777600",0,0,0,0,0
"CM002241.1.3777901.3778200",0,0,-1.76028066206439,0,-2.08220840546372
"CM002241.1.3796201.3796500",0,0,0,0,-2.1149453634455
"CM002241.1.3796501.3796800",0,0,0,0,-2.62518922860258
"CM002241.1.3798001.3798300",0,0,0,0,-1.7375101626001
"CM002241.1.3798301.3798600",0,0,0,0,-2.46799091195115
"CM002241.1.3799501.3799800",0,0,0,0,-2.32246190461972
"CM002241.1.3799801.3800100",0,0,0,0,-1.48191727052237
"CM002241.1.3802201.3802500",0,0,0,0,0
"CM002241.1.3802501.3802800",0,0,0,0,0
"CM002241.1.3803701.3804000",0,0,0,0,0
"CM002241.1.3805801.3806100",0,0,0,0,0
"CM002241.1.3806101.3806400",0,0,0,0,-1.68266108597973
"CM002241.1.3807901.3808200",0,0,0,0,0
"CM002241.1.3808801.3809100",0,0,-1.70301672565805,0,0
"CM002241.1.3809101.3809400",0,0,-1.70421267888572,0,-1.60020795929078
"CM002241.1.3812101.3812400",0,0,0,0,0
"CM002241.1.3812401.3812700",0,0,0,0,0
"CM002241.1.3827701.3828000",0,0,0,0,-2.23950458188896
"CM002241.1.3828001.3828300",0,0,0,0,-2.75301816624488
"CM002241.1.3834001.3834300",0,0,0,0,-1.4819815868576
"CM002241.1.3834301.3834600",0,0,-1.57350451355934,0,-1.41737661611466
"CM002241.1.3835801.3836100",0,0,0,0,0
"CM002241.1.3836101.3836400",0,0,0,0,2.62448128833607
"CM002241.1.3837901.3838200",0,0,-1.67429505497783,0,0
"CM002241.1.3838201.3838500",0,0,0,0,0
"CM002241.1.3889201.3889500",0,0,0,0,-1.80542089802041
"CM002241.1.3894001.3894300",0,0,0,0,0
"CM002241.1.3894301.3894600",0,0,0,0,0
"CM002241.1.3897901.3898200",0,0,0,0,0
"CM002241.1.3898201.3898500",0,0,0,0,-1.77641058380731
"CM002241.1.3899701.3900000",0,0,0,0,-2.10420704318921
"CM002241.1.4056901.4057200",0,0,0,0,-1.58105115911802
"CM002241.1.4057201.4057500",0,0,0,0,0
"CM002241.1.4144501.4144800",0,0,-1.89003852957522,0,0
"CM002241.1.4149901.4150200",0,0,0,0,0
"CM002241.1.4150201.4150500",0,0,0,0,0
"CM002241.1.4153201.4153500",0,0,0,0,0
"CM002241.1.4153501.4153800",0,0,0,0,0
"CM002241.1.4162201.4162500",0,0,0,0,0
"CM002241.1.4162501.4162800",0,0,0,0,0
"CM002242.1.2101.2400",0,0,0,0,0
"CM002242.1.2401.2700",0,0,0,0,0
"CM002242.1.4801.5100",0,0,0,0,0
"CM002242.1.5101.5400",0,0,0,0,3.27127175931092
"CM002242.1.6901.7200",0,0,0,0,0
"CM002242.1.102601.102900",0,0,0,0,0
"CM002242.1.102901.103200",0,0,0,0,0
"CM002242.1.105301.105600",0,0,0,0,0
"CM002242.1.105601.105900",0,0,0,0,-1.53352415382142
"CM002242.1.107101.107400",0,0,0,0,-1.38029825332751
"CM002242.1.107401.107700",0,0,0,0,0
"CM002242.1.109201.109500",0,0,0,0,-1.59068699679981
"CM002242.1.111301.111600",0,0,0,0,-1.48918649159467
"CM002242.1.111601.111900",0,0,0,0,-2.32940847922932
"CM002242.1.241801.242100",0,0,0,0,-2.43817813596223
"CM002242.1.243001.243300",0,0,0,0,-2.88824568044731
"CM002242.1.243301.243600",0,0,0,0,-2.10531140161427
"CM002242.1.251101.251400",0,0,0,0,-2.24954341485901
"CM002242.1.251401.251700",0,0,0,0,-2.20293343300581
"CM002242.1.255001.255300",0,0,0,0,-2.41772743294572
"CM002242.1.307201.307500",0,0,0,0,0
"CM002242.1.307501.307800",0,0,0,0,0
"CM002242.1.308401.308700",0,0,0,0,-1.39403291976626
"CM002242.1.308701.309000",0,0,0,0,0
"CM002242.1.309301.309600",0,0,0,0,-1.87985276999939
"CM002242.1.313501.313800",0,-1.76881930060352,0,0,0
"CM002242.1.313801.314100",0,-2.17133172432302,0,0,-1.99983394230979
"CM002242.1.316201.316500",0,0,0,0,0
"CM002242.1.316501.316800",0,0,0,0,0
"CM002242.1.372001.372300",0,0,-1.63879832076389,0,-1.88023563305737
"CM002242.1.372301.372600",0,0,0,0,-1.86534856514391
"CM002242.1.662101.662400",0,0,0,0,-2.15556424948623
"CM002242.1.663601.663900",0,0,0,0,-1.78476639595153
"CM002242.1.663901.664200",0,0,0,0,-2.20940662394649
"CM002242.1.666001.666300",0,0,0,0,-1.40282120792627
"CM002242.1.667501.667800",0,0,0,0,-2.29177200855252
"CM002242.1.667801.668100",0,0,0,0,-3.19779215194926
"CM002242.1.672601.672900",0,0,0,0,-2.07236862805873
"CM002242.1.675301.675600",0,0,0,0,-2.40719087098244
"CM002242.1.675601.675900",0,0,0,0,-1.74574726299603
"CM002242.1.696001.696300",0,0,0,0,-1.9783260473902
"CM002242.1.696301.696600",0,0,0,0,-2.26823206556492
"CM002242.1.700501.700800",0,0,0,0,-2.14175131814445
"CM002242.1.700801.701100",0,0,0,0,-1.7783679323999
"CM002242.1.701101.701400",0,0,0,0,-2.34800383916801
"CM002242.1.705001.705300",0,0,0,0,-2.41030067299375
"CM002242.1.706501.706800",0,-1.64289528388267,0,0,-1.92682705550549
"CM002242.1.709501.709800",0,0,0,0,-1.93497648750261
"CM002242.1.713101.713400",0,0,0,0,-2.14761651521308
"CM002242.1.714301.714600",0,0,0,0,-2.13065704305651
"CM002242.1.714601.714900",0,0,0,0,-2.55822056745147
"CM002242.1.715801.716100",0,0,0,0,-1.80701292197947
"CM002242.1.717601.717900",0,0,0,0,-2.28778525190164
"CM002242.1.717901.718200",0,0,0,0,-2.4772356306404
"CM002242.1.718801.719100",0,0,0,0,-1.96217301961341
"CM002242.1.719101.719400",0,0,0,0,-2.33927042902342
"CM002242.1.886201.886500",0,0,0,0,-1.8908705391323
"CM002242.1.886501.886800",0,0,0,0,-2.33782676615839
"CM002242.1.887701.888000",0,0,0,0,-2.16816212030988
"CM002242.1.888901.889200",0,0,0,0,-1.71195154845312
"CM002242.1.910801.911100",0,0,0,0,-1.41664972581803
"CM002242.1.912301.912600",0,0,0,0,-2.05018522381764
"CM002242.1.913801.914100",0,0,0,0,-2.75161104043139
"CM002242.1.916501.916800",0,0,0,0,-1.97562732231995
"CM002242.1.916801.917100",0,0,0,0,-1.97076466107623
"CM002242.1.917101.917400",0,0,0,0,-2.63414716482187
"CM002242.1.920401.920700",0,0,0,0,-2.00403531756638
"CM002242.1.922501.922800",0,0,0,0,-1.66784559718169
"CM002242.1.922801.923100",0,0,0,0,-2.25703862409051
"CM002242.1.923401.923700",0,0,0,0,-2.23581502410795
"CM002242.1.923701.924000",0,0,0,0,-2.16801588113956
"CM002242.1.924601.924900",0,0,0,0,-1.41139228539695
"CM002242.1.924901.925200",0,0,0,0,-2.47781543488885
"CM002242.1.927901.928200",0,0,0,0,-1.53391524420813
"CM002242.1.928201.928500",0,0,0,0,-2.61310541921152
"CM002242.1.929401.929700",0,0,0,0,-1.53016673855942
"CM002242.1.931801.932100",0,0,0,0,0
"CM002242.1.932101.932400",0,0,0,0,0
"CM002242.1.944401.944700",0,0,0,0,-2.56443942468935
"CM002242.1.946501.946800",0,0,0,0,-2.10604028286559
"CM002242.1.1346101.1346400",0,0,0,0,-1.99703257653053
"CM002242.1.1346401.1346700",0,0,0,0,-2.34860120519381
"CM002242.1.1351201.1351500",0,0,0,0,-1.98682787907597
"CM002242.1.1351501.1351800",0,0,0,0,-1.56662597231274
"CM002242.1.1353001.1353300",0,0,0,0,-1.32258234539782
"CM002242.1.1353301.1353600",0,0,0,0,-2.03647591850984
"CM002242.1.1592701.1593000",0,0,0,0,-2.88575682783699
"CM002242.1.1593001.1593300",0,0,0,0,-2.03453541367584
"CM002242.1.3651901.3652200",0,0,0,0,0
"CM002242.1.3663001.3663300",0,0,0,0,-1.80998103692698
"CM002242.1.3663301.3663600",0,0,0,0,-1.90773236418012
"CM002242.1.3673201.3673500",0,0,0,0,-2.45118795035617
"CM002242.1.3673501.3673800",0,0,0,0,0
"CM002242.1.3763201.3763500",0,0,0,0,-2.18580651518567
"CM002242.1.4108801.4109100",0,0,0,0,-2.02262046714768
"CM002242.1.4109101.4109400",0,0,0,0,-2.29435185062016
"CM002242.1.4110301.4110600",0,0,0,0,0
"CM002242.1.4110601.4110900",0,0,0,0,-1.94906986284296
"CM002242.1.4170601.4170900",0,0,0,0,0
"CM002242.1.4170901.4171200",0,0,0,0,0
"CM002242.1.4197301.4197600",0,0,0,0,-1.87363688899012
"CM002242.1.4197601.4197900",0,0,0,0,0
"CM002242.1.4202701.4203000",0,0,0,0,0
"CM002242.1.4233901.4234200",0,0,0,0,1.80516860761598
"CM002242.1.4234201.4234500",0,0,0,0,0
